groupId,userId,token
1780495115697720,30004,eyJhbGciOiJIUzM4NCJ9.eyJzdWIiOiJwZXJmX3VzZXJfMCIsInVzZXJJZCI6MzAwMDQsImlhdCI6MTc4MDQ5NTA3NiwiZXhwIjoxNzgwNTAyMjc2fQ.XVtG-VtnmfJ1wUA5BDQmKl5VVJri5gGHvFCjcHX-0CUBCM5g3UM4aL27MOB3HctX
1780495117892200,30104,eyJhbGciOiJIUzM4NCJ9.eyJzdWIiOiJwZXJmX3VzZXJfMTAwIiwidXNlcklkIjozMDEwNCwiaWF0IjoxNzgwNDk1MDc2LCJleHAiOjE3ODA1MDIyNzZ9.XBs3czHfvgDEA3OqLX-7KuNd-qXRT36XKEDIjnVo6_snm8eGMKwExECkRwaUJcVL
1780495120168279,30204,eyJhbGciOiJIUzM4NCJ9.eyJzdWIiOiJwZXJmX3VzZXJfMjAwIiwidXNlcklkIjozMDIwNCwiaWF0IjoxNzgwNDk1MDc3LCJleHAiOjE3ODA1MDIyNzd9.jKEI9Vl7pjNuFQZsMOH6usIiEDtKv9r2SlWIJWk5oCyWbiaDqM_1yfK4iCFlQY1u
1780495122399886,30304,eyJhbGciOiJIUzM4NCJ9.eyJzdWIiOiJwZXJmX3VzZXJfMzAwIiwidXNlcklkIjozMDMwNCwiaWF0IjoxNzgwNDk1MDc3LCJleHAiOjE3ODA1MDIyNzd9.c1LSH2xchLb6oMdQHNLsKV4a_xhPYbY48uU_CPTGZq2ICNGodwvw2rgPzuFV1KpD
1780495124624826,30404,eyJhbGciOiJIUzM4NCJ9.eyJzdWIiOiJwZXJmX3VzZXJfNDAwIiwidXNlcklkIjozMDQwNCwiaWF0IjoxNzgwNDk1MDc3LCJleHAiOjE3ODA1MDIyNzd9.Wu-E9k10fXfaHMoYJAztMjobGXy4a28wbgFexxmmaJ97pfRTDmgfroiqe-BuRQUY
1780495126897911,30504,eyJhbGciOiJIUzM4NCJ9.eyJzdWIiOiJwZXJmX3VzZXJfNTAwIiwidXNlcklkIjozMDUwNCwiaWF0IjoxNzgwNDk1MDc3LCJleHAiOjE3ODA1MDIyNzd9.ej-uSOwC6TwFMD7jjuVvbJwf0Mn6PkmaXri2K-5MoIPMJg6dNRKr78x9uIkQubyY
1780495129156031,30604,eyJhbGciOiJIUzM4NCJ9.eyJzdWIiOiJwZXJmX3VzZXJfNjAwIiwidXNlcklkIjozMDYwNCwiaWF0IjoxNzgwNDk1MDc3LCJleHAiOjE3ODA1MDIyNzd9.VsIaT_4lRCVM8odVyL32yIRWPFrSy-FGWQTm45Emr9Vtg6mt96ffp0sYw2fiGP2m
1780495131432629,30704,eyJhbGciOiJIUzM4NCJ9.eyJzdWIiOiJwZXJmX3VzZXJfNzAwIiwidXNlcklkIjozMDcwNCwiaWF0IjoxNzgwNDk1MDc3LCJleHAiOjE3ODA1MDIyNzd9.rG72pFFxrw1opQ1PAfWh2RdbNMmsWmQAho7ccJNGPh-ygFD9JV83r13EhBvvIDpT
1780495133685802,30804,eyJhbGciOiJIUzM4NCJ9.eyJzdWIiOiJwZXJmX3VzZXJfODAwIiwidXNlcklkIjozMDgwNCwiaWF0IjoxNzgwNDk1MDc3LCJleHAiOjE3ODA1MDIyNzd9.sfX7zSVkROQYJoXPctWNWe4ZlqcCieJSBI-veYwPSRYE0kERg8L7DUl-IrL_NyWm
1780495135919783,30904,eyJhbGciOiJIUzM4NCJ9.eyJzdWIiOiJwZXJmX3VzZXJfOTAwIiwidXNlcklkIjozMDkwNCwiaWF0IjoxNzgwNDk1MDc4LCJleHAiOjE3ODA1MDIyNzh9.RUfAaC5XGqzZxAICQvepZFZc1NHBFWQ81GpJCGVG6n-SyR21VAmcrZo4yeuHoNYt
1780495138276921,31004,eyJhbGciOiJIUzM4NCJ9.eyJzdWIiOiJwZXJmX3VzZXJfMTAwMCIsInVzZXJJZCI6MzEwMDQsImlhdCI6MTc4MDQ5NTA3OCwiZXhwIjoxNzgwNTAyMjc4fQ.2Wfe9iXfa0cBzg1Lt7Q91Z_H4xIj23thRksNLvsKH82fneA3u4GT1D8ZhJYeR1if
1780495140509003,31104,eyJhbGciOiJIUzM4NCJ9.eyJzdWIiOiJwZXJmX3VzZXJfMTEwMCIsInVzZXJJZCI6MzExMDQsImlhdCI6MTc4MDQ5NTA3OCwiZXhwIjoxNzgwNTAyMjc4fQ.J-NL32NEtYMAfRWBsRXTnmptOvLiD6co9WI71RepkW9up9w5Jyr0UzAz84T3-xzx
1780495142691200,31204,eyJhbGciOiJIUzM4NCJ9.eyJzdWIiOiJwZXJmX3VzZXJfMTIwMCIsInVzZXJJZCI6MzEyMDQsImlhdCI6MTc4MDQ5NTA3OCwiZXhwIjoxNzgwNTAyMjc4fQ.7-_nWdOSChMBiikrSQ33czzl7Q9hGLrKNeg0RR-jIvQJ81Y6tfa_d8r1U4TKKACg
1780495144893841,31304,eyJhbGciOiJIUzM4NCJ9.eyJzdWIiOiJwZXJmX3VzZXJfMTMwMCIsInVzZXJJZCI6MzEzMDQsImlhdCI6MTc4MDQ5NTA3OCwiZXhwIjoxNzgwNTAyMjc4fQ.mw71B7I6g-hDXA6ZOV3MQyse9jbuO5xA1Q5x8b-2KOzrXwxx24-6b3BS3Jac1wMu
1780495147099053,31404,eyJhbGciOiJIUzM4NCJ9.eyJzdWIiOiJwZXJmX3VzZXJfMTQwMCIsInVzZXJJZCI6MzE0MDQsImlhdCI6MTc4MDQ5NTA3OCwiZXhwIjoxNzgwNTAyMjc4fQ.VQdQ4lg0m8Lk36hMPDehdfkeO9l_E_0mW-0ND5hbzbJTT2ySybiHHsR8lbfjxo9A
1780495149376540,31504,eyJhbGciOiJIUzM4NCJ9.eyJzdWIiOiJwZXJmX3VzZXJfMTUwMCIsInVzZXJJZCI6MzE1MDQsImlhdCI6MTc4MDQ5NTA3OCwiZXhwIjoxNzgwNTAyMjc4fQ.5xpqmwquqljvIu0yMWvLw0-PpOLOvDMmcHtB5RxxgS6c7njDFsyIvgYwkIKcgv6S
1780495115697720,30005,eyJhbGciOiJIUzM4NCJ9.eyJzdWIiOiJwZXJmX3VzZXJfMSIsInVzZXJJZCI6MzAwMDUsImlhdCI6MTc4MDQ5NTA3NiwiZXhwIjoxNzgwNTAyMjc2fQ.vXOAm26PEoYqB4fbwOaMBblv3IGYOX2xKoqSUFz84Un2M2zZABr2KLYrqF3ywxQb
1780495117892200,30105,eyJhbGciOiJIUzM4NCJ9.eyJzdWIiOiJwZXJmX3VzZXJfMTAxIiwidXNlcklkIjozMDEwNSwiaWF0IjoxNzgwNDk1MDc2LCJleHAiOjE3ODA1MDIyNzZ9.W_bsFx9y_78YkUCUSv_uQvKSXPBG6kJBWhdrZqe-WZJaj4zPU2kbK_YSQNT6OtnK
1780495120168279,30205,eyJhbGciOiJIUzM4NCJ9.eyJzdWIiOiJwZXJmX3VzZXJfMjAxIiwidXNlcklkIjozMDIwNSwiaWF0IjoxNzgwNDk1MDc3LCJleHAiOjE3ODA1MDIyNzd9.RuRCYjmDaXd-0iRNWfIBsPd9nDacAtTQaRv3cJb3V8qIqjrK_C0HsqR0_M0OvMDa
1780495122399886,30305,eyJhbGciOiJIUzM4NCJ9.eyJzdWIiOiJwZXJmX3VzZXJfMzAxIiwidXNlcklkIjozMDMwNSwiaWF0IjoxNzgwNDk1MDc3LCJleHAiOjE3ODA1MDIyNzd9.y8c5wilaw7Ip1chS475Sd5rih0xmJoun2KIdz92iNlMIwJA1FMdg2iWx939BVY_A
1780495124624826,30405,eyJhbGciOiJIUzM4NCJ9.eyJzdWIiOiJwZXJmX3VzZXJfNDAxIiwidXNlcklkIjozMDQwNSwiaWF0IjoxNzgwNDk1MDc3LCJleHAiOjE3ODA1MDIyNzd9.AfJWIFXdSzWYll7yom64iWrCclCg3B9bTzm4yNv04_Hx4AMR-mtGXo6bg1uVH3Wd
1780495126897911,30505,eyJhbGciOiJIUzM4NCJ9.eyJzdWIiOiJwZXJmX3VzZXJfNTAxIiwidXNlcklkIjozMDUwNSwiaWF0IjoxNzgwNDk1MDc3LCJleHAiOjE3ODA1MDIyNzd9.Y_pEvu61KbC222y-GrnGcxrOudtwbwzBo8iX0c4Vg_DlYsZXxwEpbR5Pt5nSMYs9
1780495129156031,30605,eyJhbGciOiJIUzM4NCJ9.eyJzdWIiOiJwZXJmX3VzZXJfNjAxIiwidXNlcklkIjozMDYwNSwiaWF0IjoxNzgwNDk1MDc3LCJleHAiOjE3ODA1MDIyNzd9.lKT9iY95UXYScADGCM_81SZde-1Yxgad7lLuYjVOJN0DR1xgPHqk6pQ1vgWmtxqk
1780495131432629,30705,eyJhbGciOiJIUzM4NCJ9.eyJzdWIiOiJwZXJmX3VzZXJfNzAxIiwidXNlcklkIjozMDcwNSwiaWF0IjoxNzgwNDk1MDc3LCJleHAiOjE3ODA1MDIyNzd9.V0iixCto5mC59BdcNZfUxOVNtWwxuX6G-fp1giy8oGzzgPd9Mb2nVA_qZNDKa9yW
1780495133685802,30805,eyJhbGciOiJIUzM4NCJ9.eyJzdWIiOiJwZXJmX3VzZXJfODAxIiwidXNlcklkIjozMDgwNSwiaWF0IjoxNzgwNDk1MDc3LCJleHAiOjE3ODA1MDIyNzd9.Z7xjHUDdzkLfUtSY8aBkFAKHGXXHEydFEM9K_dddZNjpfVADWdeCG_BuhziMj75g
1780495135919783,30905,eyJhbGciOiJIUzM4NCJ9.eyJzdWIiOiJwZXJmX3VzZXJfOTAxIiwidXNlcklkIjozMDkwNSwiaWF0IjoxNzgwNDk1MDc4LCJleHAiOjE3ODA1MDIyNzh9.NkYQ4H3gNfiDDMNwOVIgRn_JC_ofyAB-Kp4lN_2SbOmKz69wd9bsYDLd9RmAHum5
1780495138276921,31005,eyJhbGciOiJIUzM4NCJ9.eyJzdWIiOiJwZXJmX3VzZXJfMTAwMSIsInVzZXJJZCI6MzEwMDUsImlhdCI6MTc4MDQ5NTA3OCwiZXhwIjoxNzgwNTAyMjc4fQ.YHUT_6eSHjsuaiXfTmp1DCq7VA9k9TN98i8N555D01BOtdvLndnqzb8SukmDyE8T
1780495140509003,31105,eyJhbGciOiJIUzM4NCJ9.eyJzdWIiOiJwZXJmX3VzZXJfMTEwMSIsInVzZXJJZCI6MzExMDUsImlhdCI6MTc4MDQ5NTA3OCwiZXhwIjoxNzgwNTAyMjc4fQ.XCtzCyZ_euDPUEU06afWJrvV2Jp0ssmK_1tzZpbtiT-SvDeIiYmqo6XlOehGbVH7
1780495142691200,31205,eyJhbGciOiJIUzM4NCJ9.eyJzdWIiOiJwZXJmX3VzZXJfMTIwMSIsInVzZXJJZCI6MzEyMDUsImlhdCI6MTc4MDQ5NTA3OCwiZXhwIjoxNzgwNTAyMjc4fQ.IGun-INFkLOTaYQWWWVXk3wS4LSwb5Mv6rfTzGqotHhOo0M2p8JDTOWHFNvIVzmM
1780495144893841,31305,eyJhbGciOiJIUzM4NCJ9.eyJzdWIiOiJwZXJmX3VzZXJfMTMwMSIsInVzZXJJZCI6MzEzMDUsImlhdCI6MTc4MDQ5NTA3OCwiZXhwIjoxNzgwNTAyMjc4fQ.2dlKqwW0PU9kGqEmUSEkGhe-qVbOHZaTguOQinzGHNyZ1LcxEQz3ggoo5fW7qJXe
1780495147099053,31405,eyJhbGciOiJIUzM4NCJ9.eyJzdWIiOiJwZXJmX3VzZXJfMTQwMSIsInVzZXJJZCI6MzE0MDUsImlhdCI6MTc4MDQ5NTA3OCwiZXhwIjoxNzgwNTAyMjc4fQ.MIbOWWJhfs4HbVVZ43KAR-kq9kPShed1ncXhiM4Wd0TFCGAax-ft22gufjHBbLkD
1780495149376540,31505,eyJhbGciOiJIUzM4NCJ9.eyJzdWIiOiJwZXJmX3VzZXJfMTUwMSIsInVzZXJJZCI6MzE1MDUsImlhdCI6MTc4MDQ5NTA3OCwiZXhwIjoxNzgwNTAyMjc4fQ.2TDP4z5ffORdz5628Zb1qAoNZ2DNn07JnETggbUHo9LOKCG6lQ6VffcdT9kXaZBv
1780495115697720,30006,eyJhbGciOiJIUzM4NCJ9.eyJzdWIiOiJwZXJmX3VzZXJfMiIsInVzZXJJZCI6MzAwMDYsImlhdCI6MTc4MDQ5NTA3NiwiZXhwIjoxNzgwNTAyMjc2fQ.12BSPegJQ0QAN2Uxj4N-31-7JmevnFstiVSmbeeB4rzY_GWPWfRL4ApCpl8Yme9g
1780495117892200,30106,eyJhbGciOiJIUzM4NCJ9.eyJzdWIiOiJwZXJmX3VzZXJfMTAyIiwidXNlcklkIjozMDEwNiwiaWF0IjoxNzgwNDk1MDc2LCJleHAiOjE3ODA1MDIyNzZ9.V8ZShSJKSMaC9DWfGibHfOJLBK1LrlP2aoRdDcoZrXYBhkEHLn-GLFxwzRonQRo4
1780495120168279,30206,eyJhbGciOiJIUzM4NCJ9.eyJzdWIiOiJwZXJmX3VzZXJfMjAyIiwidXNlcklkIjozMDIwNiwiaWF0IjoxNzgwNDk1MDc3LCJleHAiOjE3ODA1MDIyNzd9.JzLIx4XHBFvEo4FC9m4JSvGeGqzIe3xE1aZSkZ1CbgZyLGH3JDLpSk24-9Xd9COJ
1780495122399886,30306,eyJhbGciOiJIUzM4NCJ9.eyJzdWIiOiJwZXJmX3VzZXJfMzAyIiwidXNlcklkIjozMDMwNiwiaWF0IjoxNzgwNDk1MDc3LCJleHAiOjE3ODA1MDIyNzd9.mqlMDviJJAQ-KZyblS2FcUXVUqdDrdBHA-BmYkqr_yJZNi9tD2oQ_aAW1nx_Ycgt
1780495124624826,30406,eyJhbGciOiJIUzM4NCJ9.eyJzdWIiOiJwZXJmX3VzZXJfNDAyIiwidXNlcklkIjozMDQwNiwiaWF0IjoxNzgwNDk1MDc3LCJleHAiOjE3ODA1MDIyNzd9.9fnqSVPJhCdX8Rgom8Q0mobL47XSC2s2HscfOHRly3YFotn0lBpDnxDlGNhZqp1e
1780495126897911,30506,eyJhbGciOiJIUzM4NCJ9.eyJzdWIiOiJwZXJmX3VzZXJfNTAyIiwidXNlcklkIjozMDUwNiwiaWF0IjoxNzgwNDk1MDc3LCJleHAiOjE3ODA1MDIyNzd9.YpZ6FYLjgVY0sHq6q5zFLIVekn8Q5HFpNGJVEk42W_8NYxYtawXkK0HoJHTlxMw6
1780495129156031,30606,eyJhbGciOiJIUzM4NCJ9.eyJzdWIiOiJwZXJmX3VzZXJfNjAyIiwidXNlcklkIjozMDYwNiwiaWF0IjoxNzgwNDk1MDc3LCJleHAiOjE3ODA1MDIyNzd9.r8MlB2xni3FmyvLVFA7P0mLTKEvAYvQTf79j0KXT_ZwNp14J6cVIimgdVU5xAC0G
1780495131432629,30706,eyJhbGciOiJIUzM4NCJ9.eyJzdWIiOiJwZXJmX3VzZXJfNzAyIiwidXNlcklkIjozMDcwNiwiaWF0IjoxNzgwNDk1MDc3LCJleHAiOjE3ODA1MDIyNzd9.nxcEl3bgtj7CDnK0KfmOVQGUJtLlG5qY-qIO-1cMPsaagfwgR3Yv92uqqXEoXPqY
1780495133685802,30806,eyJhbGciOiJIUzM4NCJ9.eyJzdWIiOiJwZXJmX3VzZXJfODAyIiwidXNlcklkIjozMDgwNiwiaWF0IjoxNzgwNDk1MDc3LCJleHAiOjE3ODA1MDIyNzd9.I_y8Le2GS2UYA8YVqqSPZXkb9P95sTBHHtlf0qT6lCzGA3I6uxV2EYncbz6aoQI4
1780495135919783,30906,eyJhbGciOiJIUzM4NCJ9.eyJzdWIiOiJwZXJmX3VzZXJfOTAyIiwidXNlcklkIjozMDkwNiwiaWF0IjoxNzgwNDk1MDc4LCJleHAiOjE3ODA1MDIyNzh9.lxQOvz7VeDQZLirtzMG-k0kuAAitKHhl6n-whQv43pOzczD4na7nqakltAAZNgzP
1780495138276921,31006,eyJhbGciOiJIUzM4NCJ9.eyJzdWIiOiJwZXJmX3VzZXJfMTAwMiIsInVzZXJJZCI6MzEwMDYsImlhdCI6MTc4MDQ5NTA3OCwiZXhwIjoxNzgwNTAyMjc4fQ.JgmfQLiN-XghfRSAysm04BhD6oNx2ZxlCV3-dA5ojfHUWhQGf3cFGycwpy8T1lsU
1780495140509003,31106,eyJhbGciOiJIUzM4NCJ9.eyJzdWIiOiJwZXJmX3VzZXJfMTEwMiIsInVzZXJJZCI6MzExMDYsImlhdCI6MTc4MDQ5NTA3OCwiZXhwIjoxNzgwNTAyMjc4fQ.8VDxuzkkaQOQupeVIeAlJwgBW7pfkV9UE_Vu9fTIbTPZOgnIi7MqJs7Q-2snN2y6
1780495142691200,31206,eyJhbGciOiJIUzM4NCJ9.eyJzdWIiOiJwZXJmX3VzZXJfMTIwMiIsInVzZXJJZCI6MzEyMDYsImlhdCI6MTc4MDQ5NTA3OCwiZXhwIjoxNzgwNTAyMjc4fQ.R35Ze6P5oGoQb03MVam4DMUHTeoT5IBbgx1osKxlPykJXHQZzN2gzvtmBhoT1uiB
1780495144893841,31306,eyJhbGciOiJIUzM4NCJ9.eyJzdWIiOiJwZXJmX3VzZXJfMTMwMiIsInVzZXJJZCI6MzEzMDYsImlhdCI6MTc4MDQ5NTA3OCwiZXhwIjoxNzgwNTAyMjc4fQ.eVzIfTec9MHARHyulV3r6aEk9a8O67iS8mc16S2UNfT8rXoXHRbbS4IZw1VVgqfN
1780495147099053,31406,eyJhbGciOiJIUzM4NCJ9.eyJzdWIiOiJwZXJmX3VzZXJfMTQwMiIsInVzZXJJZCI6MzE0MDYsImlhdCI6MTc4MDQ5NTA3OCwiZXhwIjoxNzgwNTAyMjc4fQ.gFk9uuk9YN3DSHvtNk4fCrPfftWGV12mA2mJk6tEIgIZIp44R4tCkjXSl3E5Vk0c
1780495149376540,31506,eyJhbGciOiJIUzM4NCJ9.eyJzdWIiOiJwZXJmX3VzZXJfMTUwMiIsInVzZXJJZCI6MzE1MDYsImlhdCI6MTc4MDQ5NTA3OCwiZXhwIjoxNzgwNTAyMjc4fQ.S0FwbM2RKWkBMdfYkq-beOThk7S8pR3-Nbn8RkrZ_07EO-VeLIU8Sz06wey-LNQs
1780495115697720,30007,eyJhbGciOiJIUzM4NCJ9.eyJzdWIiOiJwZXJmX3VzZXJfMyIsInVzZXJJZCI6MzAwMDcsImlhdCI6MTc4MDQ5NTA3NiwiZXhwIjoxNzgwNTAyMjc2fQ.Px7pQxwdlMWaAfXmXvayhPRcyx01ET7xL_1Tzm_LLHm6lQyQRwpogo7bx0Inq8Ie
1780495117892200,30107,eyJhbGciOiJIUzM4NCJ9.eyJzdWIiOiJwZXJmX3VzZXJfMTAzIiwidXNlcklkIjozMDEwNywiaWF0IjoxNzgwNDk1MDc2LCJleHAiOjE3ODA1MDIyNzZ9.5NScQjEVsaEt7FLKouzfNLelHowVMQHd9id4c3QX_B2lv03dhgbyrVDW8FvAalHH
1780495120168279,30207,eyJhbGciOiJIUzM4NCJ9.eyJzdWIiOiJwZXJmX3VzZXJfMjAzIiwidXNlcklkIjozMDIwNywiaWF0IjoxNzgwNDk1MDc3LCJleHAiOjE3ODA1MDIyNzd9.BRGvEscksch65-P5XoMfLzPenF97YxajTb-PsXA9GjBZ_IPWsAGfgAQztjiy2obk
1780495122399886,30307,eyJhbGciOiJIUzM4NCJ9.eyJzdWIiOiJwZXJmX3VzZXJfMzAzIiwidXNlcklkIjozMDMwNywiaWF0IjoxNzgwNDk1MDc3LCJleHAiOjE3ODA1MDIyNzd9.4z4kYtXllSP_-HM8BZcTyJOJUktpAKvnAnWnHTQHzrzk9ZM6hXkfKcYvBD_rHCrZ
1780495124624826,30407,eyJhbGciOiJIUzM4NCJ9.eyJzdWIiOiJwZXJmX3VzZXJfNDAzIiwidXNlcklkIjozMDQwNywiaWF0IjoxNzgwNDk1MDc3LCJleHAiOjE3ODA1MDIyNzd9.OwE98bNUfmCeMSl4IYn6J93wxwPYz9uFltJylztKEHP_irXJBr77fvokaQmj-1eS
1780495126897911,30507,eyJhbGciOiJIUzM4NCJ9.eyJzdWIiOiJwZXJmX3VzZXJfNTAzIiwidXNlcklkIjozMDUwNywiaWF0IjoxNzgwNDk1MDc3LCJleHAiOjE3ODA1MDIyNzd9.GK4AfxMBI4_T-F11d0t0N3SNZh7U9VqmH70WoAO41zadxVR4C2JiVCpa7J0l3P-G
1780495129156031,30607,eyJhbGciOiJIUzM4NCJ9.eyJzdWIiOiJwZXJmX3VzZXJfNjAzIiwidXNlcklkIjozMDYwNywiaWF0IjoxNzgwNDk1MDc3LCJleHAiOjE3ODA1MDIyNzd9.vB4k-FgrbDD9QOGx05lEJOY-54rx-2w29FSTwrGydBrVqEpDTDWendq1fxSgX4o8
1780495131432629,30707,eyJhbGciOiJIUzM4NCJ9.eyJzdWIiOiJwZXJmX3VzZXJfNzAzIiwidXNlcklkIjozMDcwNywiaWF0IjoxNzgwNDk1MDc3LCJleHAiOjE3ODA1MDIyNzd9.k7k6yljSiZUP7eTpeA4GANUy4o-9bBH5oc2ATQp4ZuHKYHR0jNAWUit1HwDsctMB
1780495133685802,30807,eyJhbGciOiJIUzM4NCJ9.eyJzdWIiOiJwZXJmX3VzZXJfODAzIiwidXNlcklkIjozMDgwNywiaWF0IjoxNzgwNDk1MDc3LCJleHAiOjE3ODA1MDIyNzd9.LEa50GYV_y-tIbroM00z8Pf1EVejS1zvqCBuPAOhDvDh1oR5WGWktPlckv3ddUMS
1780495135919783,30907,eyJhbGciOiJIUzM4NCJ9.eyJzdWIiOiJwZXJmX3VzZXJfOTAzIiwidXNlcklkIjozMDkwNywiaWF0IjoxNzgwNDk1MDc4LCJleHAiOjE3ODA1MDIyNzh9.uqu-Y0Xd8GRFzv_Q4nUIzoeuZZFIF7m-4BpbDffCjlALKKrjztShTTKQU-W2P6K9
1780495138276921,31007,eyJhbGciOiJIUzM4NCJ9.eyJzdWIiOiJwZXJmX3VzZXJfMTAwMyIsInVzZXJJZCI6MzEwMDcsImlhdCI6MTc4MDQ5NTA3OCwiZXhwIjoxNzgwNTAyMjc4fQ.G4qCKCqQCAVDXlgCEmnPrxBqCN1908Hlzyt0ieQbl8g8L6gn9mGRc5dDu0tGshEn
1780495140509003,31107,eyJhbGciOiJIUzM4NCJ9.eyJzdWIiOiJwZXJmX3VzZXJfMTEwMyIsInVzZXJJZCI6MzExMDcsImlhdCI6MTc4MDQ5NTA3OCwiZXhwIjoxNzgwNTAyMjc4fQ.EpbbFF6rkyem3V9lYvbrWa0ZkPxH1KHl7eDfhkMHPhEtDvQ-MnliXwW3RsxPzIi3
1780495142691200,31207,eyJhbGciOiJIUzM4NCJ9.eyJzdWIiOiJwZXJmX3VzZXJfMTIwMyIsInVzZXJJZCI6MzEyMDcsImlhdCI6MTc4MDQ5NTA3OCwiZXhwIjoxNzgwNTAyMjc4fQ.pJS1t3CfmTQWZ4KxdObOH0ae31CJPLLrX8iL_MT5To5EK3mEWIjkko0gDvxjPjPI
1780495144893841,31307,eyJhbGciOiJIUzM4NCJ9.eyJzdWIiOiJwZXJmX3VzZXJfMTMwMyIsInVzZXJJZCI6MzEzMDcsImlhdCI6MTc4MDQ5NTA3OCwiZXhwIjoxNzgwNTAyMjc4fQ.lEa_MJX9BeMwyccLqtPCxMYnLoa3gDByy8Ca8mhyicNuygWmbbgL8LZ64_JnRGgG
1780495147099053,31407,eyJhbGciOiJIUzM4NCJ9.eyJzdWIiOiJwZXJmX3VzZXJfMTQwMyIsInVzZXJJZCI6MzE0MDcsImlhdCI6MTc4MDQ5NTA3OCwiZXhwIjoxNzgwNTAyMjc4fQ.cUKjIPJrLELuZRu9vyxapnlHOucbYX2oYalQ0z6Y2jqNZ20xDJ2L7N9hYUZHNZWM
1780495149376540,31507,eyJhbGciOiJIUzM4NCJ9.eyJzdWIiOiJwZXJmX3VzZXJfMTUwMyIsInVzZXJJZCI6MzE1MDcsImlhdCI6MTc4MDQ5NTA3OCwiZXhwIjoxNzgwNTAyMjc4fQ.FvU-FsVbjJMUDEYpafan9-6CIbHgy-6X7DR3dr5ON-tAjiFtbpY4GYqmYHYlIlST
1780495115697720,30008,eyJhbGciOiJIUzM4NCJ9.eyJzdWIiOiJwZXJmX3VzZXJfNCIsInVzZXJJZCI6MzAwMDgsImlhdCI6MTc4MDQ5NTA3NiwiZXhwIjoxNzgwNTAyMjc2fQ.Um5L9ssuFPGQMlc0RT9RibV0PoGL2hX1ip7MDMVXYmPwYUAnvNicrdVUNaXVRMf1
1780495117892200,30108,eyJhbGciOiJIUzM4NCJ9.eyJzdWIiOiJwZXJmX3VzZXJfMTA0IiwidXNlcklkIjozMDEwOCwiaWF0IjoxNzgwNDk1MDc2LCJleHAiOjE3ODA1MDIyNzZ9.jyaWKMr4yRit1LgotG8WBZ3yjO_I4sszNUsnXszYKWd7M_nCqwtXfTcqZSAVOrdf
1780495120168279,30208,eyJhbGciOiJIUzM4NCJ9.eyJzdWIiOiJwZXJmX3VzZXJfMjA0IiwidXNlcklkIjozMDIwOCwiaWF0IjoxNzgwNDk1MDc3LCJleHAiOjE3ODA1MDIyNzd9.WSCffFAn5TLlEAJ9FlKObOrJj3JNOLV_p3h9L3tLIrnEQJM5zc8bPDMDLTmUQb-9
1780495122399886,30308,eyJhbGciOiJIUzM4NCJ9.eyJzdWIiOiJwZXJmX3VzZXJfMzA0IiwidXNlcklkIjozMDMwOCwiaWF0IjoxNzgwNDk1MDc3LCJleHAiOjE3ODA1MDIyNzd9.KCxC4RKc_jjBGpJ7Og-hKmYYyDqpj8Z8F3TVM4Bc9J8lcvyHdwFp7oS65IXGNi3o
1780495124624826,30408,eyJhbGciOiJIUzM4NCJ9.eyJzdWIiOiJwZXJmX3VzZXJfNDA0IiwidXNlcklkIjozMDQwOCwiaWF0IjoxNzgwNDk1MDc3LCJleHAiOjE3ODA1MDIyNzd9.sQqkJz_Jz422Y_RuhRHcuAYH8mhEI5zzy8taKy6JY2GnXuiYJGA6hiWJyMcC8-3U
1780495126897911,30508,eyJhbGciOiJIUzM4NCJ9.eyJzdWIiOiJwZXJmX3VzZXJfNTA0IiwidXNlcklkIjozMDUwOCwiaWF0IjoxNzgwNDk1MDc3LCJleHAiOjE3ODA1MDIyNzd9.NBeGpEb9OyXQ0KCFhz7-KIQW0skFsXxOJfQ_fcD-VOTC7XRm2jwX4Ln6kZZhXuaj
1780495129156031,30608,eyJhbGciOiJIUzM4NCJ9.eyJzdWIiOiJwZXJmX3VzZXJfNjA0IiwidXNlcklkIjozMDYwOCwiaWF0IjoxNzgwNDk1MDc3LCJleHAiOjE3ODA1MDIyNzd9.ZDQ8LUbPQVeOLWx-zDJtEwgpFxwfBD-E8z25Caf0x3RHYAgvKvDH1-uvBvjW6Rcc
1780495131432629,30708,eyJhbGciOiJIUzM4NCJ9.eyJzdWIiOiJwZXJmX3VzZXJfNzA0IiwidXNlcklkIjozMDcwOCwiaWF0IjoxNzgwNDk1MDc3LCJleHAiOjE3ODA1MDIyNzd9.luQwHMYbiy6pHyeU2JruN2PkbE7nBIOYsODgCbXYX8kCCRd2yuyO2Zfa6r8BUb8X
1780495133685802,30808,eyJhbGciOiJIUzM4NCJ9.eyJzdWIiOiJwZXJmX3VzZXJfODA0IiwidXNlcklkIjozMDgwOCwiaWF0IjoxNzgwNDk1MDc3LCJleHAiOjE3ODA1MDIyNzd9.Q-lxmjtgZeH9-vOfxz441GyC3YVcdGa2vH9FjyU9SgEX8HUZDJSzj8Tzk9UKxMXm
1780495135919783,30908,eyJhbGciOiJIUzM4NCJ9.eyJzdWIiOiJwZXJmX3VzZXJfOTA0IiwidXNlcklkIjozMDkwOCwiaWF0IjoxNzgwNDk1MDc4LCJleHAiOjE3ODA1MDIyNzh9.fWo5_zkDzAhV-iVy4Lroksq5d4mHS5DixoX2tKmT0F3mm3jBOSSM3wmh8KSo9chr
1780495138276921,31008,eyJhbGciOiJIUzM4NCJ9.eyJzdWIiOiJwZXJmX3VzZXJfMTAwNCIsInVzZXJJZCI6MzEwMDgsImlhdCI6MTc4MDQ5NTA3OCwiZXhwIjoxNzgwNTAyMjc4fQ.NMGjUK-fpOWkZj7UhoefRBrqhAEtjKksCOyPa5xLZDoLTp_ij-sE5GBLHZc6_bap
1780495140509003,31108,eyJhbGciOiJIUzM4NCJ9.eyJzdWIiOiJwZXJmX3VzZXJfMTEwNCIsInVzZXJJZCI6MzExMDgsImlhdCI6MTc4MDQ5NTA3OCwiZXhwIjoxNzgwNTAyMjc4fQ.4dvOmL4r1MQO4d-jakxHvekIol5yxNaARkcicsqM2aZFD1jJy-Ca4WpfbqiWsgc5
1780495142691200,31208,eyJhbGciOiJIUzM4NCJ9.eyJzdWIiOiJwZXJmX3VzZXJfMTIwNCIsInVzZXJJZCI6MzEyMDgsImlhdCI6MTc4MDQ5NTA3OCwiZXhwIjoxNzgwNTAyMjc4fQ.UeMw7sKdP8iRyZUSRxFEW8U9LwL2Bqb6IU2DoOATv99zWj2eReLyAvQ2z8i05t40
1780495144893841,31308,eyJhbGciOiJIUzM4NCJ9.eyJzdWIiOiJwZXJmX3VzZXJfMTMwNCIsInVzZXJJZCI6MzEzMDgsImlhdCI6MTc4MDQ5NTA3OCwiZXhwIjoxNzgwNTAyMjc4fQ.vrjT3nAx7-EIEebHXjKmkNsA6Q8F8ukb3M415c04z1QyfkAVvhgnMv8QomIp1Uc5
1780495147099053,31408,eyJhbGciOiJIUzM4NCJ9.eyJzdWIiOiJwZXJmX3VzZXJfMTQwNCIsInVzZXJJZCI6MzE0MDgsImlhdCI6MTc4MDQ5NTA3OCwiZXhwIjoxNzgwNTAyMjc4fQ.4Ia6LdLdFvesOtWoKeFIF-WPDRvuHmgPdx673HQAoxqDZbQt5_2Do-LmruMWExsD
1780495149376540,31508,eyJhbGciOiJIUzM4NCJ9.eyJzdWIiOiJwZXJmX3VzZXJfMTUwNCIsInVzZXJJZCI6MzE1MDgsImlhdCI6MTc4MDQ5NTA3OCwiZXhwIjoxNzgwNTAyMjc4fQ.mUzUr86YknHZZy6PeVpl_HA6gFqBh5uySeWzMyY8SYvYFcWvgZQ4UzLEGp6fEjKy
1780495115697720,30009,eyJhbGciOiJIUzM4NCJ9.eyJzdWIiOiJwZXJmX3VzZXJfNSIsInVzZXJJZCI6MzAwMDksImlhdCI6MTc4MDQ5NTA3NiwiZXhwIjoxNzgwNTAyMjc2fQ.hfqoP2Y9vEZ2Rd9uvkRRWwttE5L5KceC0DuLSBXo_eUWzFB-T543X6MIHUy_nAEh
1780495117892200,30109,eyJhbGciOiJIUzM4NCJ9.eyJzdWIiOiJwZXJmX3VzZXJfMTA1IiwidXNlcklkIjozMDEwOSwiaWF0IjoxNzgwNDk1MDc2LCJleHAiOjE3ODA1MDIyNzZ9.QVqj6js7RZDMqQLMxLG7CJjh6HKyCCYrLBADlz9cZRS_qG7BWk2S73trCbM8_QIp
1780495120168279,30209,eyJhbGciOiJIUzM4NCJ9.eyJzdWIiOiJwZXJmX3VzZXJfMjA1IiwidXNlcklkIjozMDIwOSwiaWF0IjoxNzgwNDk1MDc3LCJleHAiOjE3ODA1MDIyNzd9.8Ut1jZ709llTTWDWwwBve8LIjenCLAW0_lNZpRxaB0uY3rnfp4XbSEZhDC6zd1BZ
1780495122399886,30309,eyJhbGciOiJIUzM4NCJ9.eyJzdWIiOiJwZXJmX3VzZXJfMzA1IiwidXNlcklkIjozMDMwOSwiaWF0IjoxNzgwNDk1MDc3LCJleHAiOjE3ODA1MDIyNzd9.9B3idq7I127j9avhBCKiFI0f1O5SheIq8IxfdG9BKhoBdlQMo7Y6nzKfPWteOQfI
1780495124624826,30409,eyJhbGciOiJIUzM4NCJ9.eyJzdWIiOiJwZXJmX3VzZXJfNDA1IiwidXNlcklkIjozMDQwOSwiaWF0IjoxNzgwNDk1MDc3LCJleHAiOjE3ODA1MDIyNzd9.0SNXJVpZl7Mj4CyvMJvefRuGyauigAz8lZiQRUN5J2WmYTWH2pqLzuA0FGAAji6Y
1780495126897911,30509,eyJhbGciOiJIUzM4NCJ9.eyJzdWIiOiJwZXJmX3VzZXJfNTA1IiwidXNlcklkIjozMDUwOSwiaWF0IjoxNzgwNDk1MDc3LCJleHAiOjE3ODA1MDIyNzd9.r7K1ZIuwPPriGzFjsKvOkJcCLltmlGs4rZGRrmMuPgO0wGiIB7Zm0ISp8A77-gFQ
1780495129156031,30609,eyJhbGciOiJIUzM4NCJ9.eyJzdWIiOiJwZXJmX3VzZXJfNjA1IiwidXNlcklkIjozMDYwOSwiaWF0IjoxNzgwNDk1MDc3LCJleHAiOjE3ODA1MDIyNzd9.iZWzsLw-TUfpFAYCmmdrc5As27ydqkuc_ScYj6yc8UNfPIxFUOtUTg5tLAaaJ4Uh
1780495131432629,30709,eyJhbGciOiJIUzM4NCJ9.eyJzdWIiOiJwZXJmX3VzZXJfNzA1IiwidXNlcklkIjozMDcwOSwiaWF0IjoxNzgwNDk1MDc3LCJleHAiOjE3ODA1MDIyNzd9.fF-x_V9AimkOlwbW1SzGOynYbqI7ZPPOPXXnLUunXvMidktWTiWjEV0UN8_uOqiS
1780495133685802,30809,eyJhbGciOiJIUzM4NCJ9.eyJzdWIiOiJwZXJmX3VzZXJfODA1IiwidXNlcklkIjozMDgwOSwiaWF0IjoxNzgwNDk1MDc3LCJleHAiOjE3ODA1MDIyNzd9.ZRZTqBWqTOtRhyILorYJJBpP9o4nfMqqeVeIaBvUgjdIcw1QfGtWEJNQUDASh-TZ
1780495135919783,30909,eyJhbGciOiJIUzM4NCJ9.eyJzdWIiOiJwZXJmX3VzZXJfOTA1IiwidXNlcklkIjozMDkwOSwiaWF0IjoxNzgwNDk1MDc4LCJleHAiOjE3ODA1MDIyNzh9.4eomr_PSkZkia7hWvHo4rx3eomjZ5lChekgiu3plACJ-Z-ib4Dd_5-W-gUj21Ioj
1780495138276921,31009,eyJhbGciOiJIUzM4NCJ9.eyJzdWIiOiJwZXJmX3VzZXJfMTAwNSIsInVzZXJJZCI6MzEwMDksImlhdCI6MTc4MDQ5NTA3OCwiZXhwIjoxNzgwNTAyMjc4fQ.tggu8zOkyjIpJq4YtLCAnaJVNNdkUnkg85B-Gm1dqeBc_6cMCheGgzDe1bqmv3HY
1780495140509003,31109,eyJhbGciOiJIUzM4NCJ9.eyJzdWIiOiJwZXJmX3VzZXJfMTEwNSIsInVzZXJJZCI6MzExMDksImlhdCI6MTc4MDQ5NTA3OCwiZXhwIjoxNzgwNTAyMjc4fQ.CnoZY85duK6sNSPitw9i1fFayuzO6tOD3yYQX7SfgqQTLS6lJOMmbrVujR0pfh4z
1780495142691200,31209,eyJhbGciOiJIUzM4NCJ9.eyJzdWIiOiJwZXJmX3VzZXJfMTIwNSIsInVzZXJJZCI6MzEyMDksImlhdCI6MTc4MDQ5NTA3OCwiZXhwIjoxNzgwNTAyMjc4fQ._AqRha0X-JmjmNOmO0TfcvnBfXuqSTkzR_Ov8q1T-damTgEHoh57gSkiACQGmI9v
1780495144893841,31309,eyJhbGciOiJIUzM4NCJ9.eyJzdWIiOiJwZXJmX3VzZXJfMTMwNSIsInVzZXJJZCI6MzEzMDksImlhdCI6MTc4MDQ5NTA3OCwiZXhwIjoxNzgwNTAyMjc4fQ.UZ3gI4SZRMsTDhr8AesltpzElePb7YHppFV48V-SaOHsS_HuNHrUM2THS62lMfOJ
1780495147099053,31409,eyJhbGciOiJIUzM4NCJ9.eyJzdWIiOiJwZXJmX3VzZXJfMTQwNSIsInVzZXJJZCI6MzE0MDksImlhdCI6MTc4MDQ5NTA3OCwiZXhwIjoxNzgwNTAyMjc4fQ.jI-w8zLLmXq7dMW_ugXIQB5pkNZJ4HOXioNDY6RBHWzS1Z_JoTd9-W2poKMdXG43
1780495149376540,31509,eyJhbGciOiJIUzM4NCJ9.eyJzdWIiOiJwZXJmX3VzZXJfMTUwNSIsInVzZXJJZCI6MzE1MDksImlhdCI6MTc4MDQ5NTA3OCwiZXhwIjoxNzgwNTAyMjc4fQ.NrKpL_roSdfN218XisZ_cRClG-KKneqHVBd6Vv4lcIvs_I7_pXbLM7Iaup4xjWec
1780495115697720,30010,eyJhbGciOiJIUzM4NCJ9.eyJzdWIiOiJwZXJmX3VzZXJfNiIsInVzZXJJZCI6MzAwMTAsImlhdCI6MTc4MDQ5NTA3NiwiZXhwIjoxNzgwNTAyMjc2fQ.L7wyJLRRbnwLYsuXhx7kncSZO8kNsq1Xdoi1tIYJUdjt53Kuo22W5yLFlaUf-csI
1780495117892200,30110,eyJhbGciOiJIUzM4NCJ9.eyJzdWIiOiJwZXJmX3VzZXJfMTA2IiwidXNlcklkIjozMDExMCwiaWF0IjoxNzgwNDk1MDc2LCJleHAiOjE3ODA1MDIyNzZ9.SElYtVThp0uMfh8j-WXksNgfxXNzki0gii4pfqm_eA6LzyofAdaET-y8Xb2aAUFC
1780495120168279,30210,eyJhbGciOiJIUzM4NCJ9.eyJzdWIiOiJwZXJmX3VzZXJfMjA2IiwidXNlcklkIjozMDIxMCwiaWF0IjoxNzgwNDk1MDc3LCJleHAiOjE3ODA1MDIyNzd9.gjrwHJTyx5KNNs8-nu-H3rbMzsqQKTXTz0uA5IgJXx3d4UaLsy9u8P18SQ3ZrASq
1780495122399886,30310,eyJhbGciOiJIUzM4NCJ9.eyJzdWIiOiJwZXJmX3VzZXJfMzA2IiwidXNlcklkIjozMDMxMCwiaWF0IjoxNzgwNDk1MDc3LCJleHAiOjE3ODA1MDIyNzd9.93PW9HUSAQZUnPjbdcsoqZNLAjiCYu8_5KcPkrpmrXLdjs7xytsNfXYA8XEy6-rI
1780495124624826,30410,eyJhbGciOiJIUzM4NCJ9.eyJzdWIiOiJwZXJmX3VzZXJfNDA2IiwidXNlcklkIjozMDQxMCwiaWF0IjoxNzgwNDk1MDc3LCJleHAiOjE3ODA1MDIyNzd9.bOFXZouQxs-N26SLSeIfUF6VXVAOzATz6A8O6LAE2XERQ6oAHo-JPkfgxT9V9_ih
1780495126897911,30510,eyJhbGciOiJIUzM4NCJ9.eyJzdWIiOiJwZXJmX3VzZXJfNTA2IiwidXNlcklkIjozMDUxMCwiaWF0IjoxNzgwNDk1MDc3LCJleHAiOjE3ODA1MDIyNzd9.Y_RIw41z7kzx6uCwMmX0a03OoM0poLluJHtQzaSD15ODxFTEuyMI2yV1MY5JlpVU
1780495129156031,30610,eyJhbGciOiJIUzM4NCJ9.eyJzdWIiOiJwZXJmX3VzZXJfNjA2IiwidXNlcklkIjozMDYxMCwiaWF0IjoxNzgwNDk1MDc3LCJleHAiOjE3ODA1MDIyNzd9.O8OL9vROvATP-Cgm8nz4yZ4ufnJ4a2k-iaxsDVvfeJYs2lnOq4_oZehNo3pprEDi
1780495131432629,30710,eyJhbGciOiJIUzM4NCJ9.eyJzdWIiOiJwZXJmX3VzZXJfNzA2IiwidXNlcklkIjozMDcxMCwiaWF0IjoxNzgwNDk1MDc3LCJleHAiOjE3ODA1MDIyNzd9.SMxYcMGWFeZ5TLKcuxucguzqqUQJ3PW4TYEZ4vQ9Cnz_fNVAJSbEUgNsUHo8n78h
1780495133685802,30810,eyJhbGciOiJIUzM4NCJ9.eyJzdWIiOiJwZXJmX3VzZXJfODA2IiwidXNlcklkIjozMDgxMCwiaWF0IjoxNzgwNDk1MDc3LCJleHAiOjE3ODA1MDIyNzd9.Qa29rbm7bW3Zne18IvZdOWX3qtSduHBis396tNf1tN1yKKpQ6JY72xnx8l85FHLg
1780495135919783,30910,eyJhbGciOiJIUzM4NCJ9.eyJzdWIiOiJwZXJmX3VzZXJfOTA2IiwidXNlcklkIjozMDkxMCwiaWF0IjoxNzgwNDk1MDc4LCJleHAiOjE3ODA1MDIyNzh9.hXsia6NiMG85hhlTSFQZ5KD3rvgdUM1JW8xeIfFnNEy8i53QkMirCbJ0UgxtyTSg
1780495138276921,31010,eyJhbGciOiJIUzM4NCJ9.eyJzdWIiOiJwZXJmX3VzZXJfMTAwNiIsInVzZXJJZCI6MzEwMTAsImlhdCI6MTc4MDQ5NTA3OCwiZXhwIjoxNzgwNTAyMjc4fQ.Y8pzrZ-W1TvDMtwU1cOp_jKtS5w9Zs7nKsAv5HhfQWZ-OSF_uq6h2TJgdijjkZ3d
1780495140509003,31110,eyJhbGciOiJIUzM4NCJ9.eyJzdWIiOiJwZXJmX3VzZXJfMTEwNiIsInVzZXJJZCI6MzExMTAsImlhdCI6MTc4MDQ5NTA3OCwiZXhwIjoxNzgwNTAyMjc4fQ.bNX0gtNSQA9FtMJmR8YYu5SEz5YDPey7wxEpvZpQNkZv8FV4HruQVO2Oz4h_eOXk
1780495142691200,31210,eyJhbGciOiJIUzM4NCJ9.eyJzdWIiOiJwZXJmX3VzZXJfMTIwNiIsInVzZXJJZCI6MzEyMTAsImlhdCI6MTc4MDQ5NTA3OCwiZXhwIjoxNzgwNTAyMjc4fQ.q03u9SZLZeWZqesy00LXHQeI3q-7lGrk4uez_hccrFC5yoxfReKzS03uayQDws78
1780495144893841,31310,eyJhbGciOiJIUzM4NCJ9.eyJzdWIiOiJwZXJmX3VzZXJfMTMwNiIsInVzZXJJZCI6MzEzMTAsImlhdCI6MTc4MDQ5NTA3OCwiZXhwIjoxNzgwNTAyMjc4fQ.Fs5x6fV6VE2k1sy9NlS9egDBl8Rfp0_YJrngDa-sYQn0VS9KHdfmauiaaBdj_F0u
1780495147099053,31410,eyJhbGciOiJIUzM4NCJ9.eyJzdWIiOiJwZXJmX3VzZXJfMTQwNiIsInVzZXJJZCI6MzE0MTAsImlhdCI6MTc4MDQ5NTA3OCwiZXhwIjoxNzgwNTAyMjc4fQ.wiv6rtS9d5PwffpomEOv3USOuxlDiDqFRRsgO4tw2RYwoQzIv91Cm0oSrJOHBPJc
1780495149376540,31510,eyJhbGciOiJIUzM4NCJ9.eyJzdWIiOiJwZXJmX3VzZXJfMTUwNiIsInVzZXJJZCI6MzE1MTAsImlhdCI6MTc4MDQ5NTA3OCwiZXhwIjoxNzgwNTAyMjc4fQ.gj9uqHsyjFVvd-sq_555R9DbAdFXOJMudlRKiRSVv1YrWl8Mal8266ukVr_hIusz
1780495115697720,30011,eyJhbGciOiJIUzM4NCJ9.eyJzdWIiOiJwZXJmX3VzZXJfNyIsInVzZXJJZCI6MzAwMTEsImlhdCI6MTc4MDQ5NTA3NiwiZXhwIjoxNzgwNTAyMjc2fQ.hDhuZZHSpriJX4ZgekFjd8HbLG2DCDoYVBJ-BYc4jb5yjOErzh5t8_4O096f3st9
1780495117892200,30111,eyJhbGciOiJIUzM4NCJ9.eyJzdWIiOiJwZXJmX3VzZXJfMTA3IiwidXNlcklkIjozMDExMSwiaWF0IjoxNzgwNDk1MDc2LCJleHAiOjE3ODA1MDIyNzZ9.90tjarGO2VnajuJ7kkjsWWGJIO1sd0_X85yKuN3H31LnK3RSWs7NEkpOIlfrB_BE
1780495120168279,30211,eyJhbGciOiJIUzM4NCJ9.eyJzdWIiOiJwZXJmX3VzZXJfMjA3IiwidXNlcklkIjozMDIxMSwiaWF0IjoxNzgwNDk1MDc3LCJleHAiOjE3ODA1MDIyNzd9.SKNtgnUKkk6wNx5ZXa_587rHeuX-JHtMyMbDk9M6cP43xG4eTnR6w07H0paFJUqd
1780495122399886,30311,eyJhbGciOiJIUzM4NCJ9.eyJzdWIiOiJwZXJmX3VzZXJfMzA3IiwidXNlcklkIjozMDMxMSwiaWF0IjoxNzgwNDk1MDc3LCJleHAiOjE3ODA1MDIyNzd9.H-N1KCE_txN8oXfpKun7dT-xQ9joy9eMeWlPVwYVmoyX53z2cGIWTQzf2rGMNeuW
1780495124624826,30411,eyJhbGciOiJIUzM4NCJ9.eyJzdWIiOiJwZXJmX3VzZXJfNDA3IiwidXNlcklkIjozMDQxMSwiaWF0IjoxNzgwNDk1MDc3LCJleHAiOjE3ODA1MDIyNzd9.jJuBppYSbzclmz0QIPh053zx217R-js0HzP7yYaHnrnXrqKAtC47S0lF4O18vQ4Y
1780495126897911,30511,eyJhbGciOiJIUzM4NCJ9.eyJzdWIiOiJwZXJmX3VzZXJfNTA3IiwidXNlcklkIjozMDUxMSwiaWF0IjoxNzgwNDk1MDc3LCJleHAiOjE3ODA1MDIyNzd9.24owvZ7fQVmoxbwRkOV5jZDqB-y_RfRCbVFlmATHffF7uYKL2lRzczaVQyEAkMvv
1780495129156031,30611,eyJhbGciOiJIUzM4NCJ9.eyJzdWIiOiJwZXJmX3VzZXJfNjA3IiwidXNlcklkIjozMDYxMSwiaWF0IjoxNzgwNDk1MDc3LCJleHAiOjE3ODA1MDIyNzd9.8XDbLbb6OsIATy8OlRa5Lf_txEc-dz0OXOjgHDSlDk0FO3T3T10v3m2PPXbOoGHI
1780495131432629,30711,eyJhbGciOiJIUzM4NCJ9.eyJzdWIiOiJwZXJmX3VzZXJfNzA3IiwidXNlcklkIjozMDcxMSwiaWF0IjoxNzgwNDk1MDc3LCJleHAiOjE3ODA1MDIyNzd9.wjmF1JNFYYlFGjbWKaEgpQLleA2dNm6BkN-K3IwMgqkvbi2ZoH_II8m5HZCwxdZN
1780495133685802,30811,eyJhbGciOiJIUzM4NCJ9.eyJzdWIiOiJwZXJmX3VzZXJfODA3IiwidXNlcklkIjozMDgxMSwiaWF0IjoxNzgwNDk1MDc3LCJleHAiOjE3ODA1MDIyNzd9.7wNDqcpTrXWH_8Y-hW9YAXId3Kxh0l8WQrPLhffaE-SUvj3HO606Zvu-EQmGe3BY
1780495135919783,30911,eyJhbGciOiJIUzM4NCJ9.eyJzdWIiOiJwZXJmX3VzZXJfOTA3IiwidXNlcklkIjozMDkxMSwiaWF0IjoxNzgwNDk1MDc4LCJleHAiOjE3ODA1MDIyNzh9.KL9wBtUcLZKT3J_Pxxih_YUNJVs38GrphFVarVgff7_rz6XvaOxh_pIPumexU7yw
1780495138276921,31011,eyJhbGciOiJIUzM4NCJ9.eyJzdWIiOiJwZXJmX3VzZXJfMTAwNyIsInVzZXJJZCI6MzEwMTEsImlhdCI6MTc4MDQ5NTA3OCwiZXhwIjoxNzgwNTAyMjc4fQ.H24F7MDnTRddqsh0UncrbDMo3KBpg8a3GIf6k1eZtegCKn2DIISrcFmQGNiKqOct
1780495140509003,31111,eyJhbGciOiJIUzM4NCJ9.eyJzdWIiOiJwZXJmX3VzZXJfMTEwNyIsInVzZXJJZCI6MzExMTEsImlhdCI6MTc4MDQ5NTA3OCwiZXhwIjoxNzgwNTAyMjc4fQ.GfZ07rkkzAnvIs8H-dLe75eNbO-lRIdgBKO0HBRPeWEIZFpMKzCkTp0WUoLR5sXU
1780495142691200,31211,eyJhbGciOiJIUzM4NCJ9.eyJzdWIiOiJwZXJmX3VzZXJfMTIwNyIsInVzZXJJZCI6MzEyMTEsImlhdCI6MTc4MDQ5NTA3OCwiZXhwIjoxNzgwNTAyMjc4fQ.bsmRNefpKMdBHXvsfCGP1_9zSIGJBl98grNVPb6FSVBIzKiaIZeum_WvOSSF_DbN
1780495144893841,31311,eyJhbGciOiJIUzM4NCJ9.eyJzdWIiOiJwZXJmX3VzZXJfMTMwNyIsInVzZXJJZCI6MzEzMTEsImlhdCI6MTc4MDQ5NTA3OCwiZXhwIjoxNzgwNTAyMjc4fQ.QI4nOhtscHRAexyjEWIfdITRmpXJmsN1uVm_l78T4jSkGfDX5EF1y-eoAMq2BblD
1780495147099053,31411,eyJhbGciOiJIUzM4NCJ9.eyJzdWIiOiJwZXJmX3VzZXJfMTQwNyIsInVzZXJJZCI6MzE0MTEsImlhdCI6MTc4MDQ5NTA3OCwiZXhwIjoxNzgwNTAyMjc4fQ.zi5j2EkVUFseTwhLSErpltpo0SB6kIBlkk7lAQ3IXA-5r080T8B85hEyTP3Drl8x
1780495149376540,31511,eyJhbGciOiJIUzM4NCJ9.eyJzdWIiOiJwZXJmX3VzZXJfMTUwNyIsInVzZXJJZCI6MzE1MTEsImlhdCI6MTc4MDQ5NTA3OCwiZXhwIjoxNzgwNTAyMjc4fQ.gYV-k5aHI5TopyM2QxUC2QgX6dJ8vs_B6u3cATSAe7wgTGqAZW0jAS2spuPfC0pu
1780495115697720,30012,eyJhbGciOiJIUzM4NCJ9.eyJzdWIiOiJwZXJmX3VzZXJfOCIsInVzZXJJZCI6MzAwMTIsImlhdCI6MTc4MDQ5NTA3NiwiZXhwIjoxNzgwNTAyMjc2fQ.Ku70sOcjLeMXlCs2s-HBny0tzwS72uA52ZTPzAg99V5ik6CsejSadFjXPntvmodO
1780495117892200,30112,eyJhbGciOiJIUzM4NCJ9.eyJzdWIiOiJwZXJmX3VzZXJfMTA4IiwidXNlcklkIjozMDExMiwiaWF0IjoxNzgwNDk1MDc2LCJleHAiOjE3ODA1MDIyNzZ9.AD7dKte6ZGnBsOSlL2kQPop2UxjsiXhXzAElri4UyV2OqwNqwe2mFNWHBWrAy6y5
1780495120168279,30212,eyJhbGciOiJIUzM4NCJ9.eyJzdWIiOiJwZXJmX3VzZXJfMjA4IiwidXNlcklkIjozMDIxMiwiaWF0IjoxNzgwNDk1MDc3LCJleHAiOjE3ODA1MDIyNzd9.fRtUU-Mq8e6KkkaLywwY8hGYrF_q_fRgNUTwIyy2cmMqFusV2KURbLviLakcQnFg
1780495122399886,30312,eyJhbGciOiJIUzM4NCJ9.eyJzdWIiOiJwZXJmX3VzZXJfMzA4IiwidXNlcklkIjozMDMxMiwiaWF0IjoxNzgwNDk1MDc3LCJleHAiOjE3ODA1MDIyNzd9.aLa4sy_7XlUdPj8QXqwnBbH8ljOeH62XLp6IBPXm3S-o6me0RqDHAcraMg6W73El
1780495124624826,30412,eyJhbGciOiJIUzM4NCJ9.eyJzdWIiOiJwZXJmX3VzZXJfNDA4IiwidXNlcklkIjozMDQxMiwiaWF0IjoxNzgwNDk1MDc3LCJleHAiOjE3ODA1MDIyNzd9.ce5ffkyuEK7Rk7NLyATGYkEA2a-q3N0n5XcqzWQWid6-6vIJUl0_ISWkm3lFDecB
1780495126897911,30512,eyJhbGciOiJIUzM4NCJ9.eyJzdWIiOiJwZXJmX3VzZXJfNTA4IiwidXNlcklkIjozMDUxMiwiaWF0IjoxNzgwNDk1MDc3LCJleHAiOjE3ODA1MDIyNzd9.CgdlxsMxjUU9QKdHgAcunfqf9rjUQwslIqpzoUD4kHLoF2xYyuhbHImil1T3aYko
1780495129156031,30612,eyJhbGciOiJIUzM4NCJ9.eyJzdWIiOiJwZXJmX3VzZXJfNjA4IiwidXNlcklkIjozMDYxMiwiaWF0IjoxNzgwNDk1MDc3LCJleHAiOjE3ODA1MDIyNzd9.yfC67PLlzusbFJ-yURJxkT-BCzP96XSKjwfiGIH5wxVSy3YtKfzmKGjSoNW4_sde
1780495131432629,30712,eyJhbGciOiJIUzM4NCJ9.eyJzdWIiOiJwZXJmX3VzZXJfNzA4IiwidXNlcklkIjozMDcxMiwiaWF0IjoxNzgwNDk1MDc3LCJleHAiOjE3ODA1MDIyNzd9.oQm7jDAIdfq0YXhmNOvKdPcnj7qomojc8z3O2JBeSklmO9VGbIHSJ5pVSAiyYyub
1780495133685802,30812,eyJhbGciOiJIUzM4NCJ9.eyJzdWIiOiJwZXJmX3VzZXJfODA4IiwidXNlcklkIjozMDgxMiwiaWF0IjoxNzgwNDk1MDc3LCJleHAiOjE3ODA1MDIyNzd9.ryMrjELwq4NZTTQJ1WrF4SPwRMuUEGV_TnleI-zQQqgLGWg-q1KXEN9eblAjz2nI
1780495135919783,30912,eyJhbGciOiJIUzM4NCJ9.eyJzdWIiOiJwZXJmX3VzZXJfOTA4IiwidXNlcklkIjozMDkxMiwiaWF0IjoxNzgwNDk1MDc4LCJleHAiOjE3ODA1MDIyNzh9.oMs3shaOqpB9whwKSPScyOVyZCOM1P4or6lfOBwC2GhQONea2ehOFto-BatZKo3d
1780495138276921,31012,eyJhbGciOiJIUzM4NCJ9.eyJzdWIiOiJwZXJmX3VzZXJfMTAwOCIsInVzZXJJZCI6MzEwMTIsImlhdCI6MTc4MDQ5NTA3OCwiZXhwIjoxNzgwNTAyMjc4fQ.AlrI3aFPvHFL9BpKzwzEhbAe7Ja4pOmKMtj2p80D10u1arTxE_9ysBSwoVdk1TWo
1780495140509003,31112,eyJhbGciOiJIUzM4NCJ9.eyJzdWIiOiJwZXJmX3VzZXJfMTEwOCIsInVzZXJJZCI6MzExMTIsImlhdCI6MTc4MDQ5NTA3OCwiZXhwIjoxNzgwNTAyMjc4fQ.zU45Wsu3YkTUSd54EnA_VIES3rn69kAXjJaOFVlCE1dbPWFCmQT4OOlo6Ue0OkfY
1780495142691200,31212,eyJhbGciOiJIUzM4NCJ9.eyJzdWIiOiJwZXJmX3VzZXJfMTIwOCIsInVzZXJJZCI6MzEyMTIsImlhdCI6MTc4MDQ5NTA3OCwiZXhwIjoxNzgwNTAyMjc4fQ.UK9yV8MB_tgxSNJCz2WQHgaMdpwzlLJPPNpjrsd9kWLoy96juBknlbjOxVRy07h6
1780495144893841,31312,eyJhbGciOiJIUzM4NCJ9.eyJzdWIiOiJwZXJmX3VzZXJfMTMwOCIsInVzZXJJZCI6MzEzMTIsImlhdCI6MTc4MDQ5NTA3OCwiZXhwIjoxNzgwNTAyMjc4fQ.Lf5NTVcY-Jbi-ALOLec9rLqkBLfHsR9XO6W06LYogJR1FALKYbFPc-GT5dqv6RcV
1780495147099053,31412,eyJhbGciOiJIUzM4NCJ9.eyJzdWIiOiJwZXJmX3VzZXJfMTQwOCIsInVzZXJJZCI6MzE0MTIsImlhdCI6MTc4MDQ5NTA3OCwiZXhwIjoxNzgwNTAyMjc4fQ.f2PZeJAE6Q2Ra0ndVsGH0FroH-5odIYf6CLurThASpWKO-t_v8YGGOiVIl_RSP6E
1780495149376540,31512,eyJhbGciOiJIUzM4NCJ9.eyJzdWIiOiJwZXJmX3VzZXJfMTUwOCIsInVzZXJJZCI6MzE1MTIsImlhdCI6MTc4MDQ5NTA3OCwiZXhwIjoxNzgwNTAyMjc4fQ.Lr_xymzvqvxnFjFrUisUnagsXxt39kTZDWo1oEHqvniYtPenprqIDJ74JER9B-oz
1780495115697720,30013,eyJhbGciOiJIUzM4NCJ9.eyJzdWIiOiJwZXJmX3VzZXJfOSIsInVzZXJJZCI6MzAwMTMsImlhdCI6MTc4MDQ5NTA3NiwiZXhwIjoxNzgwNTAyMjc2fQ.8r6Stzzxd59KQpAWC8kNCLDngrckAD2cl0eq1Mu1Gz89O4zZRlW4NjCr7EvAFscv
1780495117892200,30113,eyJhbGciOiJIUzM4NCJ9.eyJzdWIiOiJwZXJmX3VzZXJfMTA5IiwidXNlcklkIjozMDExMywiaWF0IjoxNzgwNDk1MDc2LCJleHAiOjE3ODA1MDIyNzZ9.XJAGVpWxXfZFzWx3__pyATaOpj38fyuFxP2dmCh0N-ItplLFyUGoyzLZEVgwAv8q
1780495120168279,30213,eyJhbGciOiJIUzM4NCJ9.eyJzdWIiOiJwZXJmX3VzZXJfMjA5IiwidXNlcklkIjozMDIxMywiaWF0IjoxNzgwNDk1MDc3LCJleHAiOjE3ODA1MDIyNzd9.QOPyB61bLNaCbFWJF4-xhjo_iNj7lVhQp71VSBDgVWQJsweOxq5HkSwt8kiEn7BD
1780495122399886,30313,eyJhbGciOiJIUzM4NCJ9.eyJzdWIiOiJwZXJmX3VzZXJfMzA5IiwidXNlcklkIjozMDMxMywiaWF0IjoxNzgwNDk1MDc3LCJleHAiOjE3ODA1MDIyNzd9.BDVs4lxaRqYDmrkItl3eNffxu1U-CQLt5NDmxYgBShCgAFiv5wqRifc35eu2pnrR
1780495124624826,30413,eyJhbGciOiJIUzM4NCJ9.eyJzdWIiOiJwZXJmX3VzZXJfNDA5IiwidXNlcklkIjozMDQxMywiaWF0IjoxNzgwNDk1MDc3LCJleHAiOjE3ODA1MDIyNzd9.weYwBEfpoinciuGaigdWEbEMLJONV97fVNNPBOVKYWjlIxlebtUkUs7KnIHxc9n8
1780495126897911,30513,eyJhbGciOiJIUzM4NCJ9.eyJzdWIiOiJwZXJmX3VzZXJfNTA5IiwidXNlcklkIjozMDUxMywiaWF0IjoxNzgwNDk1MDc3LCJleHAiOjE3ODA1MDIyNzd9.sYn-HRRhXH9iRXP6igXN9Lvw4WCzOn4J7EXuGMBFLVlc7CHf8r2BrdVQKncMrIg_
1780495129156031,30613,eyJhbGciOiJIUzM4NCJ9.eyJzdWIiOiJwZXJmX3VzZXJfNjA5IiwidXNlcklkIjozMDYxMywiaWF0IjoxNzgwNDk1MDc3LCJleHAiOjE3ODA1MDIyNzd9.shI8JxBhjtM8X5ms0-s1eekYcgoaK1diTW17AiqRzPIiy1q1WtsAu54noJU2mw1g
1780495131432629,30713,eyJhbGciOiJIUzM4NCJ9.eyJzdWIiOiJwZXJmX3VzZXJfNzA5IiwidXNlcklkIjozMDcxMywiaWF0IjoxNzgwNDk1MDc3LCJleHAiOjE3ODA1MDIyNzd9.tXqZ9Ee56QifWsPOi9Bhps13sdp5J7RzIBz-rrfKXKu3SQ8VKqXNMb_T5uBoujPN
1780495133685802,30813,eyJhbGciOiJIUzM4NCJ9.eyJzdWIiOiJwZXJmX3VzZXJfODA5IiwidXNlcklkIjozMDgxMywiaWF0IjoxNzgwNDk1MDc3LCJleHAiOjE3ODA1MDIyNzd9.vMPDN1QnGEH5daiNr-Xg9aLGYuh2ga1wp-t8IzqEMbHqjZLFCAUBUqVDrETMKm-2
1780495135919783,30913,eyJhbGciOiJIUzM4NCJ9.eyJzdWIiOiJwZXJmX3VzZXJfOTA5IiwidXNlcklkIjozMDkxMywiaWF0IjoxNzgwNDk1MDc4LCJleHAiOjE3ODA1MDIyNzh9.Pnrgzs9GUoHMt1hSdx8SxAd_V-8veKLrvGO06OmibyYo9oiACWrCARVh0AGgqFeU
1780495138276921,31013,eyJhbGciOiJIUzM4NCJ9.eyJzdWIiOiJwZXJmX3VzZXJfMTAwOSIsInVzZXJJZCI6MzEwMTMsImlhdCI6MTc4MDQ5NTA3OCwiZXhwIjoxNzgwNTAyMjc4fQ.Pct-AVyHJFQ39sNHoHOTwTDbCO0q_UDxVve8ssXwQ8dw88oDW-G9eOrln1qgy5ib
1780495140509003,31113,eyJhbGciOiJIUzM4NCJ9.eyJzdWIiOiJwZXJmX3VzZXJfMTEwOSIsInVzZXJJZCI6MzExMTMsImlhdCI6MTc4MDQ5NTA3OCwiZXhwIjoxNzgwNTAyMjc4fQ.0K-lGy0Cm9eDcGee2zmAZWax7fLRuuHnU_RLVoU-Is1oiESVYFf1xTUp24vKre7f
1780495142691200,31213,eyJhbGciOiJIUzM4NCJ9.eyJzdWIiOiJwZXJmX3VzZXJfMTIwOSIsInVzZXJJZCI6MzEyMTMsImlhdCI6MTc4MDQ5NTA3OCwiZXhwIjoxNzgwNTAyMjc4fQ.80GH285yDpZ3Ttcn8AVbZElZDpUaqOv02tyh2RFqRyhE6oxJiNJQGmx1eOe1Yy5J
1780495144893841,31313,eyJhbGciOiJIUzM4NCJ9.eyJzdWIiOiJwZXJmX3VzZXJfMTMwOSIsInVzZXJJZCI6MzEzMTMsImlhdCI6MTc4MDQ5NTA3OCwiZXhwIjoxNzgwNTAyMjc4fQ.HcMfWxVw0wLONOLGBzeC39HVVA9LjJ7AUiV8GYmzlkbM2n9CKPlB5I-jbWiyR9Yu
1780495147099053,31413,eyJhbGciOiJIUzM4NCJ9.eyJzdWIiOiJwZXJmX3VzZXJfMTQwOSIsInVzZXJJZCI6MzE0MTMsImlhdCI6MTc4MDQ5NTA3OCwiZXhwIjoxNzgwNTAyMjc4fQ.qjJVv8JEJ73_h6AeOBHM40n0ovXDY6hcgpwMGsSEGlbEvKb4HzDqCYOQCE4jnaFb
1780495149376540,31513,eyJhbGciOiJIUzM4NCJ9.eyJzdWIiOiJwZXJmX3VzZXJfMTUwOSIsInVzZXJJZCI6MzE1MTMsImlhdCI6MTc4MDQ5NTA3OCwiZXhwIjoxNzgwNTAyMjc4fQ.F1nDa5KmNawAjGjUZ7MW4sU-r7N8WNdhKbGBk2-0fJkUpN48DWhAAhmoIAyZNhlk
1780495115697720,30014,eyJhbGciOiJIUzM4NCJ9.eyJzdWIiOiJwZXJmX3VzZXJfMTAiLCJ1c2VySWQiOjMwMDE0LCJpYXQiOjE3ODA0OTUwNzYsImV4cCI6MTc4MDUwMjI3Nn0.1vgLoh3F2NJnjottHwN8WqTzir1te0gQXztIarhhRFuY3tv6UcfUWYxxXn2DVAm_
1780495117892200,30114,eyJhbGciOiJIUzM4NCJ9.eyJzdWIiOiJwZXJmX3VzZXJfMTEwIiwidXNlcklkIjozMDExNCwiaWF0IjoxNzgwNDk1MDc2LCJleHAiOjE3ODA1MDIyNzZ9.lSKfaU8bZNjg0OoLD_BC7euXw3gbzy8g9meLdxvcr_tcKElk8XNaESe7laVkMQht
1780495120168279,30214,eyJhbGciOiJIUzM4NCJ9.eyJzdWIiOiJwZXJmX3VzZXJfMjEwIiwidXNlcklkIjozMDIxNCwiaWF0IjoxNzgwNDk1MDc3LCJleHAiOjE3ODA1MDIyNzd9.t7WwKi_BFb96Nk3Aj8rU2hBWIJQI1Qev9opfg7QpgxkDmdnyiXdpXJTlBavQHivZ
1780495122399886,30314,eyJhbGciOiJIUzM4NCJ9.eyJzdWIiOiJwZXJmX3VzZXJfMzEwIiwidXNlcklkIjozMDMxNCwiaWF0IjoxNzgwNDk1MDc3LCJleHAiOjE3ODA1MDIyNzd9.L5CVxzh_r0cpCMX40BImfS8nkXTnLjyHzmjl5ewV7_cAT5Q162j7fEj94EzFFJZm
1780495124624826,30414,eyJhbGciOiJIUzM4NCJ9.eyJzdWIiOiJwZXJmX3VzZXJfNDEwIiwidXNlcklkIjozMDQxNCwiaWF0IjoxNzgwNDk1MDc3LCJleHAiOjE3ODA1MDIyNzd9.PktHaLDAKWS_RChUYOkm7Oo31mGt5EYhRRa75_b93xFx57neENa7cnHEBF1gHZc3
1780495126897911,30514,eyJhbGciOiJIUzM4NCJ9.eyJzdWIiOiJwZXJmX3VzZXJfNTEwIiwidXNlcklkIjozMDUxNCwiaWF0IjoxNzgwNDk1MDc3LCJleHAiOjE3ODA1MDIyNzd9.pZtFOfwvleb3a_ZyQt53Id2P0LhceLqO-tdDrwA-xOvP4uXOFM435MF7uVWHPLb6
1780495129156031,30614,eyJhbGciOiJIUzM4NCJ9.eyJzdWIiOiJwZXJmX3VzZXJfNjEwIiwidXNlcklkIjozMDYxNCwiaWF0IjoxNzgwNDk1MDc3LCJleHAiOjE3ODA1MDIyNzd9.IOKaxzsD4EB75e3R1SzP26ivHOZRMn1tEe4jlUIS_iiPIs4tUbY_WN4F3sFlJY65
1780495131432629,30714,eyJhbGciOiJIUzM4NCJ9.eyJzdWIiOiJwZXJmX3VzZXJfNzEwIiwidXNlcklkIjozMDcxNCwiaWF0IjoxNzgwNDk1MDc3LCJleHAiOjE3ODA1MDIyNzd9.GWZyeDVieqpWdCka7dRoPLKdOZQi7geAIjvT-DuE-hJPgDc5GeDyYymuzpqZbsn7
1780495133685802,30814,eyJhbGciOiJIUzM4NCJ9.eyJzdWIiOiJwZXJmX3VzZXJfODEwIiwidXNlcklkIjozMDgxNCwiaWF0IjoxNzgwNDk1MDc3LCJleHAiOjE3ODA1MDIyNzd9._zY0dJHrMmUD7sd2AqOTLJut6zYDmZ4t-08KgAy1fe0iOgjAz46Gi_e1N-V7ohbq
1780495135919783,30914,eyJhbGciOiJIUzM4NCJ9.eyJzdWIiOiJwZXJmX3VzZXJfOTEwIiwidXNlcklkIjozMDkxNCwiaWF0IjoxNzgwNDk1MDc4LCJleHAiOjE3ODA1MDIyNzh9.vs4m1WfaYyjkkJ-CCm_ChUxueC_Cqh0oW7UKkcvKzTaYIkdiPJuDvKvhKffUiFF2
1780495138276921,31014,eyJhbGciOiJIUzM4NCJ9.eyJzdWIiOiJwZXJmX3VzZXJfMTAxMCIsInVzZXJJZCI6MzEwMTQsImlhdCI6MTc4MDQ5NTA3OCwiZXhwIjoxNzgwNTAyMjc4fQ.Ns8dTM78CdotKgBvyNOvyqUqXF7aaj0blWUWj7R3Pz1pwnDiKRVS9N-Li1GIZQ-_
1780495140509003,31114,eyJhbGciOiJIUzM4NCJ9.eyJzdWIiOiJwZXJmX3VzZXJfMTExMCIsInVzZXJJZCI6MzExMTQsImlhdCI6MTc4MDQ5NTA3OCwiZXhwIjoxNzgwNTAyMjc4fQ.N2hMCQVG7I4hAXN4N5lyPy6ZheSlJnX41a1QZrmE2HWsjK9Nl42EPuzRTSANOOv3
1780495142691200,31214,eyJhbGciOiJIUzM4NCJ9.eyJzdWIiOiJwZXJmX3VzZXJfMTIxMCIsInVzZXJJZCI6MzEyMTQsImlhdCI6MTc4MDQ5NTA3OCwiZXhwIjoxNzgwNTAyMjc4fQ.61XRV0415fHMaV2kNcpwP0g8ExcFH_6WC0fAiRxnhjjN85oU6p_b-EKjFu7p8y9z
1780495144893841,31314,eyJhbGciOiJIUzM4NCJ9.eyJzdWIiOiJwZXJmX3VzZXJfMTMxMCIsInVzZXJJZCI6MzEzMTQsImlhdCI6MTc4MDQ5NTA3OCwiZXhwIjoxNzgwNTAyMjc4fQ.t5f_pLDPGTrDxzNyaAhNeQbxUiPlkjihFSCMjQTHM5_Ng45Zo8eEcKcnIceFggaS
1780495147099053,31414,eyJhbGciOiJIUzM4NCJ9.eyJzdWIiOiJwZXJmX3VzZXJfMTQxMCIsInVzZXJJZCI6MzE0MTQsImlhdCI6MTc4MDQ5NTA3OCwiZXhwIjoxNzgwNTAyMjc4fQ.8JI9XJVwkn6vcrPaZOtTzpE215npU4iuIsDC3tdfim0IlkNXPZ-ddcpJLBgYovgX
1780495149376540,31514,eyJhbGciOiJIUzM4NCJ9.eyJzdWIiOiJwZXJmX3VzZXJfMTUxMCIsInVzZXJJZCI6MzE1MTQsImlhdCI6MTc4MDQ5NTA3OCwiZXhwIjoxNzgwNTAyMjc4fQ.pqIJXIDley4Qq3dgE10Z9NspHOd132WFjL5FROfIJOsavctJZlathGwzZend-h5D
1780495115697720,30015,eyJhbGciOiJIUzM4NCJ9.eyJzdWIiOiJwZXJmX3VzZXJfMTEiLCJ1c2VySWQiOjMwMDE1LCJpYXQiOjE3ODA0OTUwNzYsImV4cCI6MTc4MDUwMjI3Nn0.Lfd8URhGBvbA0_BdKUcikEYQFQsURQuJc4XWBeV_zspUUk1Sj5-BnMINecNn6Drr
1780495117892200,30115,eyJhbGciOiJIUzM4NCJ9.eyJzdWIiOiJwZXJmX3VzZXJfMTExIiwidXNlcklkIjozMDExNSwiaWF0IjoxNzgwNDk1MDc3LCJleHAiOjE3ODA1MDIyNzd9.EvKr8R0NAONjok3eQxARWXX9hUDu3cf63TqD2lOwRCIxvsf8Q02cDIiwogSPXivc
1780495120168279,30215,eyJhbGciOiJIUzM4NCJ9.eyJzdWIiOiJwZXJmX3VzZXJfMjExIiwidXNlcklkIjozMDIxNSwiaWF0IjoxNzgwNDk1MDc3LCJleHAiOjE3ODA1MDIyNzd9.lFCbF7l4_z5877vwOy7slm0cZtb3iFMDT4h4QbC_3Uo6rkT6mrMGV27IbGpQZGVx
1780495122399886,30315,eyJhbGciOiJIUzM4NCJ9.eyJzdWIiOiJwZXJmX3VzZXJfMzExIiwidXNlcklkIjozMDMxNSwiaWF0IjoxNzgwNDk1MDc3LCJleHAiOjE3ODA1MDIyNzd9.76jjv4tMmAfBre7pPQtfybNNIh-smqxJLSqQHrdZJq6gIhTpksWIP-X0A1YOxDy1
1780495124624826,30415,eyJhbGciOiJIUzM4NCJ9.eyJzdWIiOiJwZXJmX3VzZXJfNDExIiwidXNlcklkIjozMDQxNSwiaWF0IjoxNzgwNDk1MDc3LCJleHAiOjE3ODA1MDIyNzd9.ZO8F1LKdnLesCEtDNpj9XZwadyFqUb1-_Yil6sFOtE1gt2WEBhYLtTP0nHeb4P_d
1780495126897911,30515,eyJhbGciOiJIUzM4NCJ9.eyJzdWIiOiJwZXJmX3VzZXJfNTExIiwidXNlcklkIjozMDUxNSwiaWF0IjoxNzgwNDk1MDc3LCJleHAiOjE3ODA1MDIyNzd9.8WQYxkeylCxNzf86XAAZHThyZJY_SXpJmLDJ2v6h4DVpcWZhq8g1DspNNqw5nU60
1780495129156031,30615,eyJhbGciOiJIUzM4NCJ9.eyJzdWIiOiJwZXJmX3VzZXJfNjExIiwidXNlcklkIjozMDYxNSwiaWF0IjoxNzgwNDk1MDc3LCJleHAiOjE3ODA1MDIyNzd9.MJ4zKfxTj3pVZxgoEb4PguX-7pZt547YgLE3DvhyJ681L0W87osq4va2M04RIn0i
1780495131432629,30715,eyJhbGciOiJIUzM4NCJ9.eyJzdWIiOiJwZXJmX3VzZXJfNzExIiwidXNlcklkIjozMDcxNSwiaWF0IjoxNzgwNDk1MDc3LCJleHAiOjE3ODA1MDIyNzd9.haAqbU-_e5TtFME68NZ55yUG7ncQTPxw40osUJax3J-GcqwF3sKdapL8NkE2t-ks
1780495133685802,30815,eyJhbGciOiJIUzM4NCJ9.eyJzdWIiOiJwZXJmX3VzZXJfODExIiwidXNlcklkIjozMDgxNSwiaWF0IjoxNzgwNDk1MDc3LCJleHAiOjE3ODA1MDIyNzd9.BdgcpSjMYBiSB08PrZvG52zCNmtva4Q_v1ppA54Cjqdg3wop6sn7nO_AvsWR7ne_
1780495135919783,30915,eyJhbGciOiJIUzM4NCJ9.eyJzdWIiOiJwZXJmX3VzZXJfOTExIiwidXNlcklkIjozMDkxNSwiaWF0IjoxNzgwNDk1MDc4LCJleHAiOjE3ODA1MDIyNzh9.QlcQ7NXCl5CDom1zLCsYxUNSRHAVdYfRmedoUrBZsflmKpU3iupVBJjp54ASEtnH
1780495138276921,31015,eyJhbGciOiJIUzM4NCJ9.eyJzdWIiOiJwZXJmX3VzZXJfMTAxMSIsInVzZXJJZCI6MzEwMTUsImlhdCI6MTc4MDQ5NTA3OCwiZXhwIjoxNzgwNTAyMjc4fQ.XyeEdpy5K0aJ7O-Dml3njqgk3SIZK9mJI-HLXNCGjhlaDulONl20etZoigTC6_zo
1780495140509003,31115,eyJhbGciOiJIUzM4NCJ9.eyJzdWIiOiJwZXJmX3VzZXJfMTExMSIsInVzZXJJZCI6MzExMTUsImlhdCI6MTc4MDQ5NTA3OCwiZXhwIjoxNzgwNTAyMjc4fQ.pvCjWVwKjS1_Pb1ctMtlUQZlgDnK8ELuC5T0pQJF1xBSudxtyYTUGQXJa-ka-hQs
1780495142691200,31215,eyJhbGciOiJIUzM4NCJ9.eyJzdWIiOiJwZXJmX3VzZXJfMTIxMSIsInVzZXJJZCI6MzEyMTUsImlhdCI6MTc4MDQ5NTA3OCwiZXhwIjoxNzgwNTAyMjc4fQ.uKLcLuhv-qjZrV80PRiQtWFDRTBWZzk7s_eNZz9vn283S_Z31_2FYMalgl5bI26k
1780495144893841,31315,eyJhbGciOiJIUzM4NCJ9.eyJzdWIiOiJwZXJmX3VzZXJfMTMxMSIsInVzZXJJZCI6MzEzMTUsImlhdCI6MTc4MDQ5NTA3OCwiZXhwIjoxNzgwNTAyMjc4fQ.jeTWPrvhaMhYTUE86w4U-LXC-yYj0Ooz-QumvqDJYPUpqRCQRrIwj_4uesStAUBq
1780495147099053,31415,eyJhbGciOiJIUzM4NCJ9.eyJzdWIiOiJwZXJmX3VzZXJfMTQxMSIsInVzZXJJZCI6MzE0MTUsImlhdCI6MTc4MDQ5NTA3OCwiZXhwIjoxNzgwNTAyMjc4fQ.9WyyXbpOPaizbUoNdwX8EkBB2mSq6Y2X1z1pV4RXAncKhWluMDCGXXrC3aHPYTQf
1780495149376540,31515,eyJhbGciOiJIUzM4NCJ9.eyJzdWIiOiJwZXJmX3VzZXJfMTUxMSIsInVzZXJJZCI6MzE1MTUsImlhdCI6MTc4MDQ5NTA3OCwiZXhwIjoxNzgwNTAyMjc4fQ.9Gs2Gn0I8vVEl7Of5uQiKnvnHsLzoYrnrbTSTXFuU6oNuGU5sSZ_4u-gHMZtUcT-
1780495115697720,30016,eyJhbGciOiJIUzM4NCJ9.eyJzdWIiOiJwZXJmX3VzZXJfMTIiLCJ1c2VySWQiOjMwMDE2LCJpYXQiOjE3ODA0OTUwNzYsImV4cCI6MTc4MDUwMjI3Nn0.6QoGDrRIBXMBQt09TLoF4-bgYnyPDaDq0W2qMkCNVnG0CiPrfqxaNizkD_6FHotU
1780495117892200,30116,eyJhbGciOiJIUzM4NCJ9.eyJzdWIiOiJwZXJmX3VzZXJfMTEyIiwidXNlcklkIjozMDExNiwiaWF0IjoxNzgwNDk1MDc3LCJleHAiOjE3ODA1MDIyNzd9.XKqEvsUyz12rGfZ9uXRToDQ_J4iddHth6VJhmRPDPBewYnlhemadyXcWkl3DdJcA
1780495120168279,30216,eyJhbGciOiJIUzM4NCJ9.eyJzdWIiOiJwZXJmX3VzZXJfMjEyIiwidXNlcklkIjozMDIxNiwiaWF0IjoxNzgwNDk1MDc3LCJleHAiOjE3ODA1MDIyNzd9.gNXPkNohpINEJUGZXWq4ZPoy7VJ3xEBvNpwOoyNBN76knVdVD59icFOaivsTBfaI
1780495122399886,30316,eyJhbGciOiJIUzM4NCJ9.eyJzdWIiOiJwZXJmX3VzZXJfMzEyIiwidXNlcklkIjozMDMxNiwiaWF0IjoxNzgwNDk1MDc3LCJleHAiOjE3ODA1MDIyNzd9.TWjhT33dHtzscbbiYfNDDjKqxcd9423nDaCwEZnnhxn-5_SEQPlEXmT0JBm-Xcr8
1780495124624826,30416,eyJhbGciOiJIUzM4NCJ9.eyJzdWIiOiJwZXJmX3VzZXJfNDEyIiwidXNlcklkIjozMDQxNiwiaWF0IjoxNzgwNDk1MDc3LCJleHAiOjE3ODA1MDIyNzd9.7SNZdmhwo2CyYm5NFRi1tWg_etRnM-hdwBHwNlStMf76r2OpMmert9swWFD_48eT
1780495126897911,30516,eyJhbGciOiJIUzM4NCJ9.eyJzdWIiOiJwZXJmX3VzZXJfNTEyIiwidXNlcklkIjozMDUxNiwiaWF0IjoxNzgwNDk1MDc3LCJleHAiOjE3ODA1MDIyNzd9.7WoOtTHmmgwQRzYRfGG6gaUAJILCaXnxoQmxLaMeA2K-gho6YJhnAM5rvn_7_1Sq
1780495129156031,30616,eyJhbGciOiJIUzM4NCJ9.eyJzdWIiOiJwZXJmX3VzZXJfNjEyIiwidXNlcklkIjozMDYxNiwiaWF0IjoxNzgwNDk1MDc3LCJleHAiOjE3ODA1MDIyNzd9.Siu-DWmKy1BCM4AXk_oWbRGrONEG7IAYtTETMmQ5t0dmqd_FnlyF5JogRGJc3aU3
1780495131432629,30716,eyJhbGciOiJIUzM4NCJ9.eyJzdWIiOiJwZXJmX3VzZXJfNzEyIiwidXNlcklkIjozMDcxNiwiaWF0IjoxNzgwNDk1MDc3LCJleHAiOjE3ODA1MDIyNzd9.OwdVhFQCJA4qCipIAKvBkEyoPCWo2rlprkFnEMPDQHNAlw0okxALu5Gh3oavWwxG
1780495133685802,30816,eyJhbGciOiJIUzM4NCJ9.eyJzdWIiOiJwZXJmX3VzZXJfODEyIiwidXNlcklkIjozMDgxNiwiaWF0IjoxNzgwNDk1MDc3LCJleHAiOjE3ODA1MDIyNzd9.QWBOE_3jFYjHA41FfIxhJyV8diOPdeTxtrA2Rm2aOvA7fQyAH_QpEkXf23iSIIxR
1780495135919783,30916,eyJhbGciOiJIUzM4NCJ9.eyJzdWIiOiJwZXJmX3VzZXJfOTEyIiwidXNlcklkIjozMDkxNiwiaWF0IjoxNzgwNDk1MDc4LCJleHAiOjE3ODA1MDIyNzh9.Q-x1L0dMjo4q9ebC28hkDmw9qvI6KVuy2q9fyNrNuomzXfB3BOv9YJdmCjrDlc29
1780495138276921,31016,eyJhbGciOiJIUzM4NCJ9.eyJzdWIiOiJwZXJmX3VzZXJfMTAxMiIsInVzZXJJZCI6MzEwMTYsImlhdCI6MTc4MDQ5NTA3OCwiZXhwIjoxNzgwNTAyMjc4fQ.da7aMOvckFsTWbcJeIs0ZJn6NfwKY1J5tj2eKdz6pBy5RlhZGFgdi-Lmc8Pdmhjh
1780495140509003,31116,eyJhbGciOiJIUzM4NCJ9.eyJzdWIiOiJwZXJmX3VzZXJfMTExMiIsInVzZXJJZCI6MzExMTYsImlhdCI6MTc4MDQ5NTA3OCwiZXhwIjoxNzgwNTAyMjc4fQ.4wCETC49M9tn65xhdXmbFR_lTsc14qALLG9IG05MaslcoajUKTGpdbO8rQe1mjNt
1780495142691200,31216,eyJhbGciOiJIUzM4NCJ9.eyJzdWIiOiJwZXJmX3VzZXJfMTIxMiIsInVzZXJJZCI6MzEyMTYsImlhdCI6MTc4MDQ5NTA3OCwiZXhwIjoxNzgwNTAyMjc4fQ.XxdSJO6yQBvUz714n8qaDYVIjA2tl0EGqL90l2SXTow6fo6sq5Im5a6ZpisQzrC5
1780495144893841,31316,eyJhbGciOiJIUzM4NCJ9.eyJzdWIiOiJwZXJmX3VzZXJfMTMxMiIsInVzZXJJZCI6MzEzMTYsImlhdCI6MTc4MDQ5NTA3OCwiZXhwIjoxNzgwNTAyMjc4fQ.Un7Ja6chsT2gtL7Vc6nWgIsOiReB0tVRThUA_ugU3GAtep7rAj_D_kO5lvVXJL82
1780495147099053,31416,eyJhbGciOiJIUzM4NCJ9.eyJzdWIiOiJwZXJmX3VzZXJfMTQxMiIsInVzZXJJZCI6MzE0MTYsImlhdCI6MTc4MDQ5NTA3OCwiZXhwIjoxNzgwNTAyMjc4fQ.s2lG6bJWbGx61QpORqDQUMnY94zrmKvCFJb8MCCFetquwvrFb4KiWgCxD_S1ObsN
1780495149376540,31516,eyJhbGciOiJIUzM4NCJ9.eyJzdWIiOiJwZXJmX3VzZXJfMTUxMiIsInVzZXJJZCI6MzE1MTYsImlhdCI6MTc4MDQ5NTA3OCwiZXhwIjoxNzgwNTAyMjc4fQ.GTjGPteiIyNxWJOQhc_h1mQy1jKbvWhbcDlgRYwAxoDLkVTvEqJr3Bwy6VFiXgbG
1780495115697720,30017,eyJhbGciOiJIUzM4NCJ9.eyJzdWIiOiJwZXJmX3VzZXJfMTMiLCJ1c2VySWQiOjMwMDE3LCJpYXQiOjE3ODA0OTUwNzYsImV4cCI6MTc4MDUwMjI3Nn0.Vz8KmLuCi9kNYjxxXlYuE1mZy-8dI2W6AO3TeFaakhyByDU6QKsIkNZWH_Z7mc34
1780495117892200,30117,eyJhbGciOiJIUzM4NCJ9.eyJzdWIiOiJwZXJmX3VzZXJfMTEzIiwidXNlcklkIjozMDExNywiaWF0IjoxNzgwNDk1MDc3LCJleHAiOjE3ODA1MDIyNzd9.x9oav9l7RpFPp5LZyXzs28gA6hwaQvJI22fLZjY6_ETQ7Y_KiRk5g5XzPYoYl0gi
1780495120168279,30217,eyJhbGciOiJIUzM4NCJ9.eyJzdWIiOiJwZXJmX3VzZXJfMjEzIiwidXNlcklkIjozMDIxNywiaWF0IjoxNzgwNDk1MDc3LCJleHAiOjE3ODA1MDIyNzd9.KCGxhvvYL2PyCwj8po8bxezthAUcgFjLXyB2YfVLNxpv9ic4cNT1jeyS1Xt5bl77
1780495122399886,30317,eyJhbGciOiJIUzM4NCJ9.eyJzdWIiOiJwZXJmX3VzZXJfMzEzIiwidXNlcklkIjozMDMxNywiaWF0IjoxNzgwNDk1MDc3LCJleHAiOjE3ODA1MDIyNzd9.liXsuyk1iuXYKCz8xXEneSgpzBhlxlt8vEkmVzVldIURv9hjEYfqnvrKvWn_NFaX
1780495124624826,30417,eyJhbGciOiJIUzM4NCJ9.eyJzdWIiOiJwZXJmX3VzZXJfNDEzIiwidXNlcklkIjozMDQxNywiaWF0IjoxNzgwNDk1MDc3LCJleHAiOjE3ODA1MDIyNzd9.9FNlvGkgAwBAkJpijCEAj6GNZ6kCzHQBSy55yNVOhZYYGVDHZKlJTkBSV3xdIlP_
1780495126897911,30517,eyJhbGciOiJIUzM4NCJ9.eyJzdWIiOiJwZXJmX3VzZXJfNTEzIiwidXNlcklkIjozMDUxNywiaWF0IjoxNzgwNDk1MDc3LCJleHAiOjE3ODA1MDIyNzd9.J2Enxp30e5YVXg0x1yknVwl4kD7Im7kTNK3a9ZPH1yLfeXdB7856Wr7DYaeEM8bn
1780495129156031,30617,eyJhbGciOiJIUzM4NCJ9.eyJzdWIiOiJwZXJmX3VzZXJfNjEzIiwidXNlcklkIjozMDYxNywiaWF0IjoxNzgwNDk1MDc3LCJleHAiOjE3ODA1MDIyNzd9.vi5SffdCLR9uE5rZT2bLfwI7P8zcH2H_KjzX847R1pRVQFZDED__MLb1ysSp3Msq
1780495131432629,30717,eyJhbGciOiJIUzM4NCJ9.eyJzdWIiOiJwZXJmX3VzZXJfNzEzIiwidXNlcklkIjozMDcxNywiaWF0IjoxNzgwNDk1MDc3LCJleHAiOjE3ODA1MDIyNzd9.rA0e42oefnfIkWFqDuX1D8fnbzhzKJDgUZ4s4aK8s4asQoneOt7v2I7bHX4xzOO-
1780495133685802,30817,eyJhbGciOiJIUzM4NCJ9.eyJzdWIiOiJwZXJmX3VzZXJfODEzIiwidXNlcklkIjozMDgxNywiaWF0IjoxNzgwNDk1MDc3LCJleHAiOjE3ODA1MDIyNzd9.SjqBkPHWPwf1kqwUG05Ur37IXg-5RuN0LTXz5gLavlXM7uLZ8g-nBSfWhdMXivps
1780495135919783,30917,eyJhbGciOiJIUzM4NCJ9.eyJzdWIiOiJwZXJmX3VzZXJfOTEzIiwidXNlcklkIjozMDkxNywiaWF0IjoxNzgwNDk1MDc4LCJleHAiOjE3ODA1MDIyNzh9.ZfRWqV37Nin7uY0LfE8KMci5ZHVJ7ylya9souzY0KVxVe8zhvtAfvUDjdC1ICAEc
1780495138276921,31017,eyJhbGciOiJIUzM4NCJ9.eyJzdWIiOiJwZXJmX3VzZXJfMTAxMyIsInVzZXJJZCI6MzEwMTcsImlhdCI6MTc4MDQ5NTA3OCwiZXhwIjoxNzgwNTAyMjc4fQ.JLH31XTsqnftu6DIaLgRuleo40opG9YfUxKhzdCJWM-MLcsBmtqbjVbLEg8GFd69
1780495140509003,31117,eyJhbGciOiJIUzM4NCJ9.eyJzdWIiOiJwZXJmX3VzZXJfMTExMyIsInVzZXJJZCI6MzExMTcsImlhdCI6MTc4MDQ5NTA3OCwiZXhwIjoxNzgwNTAyMjc4fQ.1s0iznM9ZdudG-fLlCNUVjbom4t1GhX4D4DQuYeurlQOGtbl17FDqVOy4e4-xkjj
1780495142691200,31217,eyJhbGciOiJIUzM4NCJ9.eyJzdWIiOiJwZXJmX3VzZXJfMTIxMyIsInVzZXJJZCI6MzEyMTcsImlhdCI6MTc4MDQ5NTA3OCwiZXhwIjoxNzgwNTAyMjc4fQ.d_iw-5wnN7JQHopemLZoshlHu8soCMwatCP9fYwxcN801INbQ_AFYVKqWzEEV20V
1780495144893841,31317,eyJhbGciOiJIUzM4NCJ9.eyJzdWIiOiJwZXJmX3VzZXJfMTMxMyIsInVzZXJJZCI6MzEzMTcsImlhdCI6MTc4MDQ5NTA3OCwiZXhwIjoxNzgwNTAyMjc4fQ.bymZ-ADgSlR68iuN5XXfMO7eW_PO7tOJYkPwvv7xmlFK_FilnDKF96STlVoQ-dVI
1780495147099053,31417,eyJhbGciOiJIUzM4NCJ9.eyJzdWIiOiJwZXJmX3VzZXJfMTQxMyIsInVzZXJJZCI6MzE0MTcsImlhdCI6MTc4MDQ5NTA3OCwiZXhwIjoxNzgwNTAyMjc4fQ.UG5Plzvs40kjaFUTKLEV8XQHu1gXdhK_gkeIapL4oTG4WaHLYszjMa5Usxz5I9Mc
1780495149376540,31517,eyJhbGciOiJIUzM4NCJ9.eyJzdWIiOiJwZXJmX3VzZXJfMTUxMyIsInVzZXJJZCI6MzE1MTcsImlhdCI6MTc4MDQ5NTA3OCwiZXhwIjoxNzgwNTAyMjc4fQ.EjOuD8ohHunhjgvta1XjI1qANenMK63NheSpvrbTR6jt_1n9N6WLGCv3nXcZ_MFi
1780495115697720,30018,eyJhbGciOiJIUzM4NCJ9.eyJzdWIiOiJwZXJmX3VzZXJfMTQiLCJ1c2VySWQiOjMwMDE4LCJpYXQiOjE3ODA0OTUwNzYsImV4cCI6MTc4MDUwMjI3Nn0.SxeXgqujyfFblLdqK1Hj_y_CqAfw20Q-ET0e2nycESiIu9r1jX5d8SooAI0QiM7h
1780495117892200,30118,eyJhbGciOiJIUzM4NCJ9.eyJzdWIiOiJwZXJmX3VzZXJfMTE0IiwidXNlcklkIjozMDExOCwiaWF0IjoxNzgwNDk1MDc3LCJleHAiOjE3ODA1MDIyNzd9.VJ4Ry2HTaFD-GSzWRRXGP89HeQfPBi0MbIgQtBlzJFxMiNQsg7rcHcv9KYNcF2qG
1780495120168279,30218,eyJhbGciOiJIUzM4NCJ9.eyJzdWIiOiJwZXJmX3VzZXJfMjE0IiwidXNlcklkIjozMDIxOCwiaWF0IjoxNzgwNDk1MDc3LCJleHAiOjE3ODA1MDIyNzd9.RkuYU1l7cnHk4xfFHd8p51l_Se3VcvfQMTMVocj9PLL1hQ1cEAU0PRANxYEGjlVV
1780495122399886,30318,eyJhbGciOiJIUzM4NCJ9.eyJzdWIiOiJwZXJmX3VzZXJfMzE0IiwidXNlcklkIjozMDMxOCwiaWF0IjoxNzgwNDk1MDc3LCJleHAiOjE3ODA1MDIyNzd9.DaAX0XTZ046zR44ip8E5NhyRQ85lLihPZh5-pZZPf30ADwddYflu6oM4gZnCAYug
1780495124624826,30418,eyJhbGciOiJIUzM4NCJ9.eyJzdWIiOiJwZXJmX3VzZXJfNDE0IiwidXNlcklkIjozMDQxOCwiaWF0IjoxNzgwNDk1MDc3LCJleHAiOjE3ODA1MDIyNzd9.6bL-uWZTrwjDX9IL_OPAZ93nMvCgYzs86cH3yqZTfyZww-MX-3NA9f9C1xnuBitb
1780495126897911,30518,eyJhbGciOiJIUzM4NCJ9.eyJzdWIiOiJwZXJmX3VzZXJfNTE0IiwidXNlcklkIjozMDUxOCwiaWF0IjoxNzgwNDk1MDc3LCJleHAiOjE3ODA1MDIyNzd9.GgyNIUwgFl6rO8tE-24PqhxdzDsd1J3LsJyCtt8anoro6iw3GgvjvjG3rybuWIZU
1780495129156031,30618,eyJhbGciOiJIUzM4NCJ9.eyJzdWIiOiJwZXJmX3VzZXJfNjE0IiwidXNlcklkIjozMDYxOCwiaWF0IjoxNzgwNDk1MDc3LCJleHAiOjE3ODA1MDIyNzd9.04Mr0RpCxrhHWtOcYxEb4hhGM_03hKSlRzKoqwkQUhrJfJbsMYfdUHAyEEdlIIDi
1780495131432629,30718,eyJhbGciOiJIUzM4NCJ9.eyJzdWIiOiJwZXJmX3VzZXJfNzE0IiwidXNlcklkIjozMDcxOCwiaWF0IjoxNzgwNDk1MDc3LCJleHAiOjE3ODA1MDIyNzd9.mc57by55KQ9frwJ_61pspCprUDTof2zMaxZbKip4BJsm6X_Pnb0rG9lwoarKMv-9
1780495133685802,30818,eyJhbGciOiJIUzM4NCJ9.eyJzdWIiOiJwZXJmX3VzZXJfODE0IiwidXNlcklkIjozMDgxOCwiaWF0IjoxNzgwNDk1MDc3LCJleHAiOjE3ODA1MDIyNzd9.ItJLRzS8HGnOar6jSZV4ECwe1Frc8VV9lTMN8gFHeMFjda13W-HVOIvJk_74s-xt
1780495135919783,30918,eyJhbGciOiJIUzM4NCJ9.eyJzdWIiOiJwZXJmX3VzZXJfOTE0IiwidXNlcklkIjozMDkxOCwiaWF0IjoxNzgwNDk1MDc4LCJleHAiOjE3ODA1MDIyNzh9.XBGPLIeiYik5qhSVPQEKi2H608CAwZE8n-eY8qBpgvZ-7irlQzGZyCVmjESqIQQu
1780495138276921,31018,eyJhbGciOiJIUzM4NCJ9.eyJzdWIiOiJwZXJmX3VzZXJfMTAxNCIsInVzZXJJZCI6MzEwMTgsImlhdCI6MTc4MDQ5NTA3OCwiZXhwIjoxNzgwNTAyMjc4fQ.hRQDzxAguZwMrUdSzgDgvJ0bCHi-M8VbMrfBjuFoQJ2UM0KZXOkYeeVls605Ugl7
1780495140509003,31118,eyJhbGciOiJIUzM4NCJ9.eyJzdWIiOiJwZXJmX3VzZXJfMTExNCIsInVzZXJJZCI6MzExMTgsImlhdCI6MTc4MDQ5NTA3OCwiZXhwIjoxNzgwNTAyMjc4fQ.Xbvuvqry7ZDIWlvCnUTTLNZKvFQ8XIWutlWg3LGIQ_3Ppxza_ZWm3WB5vo-lBor6
1780495142691200,31218,eyJhbGciOiJIUzM4NCJ9.eyJzdWIiOiJwZXJmX3VzZXJfMTIxNCIsInVzZXJJZCI6MzEyMTgsImlhdCI6MTc4MDQ5NTA3OCwiZXhwIjoxNzgwNTAyMjc4fQ.YF2m3uXbtjEhkgSoAMxMG_BF0y-rV9-qfIimrrNdXGtjZDZhxP5d5sk8LI-14D4u
1780495144893841,31318,eyJhbGciOiJIUzM4NCJ9.eyJzdWIiOiJwZXJmX3VzZXJfMTMxNCIsInVzZXJJZCI6MzEzMTgsImlhdCI6MTc4MDQ5NTA3OCwiZXhwIjoxNzgwNTAyMjc4fQ.ZYF0zpK8wW80KzSGgHsYCBbKRLfQall4ZdpHAnxTELsh9Oracdu5mGt9tdTHiA5p
1780495147099053,31418,eyJhbGciOiJIUzM4NCJ9.eyJzdWIiOiJwZXJmX3VzZXJfMTQxNCIsInVzZXJJZCI6MzE0MTgsImlhdCI6MTc4MDQ5NTA3OCwiZXhwIjoxNzgwNTAyMjc4fQ.nsnMh8QVlun4CZ871-sw5Qky5bbNiWw3ptbDy2d_9ureMUaG6YV_IgVBLeSzDgZ5
1780495149376540,31518,eyJhbGciOiJIUzM4NCJ9.eyJzdWIiOiJwZXJmX3VzZXJfMTUxNCIsInVzZXJJZCI6MzE1MTgsImlhdCI6MTc4MDQ5NTA3OCwiZXhwIjoxNzgwNTAyMjc4fQ.Fty9M83GD216QmAV42QC2Es4h3eD-22C90yjtwS2sV4shX7AWoUgrBpnowTnDLYv
1780495115697720,30019,eyJhbGciOiJIUzM4NCJ9.eyJzdWIiOiJwZXJmX3VzZXJfMTUiLCJ1c2VySWQiOjMwMDE5LCJpYXQiOjE3ODA0OTUwNzYsImV4cCI6MTc4MDUwMjI3Nn0.YNdpU97lEXPua8yTivjW_t8IIRubaFpahlUMMAopaNon3y3oNDMkc1dZq-ZVI6Bl
1780495117892200,30119,eyJhbGciOiJIUzM4NCJ9.eyJzdWIiOiJwZXJmX3VzZXJfMTE1IiwidXNlcklkIjozMDExOSwiaWF0IjoxNzgwNDk1MDc3LCJleHAiOjE3ODA1MDIyNzd9.ChS_xb17i_MeeB1tJ0uuyp6giuyJOuyhER5E_7hqnUBSpoXGKv3u9ZetXuFRtAn3
1780495120168279,30219,eyJhbGciOiJIUzM4NCJ9.eyJzdWIiOiJwZXJmX3VzZXJfMjE1IiwidXNlcklkIjozMDIxOSwiaWF0IjoxNzgwNDk1MDc3LCJleHAiOjE3ODA1MDIyNzd9.qZzjheXorLgDTzJCLWN0HEuDbZCrjxFeYYEKXaFd0I-NJEIESnO-G6Id1zcF-gU5
1780495122399886,30319,eyJhbGciOiJIUzM4NCJ9.eyJzdWIiOiJwZXJmX3VzZXJfMzE1IiwidXNlcklkIjozMDMxOSwiaWF0IjoxNzgwNDk1MDc3LCJleHAiOjE3ODA1MDIyNzd9.AMxuy5BEyOCokHA3ot4LbzKIMMe1thPYHitpgLHPziJAkeHLQ2w1jINn8xg8CzgG
1780495124624826,30419,eyJhbGciOiJIUzM4NCJ9.eyJzdWIiOiJwZXJmX3VzZXJfNDE1IiwidXNlcklkIjozMDQxOSwiaWF0IjoxNzgwNDk1MDc3LCJleHAiOjE3ODA1MDIyNzd9.HWYiTsi8HfFfkmHS0Bp96TKDOkyVpboMwOJV9X_VOnyb-DUsq0JSAwJiOPPh53PU
1780495126897911,30519,eyJhbGciOiJIUzM4NCJ9.eyJzdWIiOiJwZXJmX3VzZXJfNTE1IiwidXNlcklkIjozMDUxOSwiaWF0IjoxNzgwNDk1MDc3LCJleHAiOjE3ODA1MDIyNzd9.GtVJWXU0LiYEJVeR9sbXyxnFJDohRy-ifxyfWRI7cFuut9C-_8TmG4DksCKJiDth
1780495129156031,30619,eyJhbGciOiJIUzM4NCJ9.eyJzdWIiOiJwZXJmX3VzZXJfNjE1IiwidXNlcklkIjozMDYxOSwiaWF0IjoxNzgwNDk1MDc3LCJleHAiOjE3ODA1MDIyNzd9.CYGwzrehSz4wAOJvga6WaoNTwsOgopSKnG2y0_KfJV5FI-KTKeKMgiVuWP66TY23
1780495131432629,30719,eyJhbGciOiJIUzM4NCJ9.eyJzdWIiOiJwZXJmX3VzZXJfNzE1IiwidXNlcklkIjozMDcxOSwiaWF0IjoxNzgwNDk1MDc3LCJleHAiOjE3ODA1MDIyNzd9.ynIa3pVMKveJJ7U1OuHu_J_ioUjdwIHDFHYgj2vSODIuJCLZjLr5nqKLvdWJV9rU
1780495133685802,30819,eyJhbGciOiJIUzM4NCJ9.eyJzdWIiOiJwZXJmX3VzZXJfODE1IiwidXNlcklkIjozMDgxOSwiaWF0IjoxNzgwNDk1MDc3LCJleHAiOjE3ODA1MDIyNzd9.Y-9BcyzaV-LmOSwoxBJpMeRrJoqOQch1PfCi_xtwaRwLX9UQQiY9VmlngVaUwh5Q
1780495135919783,30919,eyJhbGciOiJIUzM4NCJ9.eyJzdWIiOiJwZXJmX3VzZXJfOTE1IiwidXNlcklkIjozMDkxOSwiaWF0IjoxNzgwNDk1MDc4LCJleHAiOjE3ODA1MDIyNzh9.2pYMgdydhI5QeQJISbzcV6DIR0Xi2QNGgkZ_Fm5LYO4Hiu2w25fBV4_3MtTtI75y
1780495138276921,31019,eyJhbGciOiJIUzM4NCJ9.eyJzdWIiOiJwZXJmX3VzZXJfMTAxNSIsInVzZXJJZCI6MzEwMTksImlhdCI6MTc4MDQ5NTA3OCwiZXhwIjoxNzgwNTAyMjc4fQ.hOxWjYia0v9Qk6P9yZZc8YxwnSYHTz3Z7HbckTEOByTFAALVm4GVSzip6oGjSd4P
1780495140509003,31119,eyJhbGciOiJIUzM4NCJ9.eyJzdWIiOiJwZXJmX3VzZXJfMTExNSIsInVzZXJJZCI6MzExMTksImlhdCI6MTc4MDQ5NTA3OCwiZXhwIjoxNzgwNTAyMjc4fQ.WFfzHOi9etXLz7qRC5f6e7uvfGYI6VxSaBCRzmcRM9-GJupOxv1f_hjSjppLmA_H
1780495142691200,31219,eyJhbGciOiJIUzM4NCJ9.eyJzdWIiOiJwZXJmX3VzZXJfMTIxNSIsInVzZXJJZCI6MzEyMTksImlhdCI6MTc4MDQ5NTA3OCwiZXhwIjoxNzgwNTAyMjc4fQ.J8JNFmq9M4LH9jvKS1_I1e4fKkbSsEK4gxVyFFxnuOSSu4XxxhrRqRp0rF6aH40i
1780495144893841,31319,eyJhbGciOiJIUzM4NCJ9.eyJzdWIiOiJwZXJmX3VzZXJfMTMxNSIsInVzZXJJZCI6MzEzMTksImlhdCI6MTc4MDQ5NTA3OCwiZXhwIjoxNzgwNTAyMjc4fQ.RvB4q1WhaW1HC-1LBHp9EKXgjjB8GmuGySZuUnjWDRvl2UwKrR5zVMMWhwjrtwtG
1780495147099053,31419,eyJhbGciOiJIUzM4NCJ9.eyJzdWIiOiJwZXJmX3VzZXJfMTQxNSIsInVzZXJJZCI6MzE0MTksImlhdCI6MTc4MDQ5NTA3OCwiZXhwIjoxNzgwNTAyMjc4fQ.so4X66IHpCzwFB4fLVfT7Nhhche7pYSG_bV-anY__1eTbTdFizi6ewzf5LVh5Fah
1780495149376540,31519,eyJhbGciOiJIUzM4NCJ9.eyJzdWIiOiJwZXJmX3VzZXJfMTUxNSIsInVzZXJJZCI6MzE1MTksImlhdCI6MTc4MDQ5NTA3OCwiZXhwIjoxNzgwNTAyMjc4fQ._tlSxN-ZvAxx7IPBmgq1jsKANmhJYUqgXmO2ipaEATB2v__11Q0-qc_7kWBdZzWg
1780495115697720,30020,eyJhbGciOiJIUzM4NCJ9.eyJzdWIiOiJwZXJmX3VzZXJfMTYiLCJ1c2VySWQiOjMwMDIwLCJpYXQiOjE3ODA0OTUwNzYsImV4cCI6MTc4MDUwMjI3Nn0.6PanHcLnRUAm3oRsHhjEG_-hJ1FzluZ5S-QWKbGxMOwxQTCYQhtqfb7_p2dcTmZz
1780495117892200,30120,eyJhbGciOiJIUzM4NCJ9.eyJzdWIiOiJwZXJmX3VzZXJfMTE2IiwidXNlcklkIjozMDEyMCwiaWF0IjoxNzgwNDk1MDc3LCJleHAiOjE3ODA1MDIyNzd9.3QmG7Q6Z9E12Y4saI-BHG3kFQalPllzHCQlFAsTEK9sasA-RPveqOyR48Bb0ewdJ
1780495120168279,30220,eyJhbGciOiJIUzM4NCJ9.eyJzdWIiOiJwZXJmX3VzZXJfMjE2IiwidXNlcklkIjozMDIyMCwiaWF0IjoxNzgwNDk1MDc3LCJleHAiOjE3ODA1MDIyNzd9.jq3bR0_U6kaLn92pxykFuE1lvi-ZigekJ_YctFGnbmWm27F0MJEINmTWTvY7FFaT
1780495122399886,30320,eyJhbGciOiJIUzM4NCJ9.eyJzdWIiOiJwZXJmX3VzZXJfMzE2IiwidXNlcklkIjozMDMyMCwiaWF0IjoxNzgwNDk1MDc3LCJleHAiOjE3ODA1MDIyNzd9.X4p45TfC1aUFqf4iavvNegJRHmXm2KrdiJP7kLLY2bSc9cGcubUYk_10Go6opCBu
1780495124624826,30420,eyJhbGciOiJIUzM4NCJ9.eyJzdWIiOiJwZXJmX3VzZXJfNDE2IiwidXNlcklkIjozMDQyMCwiaWF0IjoxNzgwNDk1MDc3LCJleHAiOjE3ODA1MDIyNzd9.bA7DUVSoWlikqGN_ogOE6XR0m7TrJwJKZREiKcIVmkkcBDuSDXLxBFsG3OqxGGiA
1780495126897911,30520,eyJhbGciOiJIUzM4NCJ9.eyJzdWIiOiJwZXJmX3VzZXJfNTE2IiwidXNlcklkIjozMDUyMCwiaWF0IjoxNzgwNDk1MDc3LCJleHAiOjE3ODA1MDIyNzd9.y3ij2PbPkU140Kjbq16e--_Q8e4juxtC_yYLmffp98eNofvjjntNRGDkiWj9vZpT
1780495129156031,30620,eyJhbGciOiJIUzM4NCJ9.eyJzdWIiOiJwZXJmX3VzZXJfNjE2IiwidXNlcklkIjozMDYyMCwiaWF0IjoxNzgwNDk1MDc3LCJleHAiOjE3ODA1MDIyNzd9._kadPSDL1Q-gvZvY7QAvgciWt8c8F7SPWlbfGxwg4dPoQhxydAe6lukYlkDIQofV
1780495131432629,30720,eyJhbGciOiJIUzM4NCJ9.eyJzdWIiOiJwZXJmX3VzZXJfNzE2IiwidXNlcklkIjozMDcyMCwiaWF0IjoxNzgwNDk1MDc3LCJleHAiOjE3ODA1MDIyNzd9._6Abt56mFq3F2lIH9DO0drl1EiPTd2FCIDMp3809tcNH6QHWwNwR4mtxWz32g8Qf
1780495133685802,30820,eyJhbGciOiJIUzM4NCJ9.eyJzdWIiOiJwZXJmX3VzZXJfODE2IiwidXNlcklkIjozMDgyMCwiaWF0IjoxNzgwNDk1MDc3LCJleHAiOjE3ODA1MDIyNzd9.QtFAxnHvWpT_x03gu_uyXdia1M0SqK8DytQug10Udlg6Im5Q0g_O5GhkAcLw7t2Y
1780495135919783,30920,eyJhbGciOiJIUzM4NCJ9.eyJzdWIiOiJwZXJmX3VzZXJfOTE2IiwidXNlcklkIjozMDkyMCwiaWF0IjoxNzgwNDk1MDc4LCJleHAiOjE3ODA1MDIyNzh9.pyawpQSJJ9MjSWiAKrva99yEuFogOHJ3FAxCqE0xaBqnOsB-lVEcBrOhOPN0q9iL
1780495138276921,31020,eyJhbGciOiJIUzM4NCJ9.eyJzdWIiOiJwZXJmX3VzZXJfMTAxNiIsInVzZXJJZCI6MzEwMjAsImlhdCI6MTc4MDQ5NTA3OCwiZXhwIjoxNzgwNTAyMjc4fQ.1u7DtKI8ebrkHkkxmXEQyX38Fh4qAHivyyJE3q4g9UgvdBZC7zBM0j7Y8R3fvWUV
1780495140509003,31120,eyJhbGciOiJIUzM4NCJ9.eyJzdWIiOiJwZXJmX3VzZXJfMTExNiIsInVzZXJJZCI6MzExMjAsImlhdCI6MTc4MDQ5NTA3OCwiZXhwIjoxNzgwNTAyMjc4fQ.2ZgMne9r6WRR3zHR7axmb6q2J9qx0QdLGBbX6qoz8NRpnKjgmAEdCGeRSj5TDlaF
1780495142691200,31220,eyJhbGciOiJIUzM4NCJ9.eyJzdWIiOiJwZXJmX3VzZXJfMTIxNiIsInVzZXJJZCI6MzEyMjAsImlhdCI6MTc4MDQ5NTA3OCwiZXhwIjoxNzgwNTAyMjc4fQ.T4SFsAzBtnugYRXD0L0gL0FK5g63j3G_SYVRMZWFScbtkcKsoQ8dT6AkISP54y5D
1780495144893841,31320,eyJhbGciOiJIUzM4NCJ9.eyJzdWIiOiJwZXJmX3VzZXJfMTMxNiIsInVzZXJJZCI6MzEzMjAsImlhdCI6MTc4MDQ5NTA3OCwiZXhwIjoxNzgwNTAyMjc4fQ.BfTT7uBxSOmHed4imtHA5w2LKKCY87ItNFta1k7rrRex0gU2KD7MSPxkypuxD6G5
1780495147099053,31420,eyJhbGciOiJIUzM4NCJ9.eyJzdWIiOiJwZXJmX3VzZXJfMTQxNiIsInVzZXJJZCI6MzE0MjAsImlhdCI6MTc4MDQ5NTA3OCwiZXhwIjoxNzgwNTAyMjc4fQ.wH6AClVxfhogqPSCqkiB69hcw1VNQfCYKBAZq_VVukz6xh0upbQjWlqYyLVdji_f
1780495149376540,31520,eyJhbGciOiJIUzM4NCJ9.eyJzdWIiOiJwZXJmX3VzZXJfMTUxNiIsInVzZXJJZCI6MzE1MjAsImlhdCI6MTc4MDQ5NTA3OCwiZXhwIjoxNzgwNTAyMjc4fQ.Gj8UVEY_rtwEPf2AMxy9LbkDB9Nq0IzfJcfNAAKHEkPf6wmxTt8V3p2Z1JPS7vNP
1780495115697720,30021,eyJhbGciOiJIUzM4NCJ9.eyJzdWIiOiJwZXJmX3VzZXJfMTciLCJ1c2VySWQiOjMwMDIxLCJpYXQiOjE3ODA0OTUwNzYsImV4cCI6MTc4MDUwMjI3Nn0.gIIx_RApnNObhwUYuu1E2dakDo2CDJFWjUBGYXqy7q0G2KeyMismyENKNjP8C_Tk
1780495117892200,30121,eyJhbGciOiJIUzM4NCJ9.eyJzdWIiOiJwZXJmX3VzZXJfMTE3IiwidXNlcklkIjozMDEyMSwiaWF0IjoxNzgwNDk1MDc3LCJleHAiOjE3ODA1MDIyNzd9.HJs3SmUjp1erbACQG5K3HdICAKODk3FkTWX7lAIvVH-4negBJzhE5gLkwX9T4EfD
1780495120168279,30221,eyJhbGciOiJIUzM4NCJ9.eyJzdWIiOiJwZXJmX3VzZXJfMjE3IiwidXNlcklkIjozMDIyMSwiaWF0IjoxNzgwNDk1MDc3LCJleHAiOjE3ODA1MDIyNzd9.OFaQASi44Si1DHxid7iEZXJO0jUTpWskzWsfm5wjaxlu9oduHx0Vh95k9SZVFZsm
1780495122399886,30321,eyJhbGciOiJIUzM4NCJ9.eyJzdWIiOiJwZXJmX3VzZXJfMzE3IiwidXNlcklkIjozMDMyMSwiaWF0IjoxNzgwNDk1MDc3LCJleHAiOjE3ODA1MDIyNzd9.KTeDtr_J4lCa4nnG8hUP_TiTdFbm4GByUYK73e-ZAFopA5MpqBGHoW0Iawv5jZgG
1780495124624826,30421,eyJhbGciOiJIUzM4NCJ9.eyJzdWIiOiJwZXJmX3VzZXJfNDE3IiwidXNlcklkIjozMDQyMSwiaWF0IjoxNzgwNDk1MDc3LCJleHAiOjE3ODA1MDIyNzd9.23aFrGeXat69IMMvzhYH8O0HaUq0KTgtgK000-AAEt4y6_1n_tI_r-yrGJQrhgRq
1780495126897911,30521,eyJhbGciOiJIUzM4NCJ9.eyJzdWIiOiJwZXJmX3VzZXJfNTE3IiwidXNlcklkIjozMDUyMSwiaWF0IjoxNzgwNDk1MDc3LCJleHAiOjE3ODA1MDIyNzd9.zeWeXeQjkRJ5QKkgfGtHQGY4MPNI5dBkWHKEKaApA5_2jn8NDg2rfM68jNCvLC38
1780495129156031,30621,eyJhbGciOiJIUzM4NCJ9.eyJzdWIiOiJwZXJmX3VzZXJfNjE3IiwidXNlcklkIjozMDYyMSwiaWF0IjoxNzgwNDk1MDc3LCJleHAiOjE3ODA1MDIyNzd9.Z4UjkG1GvrvzHCggVPmXtW7_60gym2UmRuheYPoOtcH_CCaANCvG2KmClfTy9iFb
1780495131432629,30721,eyJhbGciOiJIUzM4NCJ9.eyJzdWIiOiJwZXJmX3VzZXJfNzE3IiwidXNlcklkIjozMDcyMSwiaWF0IjoxNzgwNDk1MDc3LCJleHAiOjE3ODA1MDIyNzd9.3X_9aDqacjrYgOmZb8WUwWA_INauGPXn5cvD5h39Wcw827VDm1wRgKPb8qMNw5ku
1780495133685802,30821,eyJhbGciOiJIUzM4NCJ9.eyJzdWIiOiJwZXJmX3VzZXJfODE3IiwidXNlcklkIjozMDgyMSwiaWF0IjoxNzgwNDk1MDc3LCJleHAiOjE3ODA1MDIyNzd9.4XwNYJs3ED7iRy3StQJRsCmCJMUWAVD-CMj88VxpzgC92MUyyI4PjsIyJaKL6CgH
1780495135919783,30921,eyJhbGciOiJIUzM4NCJ9.eyJzdWIiOiJwZXJmX3VzZXJfOTE3IiwidXNlcklkIjozMDkyMSwiaWF0IjoxNzgwNDk1MDc4LCJleHAiOjE3ODA1MDIyNzh9._cTbBV4vcvNMZmQaCHn9yMqa9qCG-fRptKJiwBHaxQQP83dy-VZwA99-lTc_LNzT
1780495138276921,31021,eyJhbGciOiJIUzM4NCJ9.eyJzdWIiOiJwZXJmX3VzZXJfMTAxNyIsInVzZXJJZCI6MzEwMjEsImlhdCI6MTc4MDQ5NTA3OCwiZXhwIjoxNzgwNTAyMjc4fQ.u-qpoI3tbwgKDtizG4o8WNt59tUzhmkeUxIRqryz-T70U1qZ0B6p0lDNktWUnx-1
1780495140509003,31121,eyJhbGciOiJIUzM4NCJ9.eyJzdWIiOiJwZXJmX3VzZXJfMTExNyIsInVzZXJJZCI6MzExMjEsImlhdCI6MTc4MDQ5NTA3OCwiZXhwIjoxNzgwNTAyMjc4fQ.Ch6DAunvsmSNmx3FO_A-bxXpnIxPSkRsimwXAFpl21NyQaZx927rqPyVsgu5gwkn
1780495142691200,31221,eyJhbGciOiJIUzM4NCJ9.eyJzdWIiOiJwZXJmX3VzZXJfMTIxNyIsInVzZXJJZCI6MzEyMjEsImlhdCI6MTc4MDQ5NTA3OCwiZXhwIjoxNzgwNTAyMjc4fQ.US8W79_-EBiQsVhJtboQ6otmfTsBlku6s3ud6C1hzT7cfkeBiYSbUC8j6Wvfaiit
1780495144893841,31321,eyJhbGciOiJIUzM4NCJ9.eyJzdWIiOiJwZXJmX3VzZXJfMTMxNyIsInVzZXJJZCI6MzEzMjEsImlhdCI6MTc4MDQ5NTA3OCwiZXhwIjoxNzgwNTAyMjc4fQ.Fer2Bq_1xeRZP3Ovks-pzlsBz0LWvEYIvHGLMq6c0UcoEgkbu7kcbClJVpTwGCX0
1780495147099053,31421,eyJhbGciOiJIUzM4NCJ9.eyJzdWIiOiJwZXJmX3VzZXJfMTQxNyIsInVzZXJJZCI6MzE0MjEsImlhdCI6MTc4MDQ5NTA3OCwiZXhwIjoxNzgwNTAyMjc4fQ.BBxKF9nvjuDUU7l3zis1oWm2J3k2qCle4fk2zda64YqJMOPo2AO5XAlMROMgBhzn
1780495149376540,31521,eyJhbGciOiJIUzM4NCJ9.eyJzdWIiOiJwZXJmX3VzZXJfMTUxNyIsInVzZXJJZCI6MzE1MjEsImlhdCI6MTc4MDQ5NTA3OCwiZXhwIjoxNzgwNTAyMjc4fQ.YvnmRUuBU98eoYGstW2SBIRKI5kN1pkvryw3wYA3esNPJzjFdpGEjJuE48HsXrBi
1780495115697720,30022,eyJhbGciOiJIUzM4NCJ9.eyJzdWIiOiJwZXJmX3VzZXJfMTgiLCJ1c2VySWQiOjMwMDIyLCJpYXQiOjE3ODA0OTUwNzYsImV4cCI6MTc4MDUwMjI3Nn0.s0Jaozta-D-NC_ii4V6pa-FCWUeVOz_OP2ApD6S4Jn9FZ-Z4I-W3lWPN8-Dlk11C
1780495117892200,30122,eyJhbGciOiJIUzM4NCJ9.eyJzdWIiOiJwZXJmX3VzZXJfMTE4IiwidXNlcklkIjozMDEyMiwiaWF0IjoxNzgwNDk1MDc3LCJleHAiOjE3ODA1MDIyNzd9.kLH0va7Z90Q0dDMwV0DP2nkeCSSPklGRTBqgSSHTMiI8XsFQuBR6BBUO4kh0lUDI
1780495120168279,30222,eyJhbGciOiJIUzM4NCJ9.eyJzdWIiOiJwZXJmX3VzZXJfMjE4IiwidXNlcklkIjozMDIyMiwiaWF0IjoxNzgwNDk1MDc3LCJleHAiOjE3ODA1MDIyNzd9.FOvgbBEyA-LR6MKpaSa8Pysse6EL1WSUOdot6adtfMRqE_MuR1uCvMd3CZpLHroV
1780495122399886,30322,eyJhbGciOiJIUzM4NCJ9.eyJzdWIiOiJwZXJmX3VzZXJfMzE4IiwidXNlcklkIjozMDMyMiwiaWF0IjoxNzgwNDk1MDc3LCJleHAiOjE3ODA1MDIyNzd9.4nOIIif4QtxEe6nVb0dk2p-NPXxaFE0gb-AE1Dj-4jstgLfYVcvkOGF7rq_AP8V9
1780495124624826,30422,eyJhbGciOiJIUzM4NCJ9.eyJzdWIiOiJwZXJmX3VzZXJfNDE4IiwidXNlcklkIjozMDQyMiwiaWF0IjoxNzgwNDk1MDc3LCJleHAiOjE3ODA1MDIyNzd9.nOqTLa-WK5ABJ3lEyOyJH3p9O6yQzSTHJHBiQZ2J7Cb7Of2l0mZIRuKkXq29QYK_
1780495126897911,30522,eyJhbGciOiJIUzM4NCJ9.eyJzdWIiOiJwZXJmX3VzZXJfNTE4IiwidXNlcklkIjozMDUyMiwiaWF0IjoxNzgwNDk1MDc3LCJleHAiOjE3ODA1MDIyNzd9.vsxZOJMPbMRxIcS99H3BHTOMnnJVOe-Sc4gypXtK1LHEnb6wvZ8gHUXyCHpaULqt
1780495129156031,30622,eyJhbGciOiJIUzM4NCJ9.eyJzdWIiOiJwZXJmX3VzZXJfNjE4IiwidXNlcklkIjozMDYyMiwiaWF0IjoxNzgwNDk1MDc3LCJleHAiOjE3ODA1MDIyNzd9.W4NCaPxYdTxK5Z4I8TixF13bPhsd-7wSGhCunKXhUMyTLNObXaC_BX-on91kvuct
1780495131432629,30722,eyJhbGciOiJIUzM4NCJ9.eyJzdWIiOiJwZXJmX3VzZXJfNzE4IiwidXNlcklkIjozMDcyMiwiaWF0IjoxNzgwNDk1MDc3LCJleHAiOjE3ODA1MDIyNzd9.ci557o8HMp4HL2lQmsBwHQe4wQdkgpMfczfxnYEL-gbAQvkU7VJGgYY2crBFwHE3
1780495133685802,30822,eyJhbGciOiJIUzM4NCJ9.eyJzdWIiOiJwZXJmX3VzZXJfODE4IiwidXNlcklkIjozMDgyMiwiaWF0IjoxNzgwNDk1MDc3LCJleHAiOjE3ODA1MDIyNzd9.gmyXDw0HdWjHyE_0Fjkq0SVXiycfqLLivJy24Q9JVrgMyIjEZsJoKjNXo9VlmOnd
1780495135919783,30922,eyJhbGciOiJIUzM4NCJ9.eyJzdWIiOiJwZXJmX3VzZXJfOTE4IiwidXNlcklkIjozMDkyMiwiaWF0IjoxNzgwNDk1MDc4LCJleHAiOjE3ODA1MDIyNzh9.6yrXe1tXTmAFRy2SvzYURLEIg9l3OqJkrhnzYoyN6Gc-i9LOu7UXwyqWuhbaVdej
1780495138276921,31022,eyJhbGciOiJIUzM4NCJ9.eyJzdWIiOiJwZXJmX3VzZXJfMTAxOCIsInVzZXJJZCI6MzEwMjIsImlhdCI6MTc4MDQ5NTA3OCwiZXhwIjoxNzgwNTAyMjc4fQ.1sGK684412mlsRJGOW88tCoxvClSSuB6NfbjGMuoHtxqXzmUxJsKEBMFU6dk8UiS
1780495140509003,31122,eyJhbGciOiJIUzM4NCJ9.eyJzdWIiOiJwZXJmX3VzZXJfMTExOCIsInVzZXJJZCI6MzExMjIsImlhdCI6MTc4MDQ5NTA3OCwiZXhwIjoxNzgwNTAyMjc4fQ._Orc3xXVKrVGtofxmYxv_Eq_ahrUs8R3yeQlB4aJkXtEgCfwHliWHK1MMnndWjF2
1780495142691200,31222,eyJhbGciOiJIUzM4NCJ9.eyJzdWIiOiJwZXJmX3VzZXJfMTIxOCIsInVzZXJJZCI6MzEyMjIsImlhdCI6MTc4MDQ5NTA3OCwiZXhwIjoxNzgwNTAyMjc4fQ.LjECZYgTcXSrLBBndErGiGTnr3DgPAH4_ksCLy7T2x2SsYabhnP9XnyNkKUUnVc2
1780495144893841,31322,eyJhbGciOiJIUzM4NCJ9.eyJzdWIiOiJwZXJmX3VzZXJfMTMxOCIsInVzZXJJZCI6MzEzMjIsImlhdCI6MTc4MDQ5NTA3OCwiZXhwIjoxNzgwNTAyMjc4fQ.-OfVsATHdZdEAzIX3rtyK0RxvKgVgEqzZsStN1ROMouYahoMtCLgPBg3QaYYJqFT
1780495147099053,31422,eyJhbGciOiJIUzM4NCJ9.eyJzdWIiOiJwZXJmX3VzZXJfMTQxOCIsInVzZXJJZCI6MzE0MjIsImlhdCI6MTc4MDQ5NTA3OCwiZXhwIjoxNzgwNTAyMjc4fQ.GgTC7PINTHqGG0YizlRdROQWtXeCr0w87aNnTiATbugRcCWeVl_prQzfbnWOzgKh
1780495149376540,31522,eyJhbGciOiJIUzM4NCJ9.eyJzdWIiOiJwZXJmX3VzZXJfMTUxOCIsInVzZXJJZCI6MzE1MjIsImlhdCI6MTc4MDQ5NTA3OCwiZXhwIjoxNzgwNTAyMjc4fQ.L8RD429CYqKDkMKpNw_9WE-vtqcSh3VIJ-lQcOp_bSIjNlYdzoUAey2omS6VoZGl
1780495115697720,30023,eyJhbGciOiJIUzM4NCJ9.eyJzdWIiOiJwZXJmX3VzZXJfMTkiLCJ1c2VySWQiOjMwMDIzLCJpYXQiOjE3ODA0OTUwNzYsImV4cCI6MTc4MDUwMjI3Nn0.tsMqCms2i4N4-ceWBQmEMPWF_d8IQ1-S4qtlqNIyO4AWXhshDMZMmlyS77QH53Dz
1780495117892200,30123,eyJhbGciOiJIUzM4NCJ9.eyJzdWIiOiJwZXJmX3VzZXJfMTE5IiwidXNlcklkIjozMDEyMywiaWF0IjoxNzgwNDk1MDc3LCJleHAiOjE3ODA1MDIyNzd9._sTcz1f7TbVfIvji2RXblUfaPfK-iE87-EGrepVZOzB8Iy1cyzIkiqic8Z-gWDMh
1780495120168279,30223,eyJhbGciOiJIUzM4NCJ9.eyJzdWIiOiJwZXJmX3VzZXJfMjE5IiwidXNlcklkIjozMDIyMywiaWF0IjoxNzgwNDk1MDc3LCJleHAiOjE3ODA1MDIyNzd9.LhtPZppQN0jYIOLGn5esE5C3oYzVA4NZeX_HTPVq1H-kEiXe8I6posyK-U8Z74RR
1780495122399886,30323,eyJhbGciOiJIUzM4NCJ9.eyJzdWIiOiJwZXJmX3VzZXJfMzE5IiwidXNlcklkIjozMDMyMywiaWF0IjoxNzgwNDk1MDc3LCJleHAiOjE3ODA1MDIyNzd9.TpYgkrxX6a9-bTG6E2lqniewrM_AMaEg49IvBr_mzLo9QawjT7C5rje8yoZz49Tq
1780495124624826,30423,eyJhbGciOiJIUzM4NCJ9.eyJzdWIiOiJwZXJmX3VzZXJfNDE5IiwidXNlcklkIjozMDQyMywiaWF0IjoxNzgwNDk1MDc3LCJleHAiOjE3ODA1MDIyNzd9.ZZLb9w4rWhTNGvplkaiUUYHxIdZTkMkgJzCZh28Lq7McODfaMCKnQNKYY6AZo-bN
1780495126897911,30523,eyJhbGciOiJIUzM4NCJ9.eyJzdWIiOiJwZXJmX3VzZXJfNTE5IiwidXNlcklkIjozMDUyMywiaWF0IjoxNzgwNDk1MDc3LCJleHAiOjE3ODA1MDIyNzd9._6DyzuKOLXqgx-CiXGUBVDPuSBPhk7MJwO44_ORSwcajFz3L2Kd7NVC2dRw9K_ND
1780495129156031,30623,eyJhbGciOiJIUzM4NCJ9.eyJzdWIiOiJwZXJmX3VzZXJfNjE5IiwidXNlcklkIjozMDYyMywiaWF0IjoxNzgwNDk1MDc3LCJleHAiOjE3ODA1MDIyNzd9.FF47Tey1Yu1ZYSNLd9oWTe5LGa533mkhjmVhYHET-f6gEnZFOGyPV7McxJSpSG53
1780495131432629,30723,eyJhbGciOiJIUzM4NCJ9.eyJzdWIiOiJwZXJmX3VzZXJfNzE5IiwidXNlcklkIjozMDcyMywiaWF0IjoxNzgwNDk1MDc3LCJleHAiOjE3ODA1MDIyNzd9.p8kRjM4aovwjKgIVGkwQgVY4wwbZxfvMpVJLTRPDMGqOs5sj2fukwj2LCJUFUEtg
1780495133685802,30823,eyJhbGciOiJIUzM4NCJ9.eyJzdWIiOiJwZXJmX3VzZXJfODE5IiwidXNlcklkIjozMDgyMywiaWF0IjoxNzgwNDk1MDc3LCJleHAiOjE3ODA1MDIyNzd9.7y4TJyeKdkpTDpqrIhjvh1VbdQg5sHCZsJyOYzL634fgDIT9GIAvtqCSOGSHwQHO
1780495135919783,30923,eyJhbGciOiJIUzM4NCJ9.eyJzdWIiOiJwZXJmX3VzZXJfOTE5IiwidXNlcklkIjozMDkyMywiaWF0IjoxNzgwNDk1MDc4LCJleHAiOjE3ODA1MDIyNzh9.NSnvmvH5tCmSdrNRcHFTQmDbSwbaAv7XCgOqWeK6uvZ1ntOZNnR50Mq-OoaEk8oo
1780495138276921,31023,eyJhbGciOiJIUzM4NCJ9.eyJzdWIiOiJwZXJmX3VzZXJfMTAxOSIsInVzZXJJZCI6MzEwMjMsImlhdCI6MTc4MDQ5NTA3OCwiZXhwIjoxNzgwNTAyMjc4fQ.rtltEJuNb_E93JkDeoW1708TldA76f2KPAu-VRecBL2SIrzYYFjlQ_K7RY1RYCz4
1780495140509003,31123,eyJhbGciOiJIUzM4NCJ9.eyJzdWIiOiJwZXJmX3VzZXJfMTExOSIsInVzZXJJZCI6MzExMjMsImlhdCI6MTc4MDQ5NTA3OCwiZXhwIjoxNzgwNTAyMjc4fQ.ZNLDiOlKuuoCYYRTenTNGricfVxb3bIeGRVNXMI0mFKbnI5QH6A7WQwgIR2brORV
1780495142691200,31223,eyJhbGciOiJIUzM4NCJ9.eyJzdWIiOiJwZXJmX3VzZXJfMTIxOSIsInVzZXJJZCI6MzEyMjMsImlhdCI6MTc4MDQ5NTA3OCwiZXhwIjoxNzgwNTAyMjc4fQ.uhcO7ZltIIS3itajo-_Y6-frAHdvpLlwSfAwnuL4awRZjJK9-Kcy31-ZboS8U_9o
1780495144893841,31323,eyJhbGciOiJIUzM4NCJ9.eyJzdWIiOiJwZXJmX3VzZXJfMTMxOSIsInVzZXJJZCI6MzEzMjMsImlhdCI6MTc4MDQ5NTA3OCwiZXhwIjoxNzgwNTAyMjc4fQ.ObSO0uxVoCSdhDx_nQX4NM-Y-R4qu7vMmnYUMMdzgXougaQG9O23yRSiSkQtxVbD
1780495147099053,31423,eyJhbGciOiJIUzM4NCJ9.eyJzdWIiOiJwZXJmX3VzZXJfMTQxOSIsInVzZXJJZCI6MzE0MjMsImlhdCI6MTc4MDQ5NTA3OCwiZXhwIjoxNzgwNTAyMjc4fQ.JjysyiSDpCBwP-1fK7xILKn42QQKB8eFVi3WwypldoAeBqmt4McXCUf_DnO7Ok88
1780495149376540,31523,eyJhbGciOiJIUzM4NCJ9.eyJzdWIiOiJwZXJmX3VzZXJfMTUxOSIsInVzZXJJZCI6MzE1MjMsImlhdCI6MTc4MDQ5NTA3OCwiZXhwIjoxNzgwNTAyMjc4fQ.VIoREKlaDuClSq3axskY6jpTE2xG-QTKSkhn1k1uqb3crwTl730R2lH9196Haaen
1780495115697720,30024,eyJhbGciOiJIUzM4NCJ9.eyJzdWIiOiJwZXJmX3VzZXJfMjAiLCJ1c2VySWQiOjMwMDI0LCJpYXQiOjE3ODA0OTUwNzYsImV4cCI6MTc4MDUwMjI3Nn0.JbOw-2dlFrdXuGg5GhrQhxE7BTF6VXABJu0x15A3pGbk3Y4fOua3vE-cFHmTTWus
1780495117892200,30124,eyJhbGciOiJIUzM4NCJ9.eyJzdWIiOiJwZXJmX3VzZXJfMTIwIiwidXNlcklkIjozMDEyNCwiaWF0IjoxNzgwNDk1MDc3LCJleHAiOjE3ODA1MDIyNzd9.DwWRx6NhzTOyX1vKt8sNvtwJB3PqHj6j-KRD-DuMQ_n3BTQ-LW77z8XcU5v0ZR7F
1780495120168279,30224,eyJhbGciOiJIUzM4NCJ9.eyJzdWIiOiJwZXJmX3VzZXJfMjIwIiwidXNlcklkIjozMDIyNCwiaWF0IjoxNzgwNDk1MDc3LCJleHAiOjE3ODA1MDIyNzd9.kaCtoTGESwrGGLOhze_kjB9R0OLlMZDXkBNnW1ijhZJZY4yjbSBIcmZ88FHcUM0Z
1780495122399886,30324,eyJhbGciOiJIUzM4NCJ9.eyJzdWIiOiJwZXJmX3VzZXJfMzIwIiwidXNlcklkIjozMDMyNCwiaWF0IjoxNzgwNDk1MDc3LCJleHAiOjE3ODA1MDIyNzd9.fnfgIBA3FVOVCnwqJUI2wmexkGvncGmi_7fO6RrMESkr-WdJ3OmQOS5eseh930kK
1780495124624826,30424,eyJhbGciOiJIUzM4NCJ9.eyJzdWIiOiJwZXJmX3VzZXJfNDIwIiwidXNlcklkIjozMDQyNCwiaWF0IjoxNzgwNDk1MDc3LCJleHAiOjE3ODA1MDIyNzd9.DPGE31qi7DDsRxkTWD1qcWmAHcTOuP9kORdgUJhwL9k65nHkHhVYUQzW9f4LPess
1780495126897911,30524,eyJhbGciOiJIUzM4NCJ9.eyJzdWIiOiJwZXJmX3VzZXJfNTIwIiwidXNlcklkIjozMDUyNCwiaWF0IjoxNzgwNDk1MDc3LCJleHAiOjE3ODA1MDIyNzd9.A0j6HgnQOD6h79FLi7Tj-jcxyaA0BQKputXN05hUmQKVfT4JpidmvQK8hSYa0Zud
1780495129156031,30624,eyJhbGciOiJIUzM4NCJ9.eyJzdWIiOiJwZXJmX3VzZXJfNjIwIiwidXNlcklkIjozMDYyNCwiaWF0IjoxNzgwNDk1MDc3LCJleHAiOjE3ODA1MDIyNzd9.3ksFGoBOHMA2Xkl_s-UtgUQ9HTMREH2s8uCbOIJo-EZfi-utw3cexfsdnL7XWy8R
1780495131432629,30724,eyJhbGciOiJIUzM4NCJ9.eyJzdWIiOiJwZXJmX3VzZXJfNzIwIiwidXNlcklkIjozMDcyNCwiaWF0IjoxNzgwNDk1MDc3LCJleHAiOjE3ODA1MDIyNzd9.HPFUHMuz5KBrCfUJcwF_iLXN50aog872fj3KN85-cACkhARDMjNGNudfq6FalyZh
1780495133685802,30824,eyJhbGciOiJIUzM4NCJ9.eyJzdWIiOiJwZXJmX3VzZXJfODIwIiwidXNlcklkIjozMDgyNCwiaWF0IjoxNzgwNDk1MDc3LCJleHAiOjE3ODA1MDIyNzd9.kCkstdwc9ETMAWV3edQWLtjlGFUiW80L4TJ0NnqF5XTm02NUYbbjO_ywK4OOHu9y
1780495135919783,30924,eyJhbGciOiJIUzM4NCJ9.eyJzdWIiOiJwZXJmX3VzZXJfOTIwIiwidXNlcklkIjozMDkyNCwiaWF0IjoxNzgwNDk1MDc4LCJleHAiOjE3ODA1MDIyNzh9.FrItE4sys9mFLsfi4DycRRJeWpAgUnVr0Gi60-aOf0o469BrFd2VA0fA_idQD4fy
1780495138276921,31024,eyJhbGciOiJIUzM4NCJ9.eyJzdWIiOiJwZXJmX3VzZXJfMTAyMCIsInVzZXJJZCI6MzEwMjQsImlhdCI6MTc4MDQ5NTA3OCwiZXhwIjoxNzgwNTAyMjc4fQ.WdlLaHHmXLc8RoKjBFhbcWLjhCx2aSQYBKR6ldNaNiUvm6HZirOKdugYvuFwjPkW
1780495140509003,31124,eyJhbGciOiJIUzM4NCJ9.eyJzdWIiOiJwZXJmX3VzZXJfMTEyMCIsInVzZXJJZCI6MzExMjQsImlhdCI6MTc4MDQ5NTA3OCwiZXhwIjoxNzgwNTAyMjc4fQ.qC3-iqqVRRAk1g6G1qM_DDLVGBsFcrT8yOdBHefh14rgonG2PhhS2feTAU6TcRVE
1780495142691200,31224,eyJhbGciOiJIUzM4NCJ9.eyJzdWIiOiJwZXJmX3VzZXJfMTIyMCIsInVzZXJJZCI6MzEyMjQsImlhdCI6MTc4MDQ5NTA3OCwiZXhwIjoxNzgwNTAyMjc4fQ.U8HbmEiFSh0DIIwZB3Wuc2uJBVMWlW9gpNElTHz5ek7dUnzWmZmqw7XoefkWcnO7
1780495144893841,31324,eyJhbGciOiJIUzM4NCJ9.eyJzdWIiOiJwZXJmX3VzZXJfMTMyMCIsInVzZXJJZCI6MzEzMjQsImlhdCI6MTc4MDQ5NTA3OCwiZXhwIjoxNzgwNTAyMjc4fQ.EA81UsyiyAiGMLv0b9nVIe47IrRpTod9vZxbgjJI7gXP5tsa8_QYBdFniAMY9_U8
1780495147099053,31424,eyJhbGciOiJIUzM4NCJ9.eyJzdWIiOiJwZXJmX3VzZXJfMTQyMCIsInVzZXJJZCI6MzE0MjQsImlhdCI6MTc4MDQ5NTA3OCwiZXhwIjoxNzgwNTAyMjc4fQ.0Wvz5g0625RfC58NSF0fshShGmreJxNtQvjYZoWdmekqV9scoe362OlXbc0mT8qT
1780495149376540,31524,eyJhbGciOiJIUzM4NCJ9.eyJzdWIiOiJwZXJmX3VzZXJfMTUyMCIsInVzZXJJZCI6MzE1MjQsImlhdCI6MTc4MDQ5NTA3OCwiZXhwIjoxNzgwNTAyMjc4fQ.IveuxArR0rGUNSQwxtPa91D0z3ebkgV8sFR1NrpUF6Y7u7tTkn5j7_CjRyIMkV-i
1780495115697720,30025,eyJhbGciOiJIUzM4NCJ9.eyJzdWIiOiJwZXJmX3VzZXJfMjEiLCJ1c2VySWQiOjMwMDI1LCJpYXQiOjE3ODA0OTUwNzYsImV4cCI6MTc4MDUwMjI3Nn0.mXUNWsV6z5NZCpDsoe8LOZ2_Dv8gXjVyB_8XUW0S06c9TAG2nL_ZBhwFQ9ueXfM3
1780495117892200,30125,eyJhbGciOiJIUzM4NCJ9.eyJzdWIiOiJwZXJmX3VzZXJfMTIxIiwidXNlcklkIjozMDEyNSwiaWF0IjoxNzgwNDk1MDc3LCJleHAiOjE3ODA1MDIyNzd9.4Z3YWMs0dG7etHXYIcBcASiVrKroAVP2N0symnfJnEJjhRwDLEPHZ5CiT0a93AgL
1780495120168279,30225,eyJhbGciOiJIUzM4NCJ9.eyJzdWIiOiJwZXJmX3VzZXJfMjIxIiwidXNlcklkIjozMDIyNSwiaWF0IjoxNzgwNDk1MDc3LCJleHAiOjE3ODA1MDIyNzd9.P2enSJl0pVMf0ArKkDmMewq9yQ_Tpv6-lceQQ_CNKDB6WCKhomqUq4gABbDCWZz_
1780495122399886,30325,eyJhbGciOiJIUzM4NCJ9.eyJzdWIiOiJwZXJmX3VzZXJfMzIxIiwidXNlcklkIjozMDMyNSwiaWF0IjoxNzgwNDk1MDc3LCJleHAiOjE3ODA1MDIyNzd9.nvFzvjRh4rOUGwaA69KARL5qKk1RHTUodGaokkxhPDaeQDLYtG1pasD-LoOUYber
1780495124624826,30425,eyJhbGciOiJIUzM4NCJ9.eyJzdWIiOiJwZXJmX3VzZXJfNDIxIiwidXNlcklkIjozMDQyNSwiaWF0IjoxNzgwNDk1MDc3LCJleHAiOjE3ODA1MDIyNzd9.hdBzfOuct727xlX2pN8XQ0YARFh1DkpGcb2P2dehYXk1hbeCqZ8Dv-S4W3Kdd-Jt
1780495126897911,30525,eyJhbGciOiJIUzM4NCJ9.eyJzdWIiOiJwZXJmX3VzZXJfNTIxIiwidXNlcklkIjozMDUyNSwiaWF0IjoxNzgwNDk1MDc3LCJleHAiOjE3ODA1MDIyNzd9.vSoqy2Fn_69OVyoIMm4SvaaRtm3UZMIq2iVLXKEMOOcLLSjIx6lCheN9yTCuhtDz
1780495129156031,30625,eyJhbGciOiJIUzM4NCJ9.eyJzdWIiOiJwZXJmX3VzZXJfNjIxIiwidXNlcklkIjozMDYyNSwiaWF0IjoxNzgwNDk1MDc3LCJleHAiOjE3ODA1MDIyNzd9.WELP4wx2wDNVdPs7nGFHDKoEV_957TFfP-Vw_ixAT34sOs1qlkw-7ziUeuUkWQsN
1780495131432629,30725,eyJhbGciOiJIUzM4NCJ9.eyJzdWIiOiJwZXJmX3VzZXJfNzIxIiwidXNlcklkIjozMDcyNSwiaWF0IjoxNzgwNDk1MDc3LCJleHAiOjE3ODA1MDIyNzd9.XDCeWKmaz0lp8xiopNRsSrPqQqoFqX8TOZhza6UGiosPhzGNH6MGk3G9L1S8VeaU
1780495133685802,30825,eyJhbGciOiJIUzM4NCJ9.eyJzdWIiOiJwZXJmX3VzZXJfODIxIiwidXNlcklkIjozMDgyNSwiaWF0IjoxNzgwNDk1MDc3LCJleHAiOjE3ODA1MDIyNzd9.aWru2XDoIaOd3_hZk4clVWoYXl5HXYJ03BTWMZL9rzWMrBC9D_fBoR-6XlvTCJT8
1780495135919783,30925,eyJhbGciOiJIUzM4NCJ9.eyJzdWIiOiJwZXJmX3VzZXJfOTIxIiwidXNlcklkIjozMDkyNSwiaWF0IjoxNzgwNDk1MDc4LCJleHAiOjE3ODA1MDIyNzh9.9VV-iLzEJlkyD1hTAEoi7PHt9TSaf9yCRibYpQVFOQC39oyTM6jxqrZ2S9l6qnGE
1780495138276921,31025,eyJhbGciOiJIUzM4NCJ9.eyJzdWIiOiJwZXJmX3VzZXJfMTAyMSIsInVzZXJJZCI6MzEwMjUsImlhdCI6MTc4MDQ5NTA3OCwiZXhwIjoxNzgwNTAyMjc4fQ.dXGWdeM7ajMwQIdY8wbuLAQIb_ikMkeIUYilPf9-bK703fixNGNkqTFe82aEoydN
1780495140509003,31125,eyJhbGciOiJIUzM4NCJ9.eyJzdWIiOiJwZXJmX3VzZXJfMTEyMSIsInVzZXJJZCI6MzExMjUsImlhdCI6MTc4MDQ5NTA3OCwiZXhwIjoxNzgwNTAyMjc4fQ._5cuJCnl3L8UqOsabqZs2gH0d3uR5Opnzj38LhBYSkxO8lih_ogFmoPjNXahc0Y9
1780495142691200,31225,eyJhbGciOiJIUzM4NCJ9.eyJzdWIiOiJwZXJmX3VzZXJfMTIyMSIsInVzZXJJZCI6MzEyMjUsImlhdCI6MTc4MDQ5NTA3OCwiZXhwIjoxNzgwNTAyMjc4fQ.rW0J-HD9Srm_1wBh9PfUHnstlRyXtlDsht-MFoW7w9MpVzUeLhgh7tPNGg--10Aa
1780495144893841,31325,eyJhbGciOiJIUzM4NCJ9.eyJzdWIiOiJwZXJmX3VzZXJfMTMyMSIsInVzZXJJZCI6MzEzMjUsImlhdCI6MTc4MDQ5NTA3OCwiZXhwIjoxNzgwNTAyMjc4fQ.qJyaKcNCKhzRJ_thYXnoqi6dmBluNmY-HF8nvryNVGSRfk6msSGlocxsqFmcPcsZ
1780495147099053,31425,eyJhbGciOiJIUzM4NCJ9.eyJzdWIiOiJwZXJmX3VzZXJfMTQyMSIsInVzZXJJZCI6MzE0MjUsImlhdCI6MTc4MDQ5NTA3OCwiZXhwIjoxNzgwNTAyMjc4fQ.cwUUhSdfInMpsswi3-KSmyvJ6wG8wEsj7hNGYkguDdn5RPUgZcPjyhprZTb5YT6o
1780495149376540,31525,eyJhbGciOiJIUzM4NCJ9.eyJzdWIiOiJwZXJmX3VzZXJfMTUyMSIsInVzZXJJZCI6MzE1MjUsImlhdCI6MTc4MDQ5NTA3OCwiZXhwIjoxNzgwNTAyMjc4fQ.olKOrVI55GWpZxPDuXla37MHyVwdLOGqtBvmPAoQKKgX8Kl5JvmPWzEaCC74Xfwd
1780495115697720,30026,eyJhbGciOiJIUzM4NCJ9.eyJzdWIiOiJwZXJmX3VzZXJfMjIiLCJ1c2VySWQiOjMwMDI2LCJpYXQiOjE3ODA0OTUwNzYsImV4cCI6MTc4MDUwMjI3Nn0.Mr53n01_jPVMEzcFmMCYphe-fi0Hq7Zoc8Ip5gLdKCIEOwyyaYFUbkOeeFdMfqS4
1780495117892200,30126,eyJhbGciOiJIUzM4NCJ9.eyJzdWIiOiJwZXJmX3VzZXJfMTIyIiwidXNlcklkIjozMDEyNiwiaWF0IjoxNzgwNDk1MDc3LCJleHAiOjE3ODA1MDIyNzd9.k2hSAQjxmfqP_WyR08BPtXBxju8PRnqXnmYPT_TMpfdBWUsanYr_ECCft4AOKrBH
1780495120168279,30226,eyJhbGciOiJIUzM4NCJ9.eyJzdWIiOiJwZXJmX3VzZXJfMjIyIiwidXNlcklkIjozMDIyNiwiaWF0IjoxNzgwNDk1MDc3LCJleHAiOjE3ODA1MDIyNzd9.W5DDHTz5CTdL8dkcYWY3rFiio9BVOWhEr8H8-Vp5kOUoaBCTNJpe7-S18cpS8RGi
1780495122399886,30326,eyJhbGciOiJIUzM4NCJ9.eyJzdWIiOiJwZXJmX3VzZXJfMzIyIiwidXNlcklkIjozMDMyNiwiaWF0IjoxNzgwNDk1MDc3LCJleHAiOjE3ODA1MDIyNzd9.CQUp8dhydnkpW4bjApewwhG7KkvEqQzKKK_chMgKFCGIiq5f1KHGYXoTlcAMwstA
1780495124624826,30426,eyJhbGciOiJIUzM4NCJ9.eyJzdWIiOiJwZXJmX3VzZXJfNDIyIiwidXNlcklkIjozMDQyNiwiaWF0IjoxNzgwNDk1MDc3LCJleHAiOjE3ODA1MDIyNzd9.UQ2cLeiutVZSds7u7Md0gPysLpyYh_hchpz_5EfoPbhfznGe5ha47cut2K2gYrkN
1780495126897911,30526,eyJhbGciOiJIUzM4NCJ9.eyJzdWIiOiJwZXJmX3VzZXJfNTIyIiwidXNlcklkIjozMDUyNiwiaWF0IjoxNzgwNDk1MDc3LCJleHAiOjE3ODA1MDIyNzd9.2zbnreNjZ0stl-x-_EAWALZTdSL16-zvY0nNKrDjm3EV1U1yaTNFJ9ne7fQb1r-1
1780495129156031,30626,eyJhbGciOiJIUzM4NCJ9.eyJzdWIiOiJwZXJmX3VzZXJfNjIyIiwidXNlcklkIjozMDYyNiwiaWF0IjoxNzgwNDk1MDc3LCJleHAiOjE3ODA1MDIyNzd9.3g-D_0i588xuD1nD6BZdBVT7vllrhjsC691zzAiMIlqEbZjOBSSr4Kc1FlYPwvKf
1780495131432629,30726,eyJhbGciOiJIUzM4NCJ9.eyJzdWIiOiJwZXJmX3VzZXJfNzIyIiwidXNlcklkIjozMDcyNiwiaWF0IjoxNzgwNDk1MDc3LCJleHAiOjE3ODA1MDIyNzd9.O3eyLb2pQ4k_peeRvE2spqs3_xD21UX9OyjbZt0uS8_4mQWVRwfK9gmxjcW0Ph5-
1780495133685802,30826,eyJhbGciOiJIUzM4NCJ9.eyJzdWIiOiJwZXJmX3VzZXJfODIyIiwidXNlcklkIjozMDgyNiwiaWF0IjoxNzgwNDk1MDc3LCJleHAiOjE3ODA1MDIyNzd9.ngZLy5Yf-5Z7Q9rOV3UN4JMbpbEgv7j2q8sZOUluo6M9-b3UxKsGifvD5Hc6BN_5
1780495135919783,30926,eyJhbGciOiJIUzM4NCJ9.eyJzdWIiOiJwZXJmX3VzZXJfOTIyIiwidXNlcklkIjozMDkyNiwiaWF0IjoxNzgwNDk1MDc4LCJleHAiOjE3ODA1MDIyNzh9.VXkZcxAJeXgF5dw125HRMF15K5SFIFLGvQJ49A0E_7udtHC_8c5s6rkaefs50I38
1780495138276921,31026,eyJhbGciOiJIUzM4NCJ9.eyJzdWIiOiJwZXJmX3VzZXJfMTAyMiIsInVzZXJJZCI6MzEwMjYsImlhdCI6MTc4MDQ5NTA3OCwiZXhwIjoxNzgwNTAyMjc4fQ.Q8GOSD9Ofyq-TpwwPEZAbFo2l3v2o_nJGeFU2dxnRAFX9ErTQR6d94sC6Tqxg2hz
1780495140509003,31126,eyJhbGciOiJIUzM4NCJ9.eyJzdWIiOiJwZXJmX3VzZXJfMTEyMiIsInVzZXJJZCI6MzExMjYsImlhdCI6MTc4MDQ5NTA3OCwiZXhwIjoxNzgwNTAyMjc4fQ.bwW2ud1bY0jMxBP6cbjWUpG7oVBs5O3n_AwAYnLhaYvbuQzlxnMItpYuXGV5deU4
1780495142691200,31226,eyJhbGciOiJIUzM4NCJ9.eyJzdWIiOiJwZXJmX3VzZXJfMTIyMiIsInVzZXJJZCI6MzEyMjYsImlhdCI6MTc4MDQ5NTA3OCwiZXhwIjoxNzgwNTAyMjc4fQ.7XVKqd-C1WTrQn-TZYi_1VVP6FY2TAUJlWtERmtZUyaNw8dydoseCLqPkUufm7B5
1780495144893841,31326,eyJhbGciOiJIUzM4NCJ9.eyJzdWIiOiJwZXJmX3VzZXJfMTMyMiIsInVzZXJJZCI6MzEzMjYsImlhdCI6MTc4MDQ5NTA3OCwiZXhwIjoxNzgwNTAyMjc4fQ.wYzRW13JTBPyipYLPCOvf6e7P0VSIwJptHefupLSp1pDpXach894-yQFbWfWi48-
1780495147099053,31426,eyJhbGciOiJIUzM4NCJ9.eyJzdWIiOiJwZXJmX3VzZXJfMTQyMiIsInVzZXJJZCI6MzE0MjYsImlhdCI6MTc4MDQ5NTA3OCwiZXhwIjoxNzgwNTAyMjc4fQ.Tom5sdqgBE9jde22OnXIh6Nf1pePsLpzdB98bEhhee_hX8pW2ZZadbD_kn8FS0Lu
1780495149376540,31526,eyJhbGciOiJIUzM4NCJ9.eyJzdWIiOiJwZXJmX3VzZXJfMTUyMiIsInVzZXJJZCI6MzE1MjYsImlhdCI6MTc4MDQ5NTA3OCwiZXhwIjoxNzgwNTAyMjc4fQ.ie2HQRXoAVhuWBL8SLP72ij01_MYsW_Uywf6ydOEp0acCTyU6DWLj64j3ScxcSue
1780495115697720,30027,eyJhbGciOiJIUzM4NCJ9.eyJzdWIiOiJwZXJmX3VzZXJfMjMiLCJ1c2VySWQiOjMwMDI3LCJpYXQiOjE3ODA0OTUwNzYsImV4cCI6MTc4MDUwMjI3Nn0.yltq2BDwovQ1zjdLusYPB7wh0OQYk3ga9Phc4jH_SbBbJUi3Mmar6pqsirBaTfpt
1780495117892200,30127,eyJhbGciOiJIUzM4NCJ9.eyJzdWIiOiJwZXJmX3VzZXJfMTIzIiwidXNlcklkIjozMDEyNywiaWF0IjoxNzgwNDk1MDc3LCJleHAiOjE3ODA1MDIyNzd9.Lj471ie_E8wHVUwxiZFg4YFrqMpRoH-zuYkRbzLRl3N_O55bJ_XVfzWjLrMammtO
1780495120168279,30227,eyJhbGciOiJIUzM4NCJ9.eyJzdWIiOiJwZXJmX3VzZXJfMjIzIiwidXNlcklkIjozMDIyNywiaWF0IjoxNzgwNDk1MDc3LCJleHAiOjE3ODA1MDIyNzd9._6lmC9hlbohfUSdA9tehiuiP6Gd6T7YbFO0guvejpJpxw08VXY-rdxnQM-x40tFr
1780495122399886,30327,eyJhbGciOiJIUzM4NCJ9.eyJzdWIiOiJwZXJmX3VzZXJfMzIzIiwidXNlcklkIjozMDMyNywiaWF0IjoxNzgwNDk1MDc3LCJleHAiOjE3ODA1MDIyNzd9.fn3K3fWKj1mlhCymKYC8QOO0dun4dFm3oYPCuiNpKvPuPyAY1k5xdD6iLrbLFHw6
1780495124624826,30427,eyJhbGciOiJIUzM4NCJ9.eyJzdWIiOiJwZXJmX3VzZXJfNDIzIiwidXNlcklkIjozMDQyNywiaWF0IjoxNzgwNDk1MDc3LCJleHAiOjE3ODA1MDIyNzd9.0Pk1R6XCUGo9SKz2BF9nV1ER7qdDOSwjaTsUSqcaDv3zR_X7AfVueo_eNs2lehOw
1780495126897911,30527,eyJhbGciOiJIUzM4NCJ9.eyJzdWIiOiJwZXJmX3VzZXJfNTIzIiwidXNlcklkIjozMDUyNywiaWF0IjoxNzgwNDk1MDc3LCJleHAiOjE3ODA1MDIyNzd9.IETGW_Yoa6NbMVfGEo-4OD7j40eBrsamFgVz7ep7pW_GWUY9vtFrYvLri-2pYkEA
1780495129156031,30627,eyJhbGciOiJIUzM4NCJ9.eyJzdWIiOiJwZXJmX3VzZXJfNjIzIiwidXNlcklkIjozMDYyNywiaWF0IjoxNzgwNDk1MDc3LCJleHAiOjE3ODA1MDIyNzd9.WMUjIYQ_i5xSnTQ9369LXD6XDXnWl_AyKYl_hlxTK_bxZ8tpt-SaH6h2GSVSBoQt
1780495131432629,30727,eyJhbGciOiJIUzM4NCJ9.eyJzdWIiOiJwZXJmX3VzZXJfNzIzIiwidXNlcklkIjozMDcyNywiaWF0IjoxNzgwNDk1MDc3LCJleHAiOjE3ODA1MDIyNzd9.Iu8DfvLjfF6vOfLWbTyl9eaZk3W0nPpY-qKRNUQ0XXIdOj10GVo7vqLGRNm5NK5v
1780495133685802,30827,eyJhbGciOiJIUzM4NCJ9.eyJzdWIiOiJwZXJmX3VzZXJfODIzIiwidXNlcklkIjozMDgyNywiaWF0IjoxNzgwNDk1MDc3LCJleHAiOjE3ODA1MDIyNzd9.VscmRV90aRCTczf4CFYp5ix194tV76Vxy805EBXRf5WD-Y7khzjBinFbN1EAIMkG
1780495135919783,30927,eyJhbGciOiJIUzM4NCJ9.eyJzdWIiOiJwZXJmX3VzZXJfOTIzIiwidXNlcklkIjozMDkyNywiaWF0IjoxNzgwNDk1MDc4LCJleHAiOjE3ODA1MDIyNzh9.J5bbk95Oyle6_l8fATAXMlvP7QZRlijg2R4jxKPmKErmMxaDBzTin39399l0ihgw
1780495138276921,31027,eyJhbGciOiJIUzM4NCJ9.eyJzdWIiOiJwZXJmX3VzZXJfMTAyMyIsInVzZXJJZCI6MzEwMjcsImlhdCI6MTc4MDQ5NTA3OCwiZXhwIjoxNzgwNTAyMjc4fQ.cA5CtEz58QI9_e47jdpEJylf-NcYE-w-yJv3P06tZYpomiLoWwLqidopdTiWI-JW
1780495140509003,31127,eyJhbGciOiJIUzM4NCJ9.eyJzdWIiOiJwZXJmX3VzZXJfMTEyMyIsInVzZXJJZCI6MzExMjcsImlhdCI6MTc4MDQ5NTA3OCwiZXhwIjoxNzgwNTAyMjc4fQ.8uierTcSm-aMMa-Kw8mJ9oon3fP_D2e2WDH3aswvhjybXwh_CiAXCp0jUh5v1Nhd
1780495142691200,31227,eyJhbGciOiJIUzM4NCJ9.eyJzdWIiOiJwZXJmX3VzZXJfMTIyMyIsInVzZXJJZCI6MzEyMjcsImlhdCI6MTc4MDQ5NTA3OCwiZXhwIjoxNzgwNTAyMjc4fQ.d0hDPrOz55W7h3MzXQqCHmTtinmGrTP8Atf_H2egcCE7Lzp__tMSlGan9_Jy0O6l
1780495144893841,31327,eyJhbGciOiJIUzM4NCJ9.eyJzdWIiOiJwZXJmX3VzZXJfMTMyMyIsInVzZXJJZCI6MzEzMjcsImlhdCI6MTc4MDQ5NTA3OCwiZXhwIjoxNzgwNTAyMjc4fQ.MkDtf_1UXdOKDvCbwbd9SyNy_oJZYSVJp6LhckYRTPRwThzNJ57nH4_pgO7A7y1F
1780495147099053,31427,eyJhbGciOiJIUzM4NCJ9.eyJzdWIiOiJwZXJmX3VzZXJfMTQyMyIsInVzZXJJZCI6MzE0MjcsImlhdCI6MTc4MDQ5NTA3OCwiZXhwIjoxNzgwNTAyMjc4fQ.uUVoEIH7v9ARqLxndS0vw0TRqDGKg9_43hxPvDfWdRGG2qyiE473EIfgI_RaX3bD
1780495149376540,31527,eyJhbGciOiJIUzM4NCJ9.eyJzdWIiOiJwZXJmX3VzZXJfMTUyMyIsInVzZXJJZCI6MzE1MjcsImlhdCI6MTc4MDQ5NTA3OCwiZXhwIjoxNzgwNTAyMjc4fQ.r1p_8_32v-sS3zztWhYXKAMWqYGu2yFLhOAPmrMnVz9umOolfZK1hcCkNEm90iY7
1780495115697720,30028,eyJhbGciOiJIUzM4NCJ9.eyJzdWIiOiJwZXJmX3VzZXJfMjQiLCJ1c2VySWQiOjMwMDI4LCJpYXQiOjE3ODA0OTUwNzYsImV4cCI6MTc4MDUwMjI3Nn0.LjmSUmaprVq_yrI2dO7xpLiCJMAWuF1AjEMool1a7Cuk3K9t4TdSjZcaiOg0tdQX
1780495117892200,30128,eyJhbGciOiJIUzM4NCJ9.eyJzdWIiOiJwZXJmX3VzZXJfMTI0IiwidXNlcklkIjozMDEyOCwiaWF0IjoxNzgwNDk1MDc3LCJleHAiOjE3ODA1MDIyNzd9.symnp5vDfG9romcNB4vngzbBvjoECgmMtOPZpx7OkjG3Lrw500gTG2kfYwLfONAW
1780495120168279,30228,eyJhbGciOiJIUzM4NCJ9.eyJzdWIiOiJwZXJmX3VzZXJfMjI0IiwidXNlcklkIjozMDIyOCwiaWF0IjoxNzgwNDk1MDc3LCJleHAiOjE3ODA1MDIyNzd9.9HBHbE0aRChzRnZcaWeuRfXLEKPuKoEccxUHxFXjR90Vp3mMBBr0ydmpdx4lSm0w
1780495122399886,30328,eyJhbGciOiJIUzM4NCJ9.eyJzdWIiOiJwZXJmX3VzZXJfMzI0IiwidXNlcklkIjozMDMyOCwiaWF0IjoxNzgwNDk1MDc3LCJleHAiOjE3ODA1MDIyNzd9.OSGphKCu11cTspE1gy_w4o-65v52KhEJW9L7Epv7igSpsiOLtklUBA7MlD69Tk2B
1780495124624826,30428,eyJhbGciOiJIUzM4NCJ9.eyJzdWIiOiJwZXJmX3VzZXJfNDI0IiwidXNlcklkIjozMDQyOCwiaWF0IjoxNzgwNDk1MDc3LCJleHAiOjE3ODA1MDIyNzd9.um7czac10A9cvv4DD86QopeJyQP8M_wJQQVWsgo9O2Nmx_nUbelATzGPOEPaA3mt
1780495126897911,30528,eyJhbGciOiJIUzM4NCJ9.eyJzdWIiOiJwZXJmX3VzZXJfNTI0IiwidXNlcklkIjozMDUyOCwiaWF0IjoxNzgwNDk1MDc3LCJleHAiOjE3ODA1MDIyNzd9.kVZ2NmCKYVBT9N4aBpSaxwZpkIegqFaf50JTSMsCUMmObAklNAr1Af9BqZukvOsh
1780495129156031,30628,eyJhbGciOiJIUzM4NCJ9.eyJzdWIiOiJwZXJmX3VzZXJfNjI0IiwidXNlcklkIjozMDYyOCwiaWF0IjoxNzgwNDk1MDc3LCJleHAiOjE3ODA1MDIyNzd9.mUYGH6XQR9Xz-NxAJP44OFZT8byFwWex_4hwSw26sCgFCiLrh_YSdHz4mqk_BUR0
1780495131432629,30728,eyJhbGciOiJIUzM4NCJ9.eyJzdWIiOiJwZXJmX3VzZXJfNzI0IiwidXNlcklkIjozMDcyOCwiaWF0IjoxNzgwNDk1MDc3LCJleHAiOjE3ODA1MDIyNzd9.OKJsN9MRC9XqjevCAnY6oObOkISOJH-SfE2y7403J8hsy2YScY_tsgpZMjWNcvMG
1780495133685802,30828,eyJhbGciOiJIUzM4NCJ9.eyJzdWIiOiJwZXJmX3VzZXJfODI0IiwidXNlcklkIjozMDgyOCwiaWF0IjoxNzgwNDk1MDc3LCJleHAiOjE3ODA1MDIyNzd9.3yZNXh5cLNtkL5617UfM4OP7GPJdfl3JetLFddtIpykwdmag2NGIW5DiCcpLFwsv
1780495135919783,30928,eyJhbGciOiJIUzM4NCJ9.eyJzdWIiOiJwZXJmX3VzZXJfOTI0IiwidXNlcklkIjozMDkyOCwiaWF0IjoxNzgwNDk1MDc4LCJleHAiOjE3ODA1MDIyNzh9.kM77_kLxSkQkFAmn3Tb8767uyEPWgl_U67mmq6z2TlMq4S6vi3w5OA3M0LTPCfp7
1780495138276921,31028,eyJhbGciOiJIUzM4NCJ9.eyJzdWIiOiJwZXJmX3VzZXJfMTAyNCIsInVzZXJJZCI6MzEwMjgsImlhdCI6MTc4MDQ5NTA3OCwiZXhwIjoxNzgwNTAyMjc4fQ.now-NvTTDWBH6aR0LCUG9r-yT7QwxH57GNhszjXKGX_3qrkWWeENgl-uCkmvmijc
1780495140509003,31128,eyJhbGciOiJIUzM4NCJ9.eyJzdWIiOiJwZXJmX3VzZXJfMTEyNCIsInVzZXJJZCI6MzExMjgsImlhdCI6MTc4MDQ5NTA3OCwiZXhwIjoxNzgwNTAyMjc4fQ.C0OmaFuJnwX9nTW_1zL8IdM95jj_xGYrhhwZvuexnmgNJhEx3Z4D-2dEbKeW3Im6
1780495142691200,31228,eyJhbGciOiJIUzM4NCJ9.eyJzdWIiOiJwZXJmX3VzZXJfMTIyNCIsInVzZXJJZCI6MzEyMjgsImlhdCI6MTc4MDQ5NTA3OCwiZXhwIjoxNzgwNTAyMjc4fQ.ODWk-ezwu3t2X7RHDqYGYGhE-Bt67HAtXgtnRWwCg9lJFVizdiXDv_7lixp8zAij
1780495144893841,31328,eyJhbGciOiJIUzM4NCJ9.eyJzdWIiOiJwZXJmX3VzZXJfMTMyNCIsInVzZXJJZCI6MzEzMjgsImlhdCI6MTc4MDQ5NTA3OCwiZXhwIjoxNzgwNTAyMjc4fQ.1EWEObj-Ol7l_EWsRUm4boAMXhBphz5a_YtKUyAIe4ItoAW-zugOdQ-5lzdCa9w8
1780495147099053,31428,eyJhbGciOiJIUzM4NCJ9.eyJzdWIiOiJwZXJmX3VzZXJfMTQyNCIsInVzZXJJZCI6MzE0MjgsImlhdCI6MTc4MDQ5NTA3OCwiZXhwIjoxNzgwNTAyMjc4fQ.0VLOOlR5sOp_5Mex0S6L_h2hkoZHs8lLKx914BYEhCwWlK3WaOkF84v9-lCUnnTz
1780495149376540,31528,eyJhbGciOiJIUzM4NCJ9.eyJzdWIiOiJwZXJmX3VzZXJfMTUyNCIsInVzZXJJZCI6MzE1MjgsImlhdCI6MTc4MDQ5NTA3OCwiZXhwIjoxNzgwNTAyMjc4fQ.dZszzEIAOlzGQWNi7sDFKuAGi10ndouFqeu_JgFrhuy9zd07VXJtTJ5CBmtvId7b
1780495115697720,30029,eyJhbGciOiJIUzM4NCJ9.eyJzdWIiOiJwZXJmX3VzZXJfMjUiLCJ1c2VySWQiOjMwMDI5LCJpYXQiOjE3ODA0OTUwNzYsImV4cCI6MTc4MDUwMjI3Nn0.gmH9IqCGR8cvdBuKB6FufjJn2kfITdhV34HL6WQJToypmdKTwc4rUS_JTWyC9ii4
1780495117892200,30129,eyJhbGciOiJIUzM4NCJ9.eyJzdWIiOiJwZXJmX3VzZXJfMTI1IiwidXNlcklkIjozMDEyOSwiaWF0IjoxNzgwNDk1MDc3LCJleHAiOjE3ODA1MDIyNzd9.P2jB3_lAFjOeOE9oaRsSwHa5oz4cOmehjQZuyJ5IDHPoHLJrzaUwmtX6yyNqcHHz
1780495120168279,30229,eyJhbGciOiJIUzM4NCJ9.eyJzdWIiOiJwZXJmX3VzZXJfMjI1IiwidXNlcklkIjozMDIyOSwiaWF0IjoxNzgwNDk1MDc3LCJleHAiOjE3ODA1MDIyNzd9.eYuC4Ib1Vfm80ZENvLTkeZ7dEufLc3pG-HRFkKhuduUtMm-2EXX86nvqxUMRqCMF
1780495122399886,30329,eyJhbGciOiJIUzM4NCJ9.eyJzdWIiOiJwZXJmX3VzZXJfMzI1IiwidXNlcklkIjozMDMyOSwiaWF0IjoxNzgwNDk1MDc3LCJleHAiOjE3ODA1MDIyNzd9.mgTrbDwqJXapO6uLh176AMQWxSJneOp1IdRRo7SRIz4wvvSfUGSRu2FoQtJLMO9g
1780495124624826,30429,eyJhbGciOiJIUzM4NCJ9.eyJzdWIiOiJwZXJmX3VzZXJfNDI1IiwidXNlcklkIjozMDQyOSwiaWF0IjoxNzgwNDk1MDc3LCJleHAiOjE3ODA1MDIyNzd9.0v9OJyx_n50sEsz3kVYB1lyoxJrayEe965O2DjjjRuODGgJlsmz_9r8JGahz6TBT
1780495126897911,30529,eyJhbGciOiJIUzM4NCJ9.eyJzdWIiOiJwZXJmX3VzZXJfNTI1IiwidXNlcklkIjozMDUyOSwiaWF0IjoxNzgwNDk1MDc3LCJleHAiOjE3ODA1MDIyNzd9.H0vUQqL2KatAXW-semppns6DJnMUuxwtx9WbdchGsqg2KXr0DlzKE7YYTWRIvbgj
1780495129156031,30629,eyJhbGciOiJIUzM4NCJ9.eyJzdWIiOiJwZXJmX3VzZXJfNjI1IiwidXNlcklkIjozMDYyOSwiaWF0IjoxNzgwNDk1MDc3LCJleHAiOjE3ODA1MDIyNzd9.Wfru9RXGg3WUcYYo5nrAvZEZaHQcsSOPcrChW4pjCn63ENMUgxcZ6WxhMc8G0eDB
1780495131432629,30729,eyJhbGciOiJIUzM4NCJ9.eyJzdWIiOiJwZXJmX3VzZXJfNzI1IiwidXNlcklkIjozMDcyOSwiaWF0IjoxNzgwNDk1MDc3LCJleHAiOjE3ODA1MDIyNzd9.EkzAAHQSgQ-nubb40CPVoboLQdalPME5usr4A50rRZAtjmP6VpIrEyVd17_gckGa
1780495133685802,30829,eyJhbGciOiJIUzM4NCJ9.eyJzdWIiOiJwZXJmX3VzZXJfODI1IiwidXNlcklkIjozMDgyOSwiaWF0IjoxNzgwNDk1MDc3LCJleHAiOjE3ODA1MDIyNzd9.6B0ZzMvJYo3qyEy35qCQ5JVuGFeMC8mDKNHBFgmtYoVja7Jo6EDu1uS6BEViGJol
1780495135919783,30929,eyJhbGciOiJIUzM4NCJ9.eyJzdWIiOiJwZXJmX3VzZXJfOTI1IiwidXNlcklkIjozMDkyOSwiaWF0IjoxNzgwNDk1MDc4LCJleHAiOjE3ODA1MDIyNzh9.oyVIqPyHyzqpWBMgt9HjTIVfC9la9zfMSUIesCoUREUV4kNFU9IHHTzBggxo4Zya
1780495138276921,31029,eyJhbGciOiJIUzM4NCJ9.eyJzdWIiOiJwZXJmX3VzZXJfMTAyNSIsInVzZXJJZCI6MzEwMjksImlhdCI6MTc4MDQ5NTA3OCwiZXhwIjoxNzgwNTAyMjc4fQ.pO5uxPxOfTkWyZn5tw0MXXqdN3yIEpty85QmALJ2yCG0YVy_gynRWUmPeWAhqKSk
1780495140509003,31129,eyJhbGciOiJIUzM4NCJ9.eyJzdWIiOiJwZXJmX3VzZXJfMTEyNSIsInVzZXJJZCI6MzExMjksImlhdCI6MTc4MDQ5NTA3OCwiZXhwIjoxNzgwNTAyMjc4fQ.iNaf091O-Y6wlBmwCyxbXkNEZJ5glL8NYuVCQRKBOj1rtHH8dvqIjvWEqZvOnJVf
1780495142691200,31229,eyJhbGciOiJIUzM4NCJ9.eyJzdWIiOiJwZXJmX3VzZXJfMTIyNSIsInVzZXJJZCI6MzEyMjksImlhdCI6MTc4MDQ5NTA3OCwiZXhwIjoxNzgwNTAyMjc4fQ.XgfPjjqFjfuTCqQDm23OoaveYJ918jQwU76-mt6zNgPvaI0GcNjIG70C4QCIW-Od
1780495144893841,31329,eyJhbGciOiJIUzM4NCJ9.eyJzdWIiOiJwZXJmX3VzZXJfMTMyNSIsInVzZXJJZCI6MzEzMjksImlhdCI6MTc4MDQ5NTA3OCwiZXhwIjoxNzgwNTAyMjc4fQ._tCNM0sseH2Jr2hk7AY8BEG1D2gC7iisbTuT5I2Wo6gtvc5_fflO4LtiyDFQWYMN
1780495147099053,31429,eyJhbGciOiJIUzM4NCJ9.eyJzdWIiOiJwZXJmX3VzZXJfMTQyNSIsInVzZXJJZCI6MzE0MjksImlhdCI6MTc4MDQ5NTA3OCwiZXhwIjoxNzgwNTAyMjc4fQ.nJoiBLNGIdUoG77IN8uMJUiq3hfjxYyf_4IiVv00UiA4PQOGC3oY0LlQGxvAqTyA
1780495149376540,31529,eyJhbGciOiJIUzM4NCJ9.eyJzdWIiOiJwZXJmX3VzZXJfMTUyNSIsInVzZXJJZCI6MzE1MjksImlhdCI6MTc4MDQ5NTA3OCwiZXhwIjoxNzgwNTAyMjc4fQ.AZMe7lN_-1_BEPhtb5eG_NCfCRU3varXiRBTTrCzPUexTdWAuYKpYRUE1JbOyEXN
1780495115697720,30030,eyJhbGciOiJIUzM4NCJ9.eyJzdWIiOiJwZXJmX3VzZXJfMjYiLCJ1c2VySWQiOjMwMDMwLCJpYXQiOjE3ODA0OTUwNzYsImV4cCI6MTc4MDUwMjI3Nn0.uQuFCaaHxUaodU1JbDRLvK3qxFKN4-XmZVb0OoarD6raOUcS1kP54-k_Wj4giqz5
1780495117892200,30130,eyJhbGciOiJIUzM4NCJ9.eyJzdWIiOiJwZXJmX3VzZXJfMTI2IiwidXNlcklkIjozMDEzMCwiaWF0IjoxNzgwNDk1MDc3LCJleHAiOjE3ODA1MDIyNzd9.eQeh3I4vYYSIPstU2TG3I5ojNlHthSqy2FDp8RQ8as9VhosStoi4BuJzcfRDmiz6
1780495120168279,30230,eyJhbGciOiJIUzM4NCJ9.eyJzdWIiOiJwZXJmX3VzZXJfMjI2IiwidXNlcklkIjozMDIzMCwiaWF0IjoxNzgwNDk1MDc3LCJleHAiOjE3ODA1MDIyNzd9.-HzqFNsYD6KrpACWfn5W90RRkLKt8O6IoNZTzbLKfZM3RKDrt9kq4Ri47Vgnh3ma
1780495122399886,30330,eyJhbGciOiJIUzM4NCJ9.eyJzdWIiOiJwZXJmX3VzZXJfMzI2IiwidXNlcklkIjozMDMzMCwiaWF0IjoxNzgwNDk1MDc3LCJleHAiOjE3ODA1MDIyNzd9.bLAAZcaNGffWfs_yXfL6bEZBPNFQBA54eFtyF79_r2b-cGIYrxfBdl5zVlN3VdQm
1780495124624826,30430,eyJhbGciOiJIUzM4NCJ9.eyJzdWIiOiJwZXJmX3VzZXJfNDI2IiwidXNlcklkIjozMDQzMCwiaWF0IjoxNzgwNDk1MDc3LCJleHAiOjE3ODA1MDIyNzd9.5GdQGiO2YCXdbv-2VK2IbNmGKweceYj7m3Lb2sZ_ebsRVIti8bGFw2K1Pe1VNgkQ
1780495126897911,30530,eyJhbGciOiJIUzM4NCJ9.eyJzdWIiOiJwZXJmX3VzZXJfNTI2IiwidXNlcklkIjozMDUzMCwiaWF0IjoxNzgwNDk1MDc3LCJleHAiOjE3ODA1MDIyNzd9._5bCCex9Nh86vTrBBLCMBqbhUHZ2GNSZBQXKTikgKN3VjfvZewm1arojaJ9M5Qur
1780495129156031,30630,eyJhbGciOiJIUzM4NCJ9.eyJzdWIiOiJwZXJmX3VzZXJfNjI2IiwidXNlcklkIjozMDYzMCwiaWF0IjoxNzgwNDk1MDc3LCJleHAiOjE3ODA1MDIyNzd9.9Njo91pz07slUt3tDcBcPz4uqbHxRIrTL2J-wmSJSg1o1seOOqXdd8YdugRgcQZK
1780495131432629,30730,eyJhbGciOiJIUzM4NCJ9.eyJzdWIiOiJwZXJmX3VzZXJfNzI2IiwidXNlcklkIjozMDczMCwiaWF0IjoxNzgwNDk1MDc3LCJleHAiOjE3ODA1MDIyNzd9.FBpJ_o8HtG2FGNBzRdDKxOKXqLjoNf9iTnvpMOuUNCwIOyDTO_ah4R7tXcnnA0uH
1780495133685802,30830,eyJhbGciOiJIUzM4NCJ9.eyJzdWIiOiJwZXJmX3VzZXJfODI2IiwidXNlcklkIjozMDgzMCwiaWF0IjoxNzgwNDk1MDc3LCJleHAiOjE3ODA1MDIyNzd9.kDs-thw7fsNRlWhZW88gSTFKTyyvTPncbr7I3WwlsrKy3xUUqEcq5dtprUOQw2gA
1780495135919783,30930,eyJhbGciOiJIUzM4NCJ9.eyJzdWIiOiJwZXJmX3VzZXJfOTI2IiwidXNlcklkIjozMDkzMCwiaWF0IjoxNzgwNDk1MDc4LCJleHAiOjE3ODA1MDIyNzh9.7Uv-OZ_aQsVBiLDgtw16-9A_sKN0hq1UguA4Devj4NLrW43QJvA5qqxesOf13Lu5
1780495138276921,31030,eyJhbGciOiJIUzM4NCJ9.eyJzdWIiOiJwZXJmX3VzZXJfMTAyNiIsInVzZXJJZCI6MzEwMzAsImlhdCI6MTc4MDQ5NTA3OCwiZXhwIjoxNzgwNTAyMjc4fQ.tABbadIm7beC8gfrskR6z8TwgWsp2J3D-7k2cNi40dM7HtoYKwXjoylmo9G8RSbE
1780495140509003,31130,eyJhbGciOiJIUzM4NCJ9.eyJzdWIiOiJwZXJmX3VzZXJfMTEyNiIsInVzZXJJZCI6MzExMzAsImlhdCI6MTc4MDQ5NTA3OCwiZXhwIjoxNzgwNTAyMjc4fQ.prMCcmdonBpfJ0AmYz4WDUI3RpXAupM9AXXm2yUhfHPNvLQayzRaCqNLkZb-0mr5
1780495142691200,31230,eyJhbGciOiJIUzM4NCJ9.eyJzdWIiOiJwZXJmX3VzZXJfMTIyNiIsInVzZXJJZCI6MzEyMzAsImlhdCI6MTc4MDQ5NTA3OCwiZXhwIjoxNzgwNTAyMjc4fQ.cOvEFYxmJyZLYi3w3QMyUQWg3mGgtK0d1mQF7uld3oSgD5DHIT1TjFHTM85o_a4z
1780495144893841,31330,eyJhbGciOiJIUzM4NCJ9.eyJzdWIiOiJwZXJmX3VzZXJfMTMyNiIsInVzZXJJZCI6MzEzMzAsImlhdCI6MTc4MDQ5NTA3OCwiZXhwIjoxNzgwNTAyMjc4fQ.L8u5CKYhye15_OJieAWu9E8sA90yCi20WXryEoIpqXbC2iZkaCBg4uBEPVoda862
1780495147099053,31430,eyJhbGciOiJIUzM4NCJ9.eyJzdWIiOiJwZXJmX3VzZXJfMTQyNiIsInVzZXJJZCI6MzE0MzAsImlhdCI6MTc4MDQ5NTA3OCwiZXhwIjoxNzgwNTAyMjc4fQ.foa5Bnxqbap0cppVz9tIS9oGCCpTA2M0zP5ihB5iNhoBL9nmuHYKAH7QiEwxwOa2
1780495149376540,31530,eyJhbGciOiJIUzM4NCJ9.eyJzdWIiOiJwZXJmX3VzZXJfMTUyNiIsInVzZXJJZCI6MzE1MzAsImlhdCI6MTc4MDQ5NTA3OCwiZXhwIjoxNzgwNTAyMjc4fQ.sNrJZa0UNp2TThG9qMjgFcJmgTH_PbLfI0mZ2oLIFJbimomdHIEDTyvyX8dZjKtp
1780495115697720,30031,eyJhbGciOiJIUzM4NCJ9.eyJzdWIiOiJwZXJmX3VzZXJfMjciLCJ1c2VySWQiOjMwMDMxLCJpYXQiOjE3ODA0OTUwNzYsImV4cCI6MTc4MDUwMjI3Nn0.tKMYOKERaxFcLS1TG5JX_giTzfQzQpMLVT3bgHmKE3n4_BS9GG6ID4UFADrNkIuC
1780495117892200,30131,eyJhbGciOiJIUzM4NCJ9.eyJzdWIiOiJwZXJmX3VzZXJfMTI3IiwidXNlcklkIjozMDEzMSwiaWF0IjoxNzgwNDk1MDc3LCJleHAiOjE3ODA1MDIyNzd9.psgdRcz-ZvhvqbbGB8jlaMdeElkqUNTpOYmTwh8h35biqFeafbPm5eoX9HtAwLdS
1780495120168279,30231,eyJhbGciOiJIUzM4NCJ9.eyJzdWIiOiJwZXJmX3VzZXJfMjI3IiwidXNlcklkIjozMDIzMSwiaWF0IjoxNzgwNDk1MDc3LCJleHAiOjE3ODA1MDIyNzd9.p-3nxFe6628mQedObQevd1M_SXKNOonYL8zLsmPsMBoQ40heythe3CwARJbw2AK3
1780495122399886,30331,eyJhbGciOiJIUzM4NCJ9.eyJzdWIiOiJwZXJmX3VzZXJfMzI3IiwidXNlcklkIjozMDMzMSwiaWF0IjoxNzgwNDk1MDc3LCJleHAiOjE3ODA1MDIyNzd9.mUOcqJDZHvKIdhzHDNiFTCt7SUpk3hhFq0hAEsaVaWrCAUl5Ci29kM3DFsz-Ie0M
1780495124624826,30431,eyJhbGciOiJIUzM4NCJ9.eyJzdWIiOiJwZXJmX3VzZXJfNDI3IiwidXNlcklkIjozMDQzMSwiaWF0IjoxNzgwNDk1MDc3LCJleHAiOjE3ODA1MDIyNzd9.pCZDtyhAjp3Yu9OYgR7GicHHwwCKHLXl__fcRlh5tgf7jcIsKZhj2Go26C4aGnxK
1780495126897911,30531,eyJhbGciOiJIUzM4NCJ9.eyJzdWIiOiJwZXJmX3VzZXJfNTI3IiwidXNlcklkIjozMDUzMSwiaWF0IjoxNzgwNDk1MDc3LCJleHAiOjE3ODA1MDIyNzd9.OIY1H5BVg1AcDzE6JMwoJYmkWU9dch0wJB-RHbZpGgPQT2xCi5LU1T2Yiq4Jiaqu
1780495129156031,30631,eyJhbGciOiJIUzM4NCJ9.eyJzdWIiOiJwZXJmX3VzZXJfNjI3IiwidXNlcklkIjozMDYzMSwiaWF0IjoxNzgwNDk1MDc3LCJleHAiOjE3ODA1MDIyNzd9.NS9bhzUr5-saxbouwEgbNqGu9ktvWJnzABUImvErKACNuMQYPrXdk5le3FOQKvoW
1780495131432629,30731,eyJhbGciOiJIUzM4NCJ9.eyJzdWIiOiJwZXJmX3VzZXJfNzI3IiwidXNlcklkIjozMDczMSwiaWF0IjoxNzgwNDk1MDc3LCJleHAiOjE3ODA1MDIyNzd9.1REQxLkO2bztXojK0v4S46jzb4cjq1uzSBtJDYREvITDJkPkF93K6NNY_WVARlLc
1780495133685802,30831,eyJhbGciOiJIUzM4NCJ9.eyJzdWIiOiJwZXJmX3VzZXJfODI3IiwidXNlcklkIjozMDgzMSwiaWF0IjoxNzgwNDk1MDc3LCJleHAiOjE3ODA1MDIyNzd9.Sx2HhvCmZlNGX2B8Pcozm32qVwyxhS7Rt64NYI6g2jhZhXlIGXogWUL7OsXNLetp
1780495135919783,30931,eyJhbGciOiJIUzM4NCJ9.eyJzdWIiOiJwZXJmX3VzZXJfOTI3IiwidXNlcklkIjozMDkzMSwiaWF0IjoxNzgwNDk1MDc4LCJleHAiOjE3ODA1MDIyNzh9.Qt_IDuB9LF7PjtlErVOd8Mr4D-q8425sJvapF1Z78jyzHe0iaXZdbhlBjsqGmd6a
1780495138276921,31031,eyJhbGciOiJIUzM4NCJ9.eyJzdWIiOiJwZXJmX3VzZXJfMTAyNyIsInVzZXJJZCI6MzEwMzEsImlhdCI6MTc4MDQ5NTA3OCwiZXhwIjoxNzgwNTAyMjc4fQ.ZNs-khLG82mxtS2t7mgKHGTXzwS0lEentmdgDJW7lED2lth5N3ZX4HjC-qpT7x8V
1780495140509003,31131,eyJhbGciOiJIUzM4NCJ9.eyJzdWIiOiJwZXJmX3VzZXJfMTEyNyIsInVzZXJJZCI6MzExMzEsImlhdCI6MTc4MDQ5NTA3OCwiZXhwIjoxNzgwNTAyMjc4fQ.2pNYggotTfH7FE5_R2LkAjTzbWiU5UV95AOsjCm319g3j7dqYLHeJ7ZHupET1Ryf
1780495142691200,31231,eyJhbGciOiJIUzM4NCJ9.eyJzdWIiOiJwZXJmX3VzZXJfMTIyNyIsInVzZXJJZCI6MzEyMzEsImlhdCI6MTc4MDQ5NTA3OCwiZXhwIjoxNzgwNTAyMjc4fQ.1m2UYo-6k9bpMAgPZs8254do01mU7fkc3mXGm0tcVvOC2jBt01Xgn_qceE0doEg7
1780495144893841,31331,eyJhbGciOiJIUzM4NCJ9.eyJzdWIiOiJwZXJmX3VzZXJfMTMyNyIsInVzZXJJZCI6MzEzMzEsImlhdCI6MTc4MDQ5NTA3OCwiZXhwIjoxNzgwNTAyMjc4fQ.L20Y900zyATjPbl3jq5yo0lj4pZGDXO9gvhZYSl6djyqqH6e1dP36KYTykBHP2Bd
1780495147099053,31431,eyJhbGciOiJIUzM4NCJ9.eyJzdWIiOiJwZXJmX3VzZXJfMTQyNyIsInVzZXJJZCI6MzE0MzEsImlhdCI6MTc4MDQ5NTA3OCwiZXhwIjoxNzgwNTAyMjc4fQ.UQ2mBsI85AHb3u7ko33TG9p-DuANcSuVrZJ28Vq4Jdc1J03c8PRrgIohJBOfYSb8
1780495149376540,31531,eyJhbGciOiJIUzM4NCJ9.eyJzdWIiOiJwZXJmX3VzZXJfMTUyNyIsInVzZXJJZCI6MzE1MzEsImlhdCI6MTc4MDQ5NTA3OCwiZXhwIjoxNzgwNTAyMjc4fQ.8l2Xri3ML2Lmo7YTU1Xm1dfgKajWP4Gj3X0QpZXfnZW-HKZ1r7upfFv-tx87geja
1780495115697720,30032,eyJhbGciOiJIUzM4NCJ9.eyJzdWIiOiJwZXJmX3VzZXJfMjgiLCJ1c2VySWQiOjMwMDMyLCJpYXQiOjE3ODA0OTUwNzYsImV4cCI6MTc4MDUwMjI3Nn0.fMhAOWMCzTQwNErbDgKLZIpq7LPl_DxgO3VSJCXL9lfWzS61yN2Fud2kCgIk_5sS
1780495117892200,30132,eyJhbGciOiJIUzM4NCJ9.eyJzdWIiOiJwZXJmX3VzZXJfMTI4IiwidXNlcklkIjozMDEzMiwiaWF0IjoxNzgwNDk1MDc3LCJleHAiOjE3ODA1MDIyNzd9.kBLHPaxwkpePoYuHuvzGzlTEQnSx1g8RI_dJ3CPWIuyxl3dHqvo3cgK6EBP2Go9z
1780495120168279,30232,eyJhbGciOiJIUzM4NCJ9.eyJzdWIiOiJwZXJmX3VzZXJfMjI4IiwidXNlcklkIjozMDIzMiwiaWF0IjoxNzgwNDk1MDc3LCJleHAiOjE3ODA1MDIyNzd9.4BJcXlLn3Z0wjP2siax0_Elx8r6vG2Bx9_e_0IcxwqQ0XQzOPC_mrYUPPGPZViFH
1780495122399886,30332,eyJhbGciOiJIUzM4NCJ9.eyJzdWIiOiJwZXJmX3VzZXJfMzI4IiwidXNlcklkIjozMDMzMiwiaWF0IjoxNzgwNDk1MDc3LCJleHAiOjE3ODA1MDIyNzd9.n4Y3oU1Pn5k-h2vfg0zaIbDq2AJG1wY8rDvy__Hv7sBffQ-vsSazNjjZSaI1NzuK
1780495124624826,30432,eyJhbGciOiJIUzM4NCJ9.eyJzdWIiOiJwZXJmX3VzZXJfNDI4IiwidXNlcklkIjozMDQzMiwiaWF0IjoxNzgwNDk1MDc3LCJleHAiOjE3ODA1MDIyNzd9.AJr5DRVOE8oRhpSh7GNEJT1uqFXyIudTEdz-8NnE2pxp7d9_oyAUbWx1nBY7N-Ms
1780495126897911,30532,eyJhbGciOiJIUzM4NCJ9.eyJzdWIiOiJwZXJmX3VzZXJfNTI4IiwidXNlcklkIjozMDUzMiwiaWF0IjoxNzgwNDk1MDc3LCJleHAiOjE3ODA1MDIyNzd9.paIBqPUNoW33qirRVsaI3zKcwHR8r3yCyolGIxkGXNlxNdy0T4J1-v21ZBoayvnV
1780495129156031,30632,eyJhbGciOiJIUzM4NCJ9.eyJzdWIiOiJwZXJmX3VzZXJfNjI4IiwidXNlcklkIjozMDYzMiwiaWF0IjoxNzgwNDk1MDc3LCJleHAiOjE3ODA1MDIyNzd9.0wV6FvePr3PYGKRkSDpv5fJWlrxz79T4lchPZcXwmbZE8V2XcQsBB-7ZdkVOrMRt
1780495131432629,30732,eyJhbGciOiJIUzM4NCJ9.eyJzdWIiOiJwZXJmX3VzZXJfNzI4IiwidXNlcklkIjozMDczMiwiaWF0IjoxNzgwNDk1MDc3LCJleHAiOjE3ODA1MDIyNzd9.MN842naKiwudH073LL0YBzGSRFlVLlezIcWIvqNIE-VNHry-kW3yRMkgl5sPg6XQ
1780495133685802,30832,eyJhbGciOiJIUzM4NCJ9.eyJzdWIiOiJwZXJmX3VzZXJfODI4IiwidXNlcklkIjozMDgzMiwiaWF0IjoxNzgwNDk1MDc3LCJleHAiOjE3ODA1MDIyNzd9.PAl700QuGsAz06A6e7MZSMX4EVuRcgxhQJBPkwAJZn9ysxLJr1v1_DXQc9PGMPAb
1780495135919783,30932,eyJhbGciOiJIUzM4NCJ9.eyJzdWIiOiJwZXJmX3VzZXJfOTI4IiwidXNlcklkIjozMDkzMiwiaWF0IjoxNzgwNDk1MDc4LCJleHAiOjE3ODA1MDIyNzh9.sedYGwvghBlyPXno-jRA-aTu1JCqJY621PxZ3Y1HF2E4Wfxx9lCqV_l5NtAMcaq-
1780495138276921,31032,eyJhbGciOiJIUzM4NCJ9.eyJzdWIiOiJwZXJmX3VzZXJfMTAyOCIsInVzZXJJZCI6MzEwMzIsImlhdCI6MTc4MDQ5NTA3OCwiZXhwIjoxNzgwNTAyMjc4fQ.Pydn-VBF2RvjMbnqknIHthW3FfZ1RDA1w0i9YyPogQpedFCDNoHPdMNVMDIuoqxM
1780495140509003,31132,eyJhbGciOiJIUzM4NCJ9.eyJzdWIiOiJwZXJmX3VzZXJfMTEyOCIsInVzZXJJZCI6MzExMzIsImlhdCI6MTc4MDQ5NTA3OCwiZXhwIjoxNzgwNTAyMjc4fQ.P1RN__kB56MR--Vx10-wNqX7uvXD3R05FwCTLAI6kOlbnzrmi6wnKg9bjWKLIsgQ
1780495142691200,31232,eyJhbGciOiJIUzM4NCJ9.eyJzdWIiOiJwZXJmX3VzZXJfMTIyOCIsInVzZXJJZCI6MzEyMzIsImlhdCI6MTc4MDQ5NTA3OCwiZXhwIjoxNzgwNTAyMjc4fQ.O5VWUAU-_yeTA1UD8IQsyQNl084Jrx0ci6BSC2JmIh0HmW0oeMr3Rj_hpeNEHBn5
1780495144893841,31332,eyJhbGciOiJIUzM4NCJ9.eyJzdWIiOiJwZXJmX3VzZXJfMTMyOCIsInVzZXJJZCI6MzEzMzIsImlhdCI6MTc4MDQ5NTA3OCwiZXhwIjoxNzgwNTAyMjc4fQ.Ypj3vCXpql-Addy1VSfQqZ8jQZjh4rZAHjCs-mqEiaPjnjLFlQNWnAqdzWjTetBv
1780495147099053,31432,eyJhbGciOiJIUzM4NCJ9.eyJzdWIiOiJwZXJmX3VzZXJfMTQyOCIsInVzZXJJZCI6MzE0MzIsImlhdCI6MTc4MDQ5NTA3OCwiZXhwIjoxNzgwNTAyMjc4fQ.06cE9XjvqVF-J0QbiYGxfS05lodWlfoh0ZPyKRlMtXtWyuZ7w7SPZaKT4jEKUbuu
1780495149376540,31532,eyJhbGciOiJIUzM4NCJ9.eyJzdWIiOiJwZXJmX3VzZXJfMTUyOCIsInVzZXJJZCI6MzE1MzIsImlhdCI6MTc4MDQ5NTA3OCwiZXhwIjoxNzgwNTAyMjc4fQ.UAq9CzzRzAQ8JZabtIcn8ykZf5qA9X_ISAG02Kk21zGIVPjI-0INdju24jo_teqg
1780495115697720,30033,eyJhbGciOiJIUzM4NCJ9.eyJzdWIiOiJwZXJmX3VzZXJfMjkiLCJ1c2VySWQiOjMwMDMzLCJpYXQiOjE3ODA0OTUwNzYsImV4cCI6MTc4MDUwMjI3Nn0.UX8mcc10R6f3lNExJW0I_Dj_Jzd0otycrOSyI-5X3hgtNSBWy_pkzeCvNt9AnXv2
1780495117892200,30133,eyJhbGciOiJIUzM4NCJ9.eyJzdWIiOiJwZXJmX3VzZXJfMTI5IiwidXNlcklkIjozMDEzMywiaWF0IjoxNzgwNDk1MDc3LCJleHAiOjE3ODA1MDIyNzd9.karihFVDFenRS-PcPxmt_9nuSljAJbYbx2ba5mrfUXl9Yjy4kMgbkY7LUcAEdgTB
1780495120168279,30233,eyJhbGciOiJIUzM4NCJ9.eyJzdWIiOiJwZXJmX3VzZXJfMjI5IiwidXNlcklkIjozMDIzMywiaWF0IjoxNzgwNDk1MDc3LCJleHAiOjE3ODA1MDIyNzd9.QNfTnm5g6xtjEC6WSgDi7BsqWDqOEebJk9z7CMJ4jfBY8nV-A0TjsWIahEDGRXpy
1780495122399886,30333,eyJhbGciOiJIUzM4NCJ9.eyJzdWIiOiJwZXJmX3VzZXJfMzI5IiwidXNlcklkIjozMDMzMywiaWF0IjoxNzgwNDk1MDc3LCJleHAiOjE3ODA1MDIyNzd9.7MRaqTCxhjmB8PNPB8avddiRklCK34WzbhEZNX59YD62lH3mSwUTNQjvMYTwN159
1780495124624826,30433,eyJhbGciOiJIUzM4NCJ9.eyJzdWIiOiJwZXJmX3VzZXJfNDI5IiwidXNlcklkIjozMDQzMywiaWF0IjoxNzgwNDk1MDc3LCJleHAiOjE3ODA1MDIyNzd9.pFpNSrXA1EucNYQDgdWGIaIrHeX2b_vlLKW5VYbLqymRSuuP8AnHfpj84Cz_lyi5
1780495126897911,30533,eyJhbGciOiJIUzM4NCJ9.eyJzdWIiOiJwZXJmX3VzZXJfNTI5IiwidXNlcklkIjozMDUzMywiaWF0IjoxNzgwNDk1MDc3LCJleHAiOjE3ODA1MDIyNzd9.4hTE8B7t1Bz3Fo3eTu9DBGf_324uSeKntiAz-Git5oKwfzfDyRgSWZF7FWW3weKD
1780495129156031,30633,eyJhbGciOiJIUzM4NCJ9.eyJzdWIiOiJwZXJmX3VzZXJfNjI5IiwidXNlcklkIjozMDYzMywiaWF0IjoxNzgwNDk1MDc3LCJleHAiOjE3ODA1MDIyNzd9.SJj-Vls5gwU_JvCz404aJ7rIwBZoRRKI8wESUL6ctIj_03qX-3XwlxSf3YZtuUcK
1780495131432629,30733,eyJhbGciOiJIUzM4NCJ9.eyJzdWIiOiJwZXJmX3VzZXJfNzI5IiwidXNlcklkIjozMDczMywiaWF0IjoxNzgwNDk1MDc3LCJleHAiOjE3ODA1MDIyNzd9.e8rrmEqaGXIZnt_QH8g8JurQU3YGNalXAmQejXwjaj1oh0BMd02IRX4UvSTLTliG
1780495133685802,30833,eyJhbGciOiJIUzM4NCJ9.eyJzdWIiOiJwZXJmX3VzZXJfODI5IiwidXNlcklkIjozMDgzMywiaWF0IjoxNzgwNDk1MDc3LCJleHAiOjE3ODA1MDIyNzd9.QQKcXzaMmtHVyYZo_658NhvLYcNKbOX0JSDvqFsmB80abJv00E1nBl26AYQhqW_x
1780495135919783,30933,eyJhbGciOiJIUzM4NCJ9.eyJzdWIiOiJwZXJmX3VzZXJfOTI5IiwidXNlcklkIjozMDkzMywiaWF0IjoxNzgwNDk1MDc4LCJleHAiOjE3ODA1MDIyNzh9.C95lJz4QIg1BGkG12I9KLTCxM5C79DI-Xn_MkN9JTtrZlEXCDYEbunGpCyMk2AhZ
1780495138276921,31033,eyJhbGciOiJIUzM4NCJ9.eyJzdWIiOiJwZXJmX3VzZXJfMTAyOSIsInVzZXJJZCI6MzEwMzMsImlhdCI6MTc4MDQ5NTA3OCwiZXhwIjoxNzgwNTAyMjc4fQ.qqxa6qXZ16XVOi2AOO7Qyzf-LK1AoXiMPZ66ia7sYf-W9n8cg98U6cWWFSOWSuzi
1780495140509003,31133,eyJhbGciOiJIUzM4NCJ9.eyJzdWIiOiJwZXJmX3VzZXJfMTEyOSIsInVzZXJJZCI6MzExMzMsImlhdCI6MTc4MDQ5NTA3OCwiZXhwIjoxNzgwNTAyMjc4fQ.lnPbPlC_z3UpUjs30E5p9m__DV-hudWBsflNKbHKeXJWVdF4_u6zJP2qbBj4gRPb
1780495142691200,31233,eyJhbGciOiJIUzM4NCJ9.eyJzdWIiOiJwZXJmX3VzZXJfMTIyOSIsInVzZXJJZCI6MzEyMzMsImlhdCI6MTc4MDQ5NTA3OCwiZXhwIjoxNzgwNTAyMjc4fQ.5IqvqBoIHd7nucxGZWFPBCFFKJPKwdJGExUjeT6KNj-gH5rjQfXlYNEnln2nAn9Y
1780495144893841,31333,eyJhbGciOiJIUzM4NCJ9.eyJzdWIiOiJwZXJmX3VzZXJfMTMyOSIsInVzZXJJZCI6MzEzMzMsImlhdCI6MTc4MDQ5NTA3OCwiZXhwIjoxNzgwNTAyMjc4fQ.Md9ugvub2O_tBFXJoowLl9S8-v6BkuACnp0Jbl2N6tPKNrYWBO4GYAYR26ftsxx8
1780495147099053,31433,eyJhbGciOiJIUzM4NCJ9.eyJzdWIiOiJwZXJmX3VzZXJfMTQyOSIsInVzZXJJZCI6MzE0MzMsImlhdCI6MTc4MDQ5NTA3OCwiZXhwIjoxNzgwNTAyMjc4fQ.fPy0VgvAAqwMYzowW4tGLHbXqP6GlgvWh_OBnekwXwahBKI6lvBBf-0CFdRIXXMn
1780495149376540,31533,eyJhbGciOiJIUzM4NCJ9.eyJzdWIiOiJwZXJmX3VzZXJfMTUyOSIsInVzZXJJZCI6MzE1MzMsImlhdCI6MTc4MDQ5NTA3OCwiZXhwIjoxNzgwNTAyMjc4fQ.tLPCg0IrMghJsPnHQA6VBrHWEsbeahVxh9M0gcyJ-U6UzoDi7Y4HeYO815Xhtsft
1780495115697720,30034,eyJhbGciOiJIUzM4NCJ9.eyJzdWIiOiJwZXJmX3VzZXJfMzAiLCJ1c2VySWQiOjMwMDM0LCJpYXQiOjE3ODA0OTUwNzYsImV4cCI6MTc4MDUwMjI3Nn0._CPr3lTlnXX54Y4Ig_bAe4e7TX_EYR35W8Iv8hhggSIovXsmO_zkdgq9XNxuBJEj
1780495117892200,30134,eyJhbGciOiJIUzM4NCJ9.eyJzdWIiOiJwZXJmX3VzZXJfMTMwIiwidXNlcklkIjozMDEzNCwiaWF0IjoxNzgwNDk1MDc3LCJleHAiOjE3ODA1MDIyNzd9.7dj4VSzzW2FiIeG8PsRE9Y0R0LZNN06h4k5df8T5RbHbgGEuFs7tsjQuLeypx-6l
1780495120168279,30234,eyJhbGciOiJIUzM4NCJ9.eyJzdWIiOiJwZXJmX3VzZXJfMjMwIiwidXNlcklkIjozMDIzNCwiaWF0IjoxNzgwNDk1MDc3LCJleHAiOjE3ODA1MDIyNzd9.DqjLKaXU8RQNjGtICazXZLRPosvKW7QIUaBIVtYBZpEk1BhwszlgpqNrdMj-8Gow
1780495122399886,30334,eyJhbGciOiJIUzM4NCJ9.eyJzdWIiOiJwZXJmX3VzZXJfMzMwIiwidXNlcklkIjozMDMzNCwiaWF0IjoxNzgwNDk1MDc3LCJleHAiOjE3ODA1MDIyNzd9.SZPpVTkCp361JPRn1UZ9o8pJaxzvTAMnfFyWYTeJqCwmo33oft_HRx8wKPXA7x89
1780495124624826,30434,eyJhbGciOiJIUzM4NCJ9.eyJzdWIiOiJwZXJmX3VzZXJfNDMwIiwidXNlcklkIjozMDQzNCwiaWF0IjoxNzgwNDk1MDc3LCJleHAiOjE3ODA1MDIyNzd9.ziaK00zY9j3PsQiM17K3uiJ_Fvw2LgqtQ-dodY_jgVS_O8s9lYCGE94tZlQ8FpZA
1780495126897911,30534,eyJhbGciOiJIUzM4NCJ9.eyJzdWIiOiJwZXJmX3VzZXJfNTMwIiwidXNlcklkIjozMDUzNCwiaWF0IjoxNzgwNDk1MDc3LCJleHAiOjE3ODA1MDIyNzd9.Oq8CxalZDYjhJQ9TaI0_V23Qt37zgnatsplwShXvIi21aWFEInpQKqEQGBUgeiTl
1780495129156031,30634,eyJhbGciOiJIUzM4NCJ9.eyJzdWIiOiJwZXJmX3VzZXJfNjMwIiwidXNlcklkIjozMDYzNCwiaWF0IjoxNzgwNDk1MDc3LCJleHAiOjE3ODA1MDIyNzd9.SaRJuRW1FPiyrEmubJ-5MD6mXYvu-M1WIjWVjPuaRWzGQ-0kXBhAr2vIEEk780V8
1780495131432629,30734,eyJhbGciOiJIUzM4NCJ9.eyJzdWIiOiJwZXJmX3VzZXJfNzMwIiwidXNlcklkIjozMDczNCwiaWF0IjoxNzgwNDk1MDc3LCJleHAiOjE3ODA1MDIyNzd9.CWcdIszXjSJa9XBCKrb9HC1VZ3i-0jJFoaqkvvmXXKzLQ0xlb5Zfd9aW1lOZXIPR
1780495133685802,30834,eyJhbGciOiJIUzM4NCJ9.eyJzdWIiOiJwZXJmX3VzZXJfODMwIiwidXNlcklkIjozMDgzNCwiaWF0IjoxNzgwNDk1MDc3LCJleHAiOjE3ODA1MDIyNzd9.D18RXKIBFQOGSlTz8MZXLnlf64kR1dWHO9WLOn5DVbLJMbbGuhM60hIXgCE2Zn5I
1780495135919783,30934,eyJhbGciOiJIUzM4NCJ9.eyJzdWIiOiJwZXJmX3VzZXJfOTMwIiwidXNlcklkIjozMDkzNCwiaWF0IjoxNzgwNDk1MDc4LCJleHAiOjE3ODA1MDIyNzh9._QdgC6ZQCgkr9Ly_Nc3uY8vMznGoN3eq0K2av9MADFT2NnDuaXLTR6s3IYhBeqia
1780495138276921,31034,eyJhbGciOiJIUzM4NCJ9.eyJzdWIiOiJwZXJmX3VzZXJfMTAzMCIsInVzZXJJZCI6MzEwMzQsImlhdCI6MTc4MDQ5NTA3OCwiZXhwIjoxNzgwNTAyMjc4fQ.rGtxzUOI_B-JdxEMe6hHRGcvXrlMGqE8yAIW_qq6Kx6xGCDJaBVAJCc_oMMDklaA
1780495140509003,31134,eyJhbGciOiJIUzM4NCJ9.eyJzdWIiOiJwZXJmX3VzZXJfMTEzMCIsInVzZXJJZCI6MzExMzQsImlhdCI6MTc4MDQ5NTA3OCwiZXhwIjoxNzgwNTAyMjc4fQ.H004O0OOVALXLU5Xt2ERaKaqga3abhcau_eJC7BFslaFTIX6hAwgftRLs8uM0Ug4
1780495142691200,31234,eyJhbGciOiJIUzM4NCJ9.eyJzdWIiOiJwZXJmX3VzZXJfMTIzMCIsInVzZXJJZCI6MzEyMzQsImlhdCI6MTc4MDQ5NTA3OCwiZXhwIjoxNzgwNTAyMjc4fQ.EZek3d9OMqG_TFtM2Hb5ymYPg4OzjvIj-jkJfxff84hd3G9p-a4-Ed499WKc9Cn2
1780495144893841,31334,eyJhbGciOiJIUzM4NCJ9.eyJzdWIiOiJwZXJmX3VzZXJfMTMzMCIsInVzZXJJZCI6MzEzMzQsImlhdCI6MTc4MDQ5NTA3OCwiZXhwIjoxNzgwNTAyMjc4fQ.FoEkV8QeHRodpuqq70ipidWIektWhQxzxymexTrh8nrGeAKG5fK5_1C9YQrFxytL
1780495147099053,31434,eyJhbGciOiJIUzM4NCJ9.eyJzdWIiOiJwZXJmX3VzZXJfMTQzMCIsInVzZXJJZCI6MzE0MzQsImlhdCI6MTc4MDQ5NTA3OCwiZXhwIjoxNzgwNTAyMjc4fQ.oItxzDtYCYBKVRpi_GaPkOsh-zUGVadDI2s3YEMKzYnHUW1YwIe6_JU25TUth77y
1780495149376540,31534,eyJhbGciOiJIUzM4NCJ9.eyJzdWIiOiJwZXJmX3VzZXJfMTUzMCIsInVzZXJJZCI6MzE1MzQsImlhdCI6MTc4MDQ5NTA3OCwiZXhwIjoxNzgwNTAyMjc4fQ.8ohz1DX3V1dBDtbWG1xd3MqPIS5Ns_-W_Uv3SqdcGoGsNtTGvSVnCiOudRbCVmJt
1780495115697720,30035,eyJhbGciOiJIUzM4NCJ9.eyJzdWIiOiJwZXJmX3VzZXJfMzEiLCJ1c2VySWQiOjMwMDM1LCJpYXQiOjE3ODA0OTUwNzYsImV4cCI6MTc4MDUwMjI3Nn0.KAlDiYChmpGgD-sLabgiVOsKTAZeVpYSwmr6Iuk158FHcWK3VqUf7mBRmD_C5D3i
1780495117892200,30135,eyJhbGciOiJIUzM4NCJ9.eyJzdWIiOiJwZXJmX3VzZXJfMTMxIiwidXNlcklkIjozMDEzNSwiaWF0IjoxNzgwNDk1MDc3LCJleHAiOjE3ODA1MDIyNzd9.4dQjon_0G9oD-pRX1iwaMyVGO3DzAFqJOsVxaCntVmRqPDDnHtds83YNZrIXjNUw
1780495120168279,30235,eyJhbGciOiJIUzM4NCJ9.eyJzdWIiOiJwZXJmX3VzZXJfMjMxIiwidXNlcklkIjozMDIzNSwiaWF0IjoxNzgwNDk1MDc3LCJleHAiOjE3ODA1MDIyNzd9.p-dwdHhTPA5srCLDYfaKOmB8hQkSxDzQIQ7dz-492-EnLKHMXpU1FGn1360IJG4D
1780495122399886,30335,eyJhbGciOiJIUzM4NCJ9.eyJzdWIiOiJwZXJmX3VzZXJfMzMxIiwidXNlcklkIjozMDMzNSwiaWF0IjoxNzgwNDk1MDc3LCJleHAiOjE3ODA1MDIyNzd9.fAq5kdoyuvz8jzKUUEdiRUM8pgqOTWUHQ-LmK1dampjR9gsrHyiu3GYFFVZlGWnx
1780495124624826,30435,eyJhbGciOiJIUzM4NCJ9.eyJzdWIiOiJwZXJmX3VzZXJfNDMxIiwidXNlcklkIjozMDQzNSwiaWF0IjoxNzgwNDk1MDc3LCJleHAiOjE3ODA1MDIyNzd9.IF-wIX4lTMAEIMjPMrT6ASuv9pC8LIo1LW789Or_rBHZ5VIVVXtIYMZUXf_AlPCF
1780495126897911,30535,eyJhbGciOiJIUzM4NCJ9.eyJzdWIiOiJwZXJmX3VzZXJfNTMxIiwidXNlcklkIjozMDUzNSwiaWF0IjoxNzgwNDk1MDc3LCJleHAiOjE3ODA1MDIyNzd9.1vaC3nE7pRZPtGlmOL-y8KjS_I8j3yK2j_AuEx9GRnBZYQHMKfFWYN8O9cjSPvgD
1780495129156031,30635,eyJhbGciOiJIUzM4NCJ9.eyJzdWIiOiJwZXJmX3VzZXJfNjMxIiwidXNlcklkIjozMDYzNSwiaWF0IjoxNzgwNDk1MDc3LCJleHAiOjE3ODA1MDIyNzd9.LMoSUeTPZ6eIC1MGNDusBebm_jODbV8rsjBiQjWVMbUKzIOyk6uWQ2Nfnzx9F9to
1780495131432629,30735,eyJhbGciOiJIUzM4NCJ9.eyJzdWIiOiJwZXJmX3VzZXJfNzMxIiwidXNlcklkIjozMDczNSwiaWF0IjoxNzgwNDk1MDc3LCJleHAiOjE3ODA1MDIyNzd9.R0qCWXEmCmzOhvMoTV8utENY2zF3q_FbwSlpTBbWIu_w_yOAWzZVEDXnUlYVlFdq
1780495133685802,30835,eyJhbGciOiJIUzM4NCJ9.eyJzdWIiOiJwZXJmX3VzZXJfODMxIiwidXNlcklkIjozMDgzNSwiaWF0IjoxNzgwNDk1MDc3LCJleHAiOjE3ODA1MDIyNzd9.G0pvT3-umL4kNsKr0Z9kumVboOyEJyUmRaSSAFPBvh2A3hilaNnndoH1s9HPB1v-
1780495135919783,30935,eyJhbGciOiJIUzM4NCJ9.eyJzdWIiOiJwZXJmX3VzZXJfOTMxIiwidXNlcklkIjozMDkzNSwiaWF0IjoxNzgwNDk1MDc4LCJleHAiOjE3ODA1MDIyNzh9.TjsSjfvpk4YEFIa_TbEXPQrQWDapb-LB5fAZxFuwZLu14cEGKSqQVJNtc0gjvMht
1780495138276921,31035,eyJhbGciOiJIUzM4NCJ9.eyJzdWIiOiJwZXJmX3VzZXJfMTAzMSIsInVzZXJJZCI6MzEwMzUsImlhdCI6MTc4MDQ5NTA3OCwiZXhwIjoxNzgwNTAyMjc4fQ.qcRxdwGp8ILgeJh6LQSr7dX5O4RWMS201k-BNSnkkCvzqoMYQYTEyIHBmmA-9d_3
1780495140509003,31135,eyJhbGciOiJIUzM4NCJ9.eyJzdWIiOiJwZXJmX3VzZXJfMTEzMSIsInVzZXJJZCI6MzExMzUsImlhdCI6MTc4MDQ5NTA3OCwiZXhwIjoxNzgwNTAyMjc4fQ.-_KDhPUnR5lg5GNMY7YVf-1GXiCDZI91Kd6y9u7Ow7T2UWrxfnBEPwnH1QclvxsJ
1780495142691200,31235,eyJhbGciOiJIUzM4NCJ9.eyJzdWIiOiJwZXJmX3VzZXJfMTIzMSIsInVzZXJJZCI6MzEyMzUsImlhdCI6MTc4MDQ5NTA3OCwiZXhwIjoxNzgwNTAyMjc4fQ.JGPF6zcpFxTDoNUMaPPOzcaD_v-uJFPdZMoC3NzdIP-Zbqfq_pd4xGHRbB1cpUnK
1780495144893841,31335,eyJhbGciOiJIUzM4NCJ9.eyJzdWIiOiJwZXJmX3VzZXJfMTMzMSIsInVzZXJJZCI6MzEzMzUsImlhdCI6MTc4MDQ5NTA3OCwiZXhwIjoxNzgwNTAyMjc4fQ.wb3y4Ci0Pw29Pse5g-VqEOxwNaZvH4mwnDNMAI2pK-Zw6cMh4MZjtZ9R13TyP43w
1780495147099053,31435,eyJhbGciOiJIUzM4NCJ9.eyJzdWIiOiJwZXJmX3VzZXJfMTQzMSIsInVzZXJJZCI6MzE0MzUsImlhdCI6MTc4MDQ5NTA3OCwiZXhwIjoxNzgwNTAyMjc4fQ.f3CdhubnNx226eOl7nUwYpIoXMXct6JgMIXdFW2S7LWefSCj_YMUGi7wNlgk1aXW
1780495149376540,31535,eyJhbGciOiJIUzM4NCJ9.eyJzdWIiOiJwZXJmX3VzZXJfMTUzMSIsInVzZXJJZCI6MzE1MzUsImlhdCI6MTc4MDQ5NTA3OCwiZXhwIjoxNzgwNTAyMjc4fQ.Vr3A3LzXpdgkdgVc7waXmSTZA3tXKlp-63b8hLvP4BK0_v6njVXUcSxAwsBzSy1E
1780495115697720,30036,eyJhbGciOiJIUzM4NCJ9.eyJzdWIiOiJwZXJmX3VzZXJfMzIiLCJ1c2VySWQiOjMwMDM2LCJpYXQiOjE3ODA0OTUwNzYsImV4cCI6MTc4MDUwMjI3Nn0.NQ6bharLPOXVKbxPprmaH05Ipi5New3Jl2BcekPnlkdXZAayELPUZtjA_9MB-oIt
1780495117892200,30136,eyJhbGciOiJIUzM4NCJ9.eyJzdWIiOiJwZXJmX3VzZXJfMTMyIiwidXNlcklkIjozMDEzNiwiaWF0IjoxNzgwNDk1MDc3LCJleHAiOjE3ODA1MDIyNzd9.9SQ5SrxsOXF9Y_6HZ9Wzgxoec5IIZoZ0S4COforOlBBAUKwzDkDw82Fj30rghpcI
1780495120168279,30236,eyJhbGciOiJIUzM4NCJ9.eyJzdWIiOiJwZXJmX3VzZXJfMjMyIiwidXNlcklkIjozMDIzNiwiaWF0IjoxNzgwNDk1MDc3LCJleHAiOjE3ODA1MDIyNzd9.kiJto9buVX2Q866031H455d3ZWg7QP687mAap_4mokjyGYaqZ03eJDmMgRK4-ioj
1780495122399886,30336,eyJhbGciOiJIUzM4NCJ9.eyJzdWIiOiJwZXJmX3VzZXJfMzMyIiwidXNlcklkIjozMDMzNiwiaWF0IjoxNzgwNDk1MDc3LCJleHAiOjE3ODA1MDIyNzd9.D0qSmc-2RgL61Svpky0lRFl_CEuYNDcNGpSswcR_3X72nPCq0rQJnZPZDScMlKZj
1780495124624826,30436,eyJhbGciOiJIUzM4NCJ9.eyJzdWIiOiJwZXJmX3VzZXJfNDMyIiwidXNlcklkIjozMDQzNiwiaWF0IjoxNzgwNDk1MDc3LCJleHAiOjE3ODA1MDIyNzd9.DdZKZZ0r4jcLnAYpRWiFW519KEqUQ-Fea3ipvkwORKemN8zehsxlQLwVeq215wte
1780495126897911,30536,eyJhbGciOiJIUzM4NCJ9.eyJzdWIiOiJwZXJmX3VzZXJfNTMyIiwidXNlcklkIjozMDUzNiwiaWF0IjoxNzgwNDk1MDc3LCJleHAiOjE3ODA1MDIyNzd9.KajJpo1Nho71V3QaoKD2bmz3crtK7rnvRnQ0UOZsCVAmypa8yiq82aPneWfKjryF
1780495129156031,30636,eyJhbGciOiJIUzM4NCJ9.eyJzdWIiOiJwZXJmX3VzZXJfNjMyIiwidXNlcklkIjozMDYzNiwiaWF0IjoxNzgwNDk1MDc3LCJleHAiOjE3ODA1MDIyNzd9.S8VjwNPArie-f9RemtcfEjGlbn54Oq_9d37KKPYw9RbtNc5OnmaJtp6cLIonEXJM
1780495131432629,30736,eyJhbGciOiJIUzM4NCJ9.eyJzdWIiOiJwZXJmX3VzZXJfNzMyIiwidXNlcklkIjozMDczNiwiaWF0IjoxNzgwNDk1MDc3LCJleHAiOjE3ODA1MDIyNzd9._ucLmFHgsS-DddUWKhV74AF_xTcdq7EA1-_SVwz1ohqcmB6S48N3ppnXh0RsfYZK
1780495133685802,30836,eyJhbGciOiJIUzM4NCJ9.eyJzdWIiOiJwZXJmX3VzZXJfODMyIiwidXNlcklkIjozMDgzNiwiaWF0IjoxNzgwNDk1MDc3LCJleHAiOjE3ODA1MDIyNzd9.BguWalbZ_NSYuFIKIyH42HJd6jZQTuvmPKWAItvwU8v7g44m6-XDY_fqOUdzOUiZ
1780495135919783,30936,eyJhbGciOiJIUzM4NCJ9.eyJzdWIiOiJwZXJmX3VzZXJfOTMyIiwidXNlcklkIjozMDkzNiwiaWF0IjoxNzgwNDk1MDc4LCJleHAiOjE3ODA1MDIyNzh9.0J5ZasB_u8MbPs1yqno6UZYeNS-shXsgES4Huu6YFibiq6IYyt-a0orAHT9vzTnk
1780495138276921,31036,eyJhbGciOiJIUzM4NCJ9.eyJzdWIiOiJwZXJmX3VzZXJfMTAzMiIsInVzZXJJZCI6MzEwMzYsImlhdCI6MTc4MDQ5NTA3OCwiZXhwIjoxNzgwNTAyMjc4fQ.ZGwxC0AtXMZaI7gazP5Kp6kYKSEdhLhVGbHXXBWL1QB_rzYaYRXvf4x6YcWFXDQD
1780495140509003,31136,eyJhbGciOiJIUzM4NCJ9.eyJzdWIiOiJwZXJmX3VzZXJfMTEzMiIsInVzZXJJZCI6MzExMzYsImlhdCI6MTc4MDQ5NTA3OCwiZXhwIjoxNzgwNTAyMjc4fQ.EcmoMHUntbxG4RxOUHMEvE3uqS30CCrKhXl71tv3X7bdcqpzP-9PbXF608TJZZKh
1780495142691200,31236,eyJhbGciOiJIUzM4NCJ9.eyJzdWIiOiJwZXJmX3VzZXJfMTIzMiIsInVzZXJJZCI6MzEyMzYsImlhdCI6MTc4MDQ5NTA3OCwiZXhwIjoxNzgwNTAyMjc4fQ.knhVv6zPvPdqzI8ePqcv_BuBcTliG35Et9-JbmuVvfpmlqi6l7XqnKBIoWxA6R6H
1780495144893841,31336,eyJhbGciOiJIUzM4NCJ9.eyJzdWIiOiJwZXJmX3VzZXJfMTMzMiIsInVzZXJJZCI6MzEzMzYsImlhdCI6MTc4MDQ5NTA3OCwiZXhwIjoxNzgwNTAyMjc4fQ.1YMELtANXoPPV-9DBa0XxeP8VFDY5i_5P2P8SNNhjmo6xkJQNs-CXeBgMDADWtrS
1780495147099053,31436,eyJhbGciOiJIUzM4NCJ9.eyJzdWIiOiJwZXJmX3VzZXJfMTQzMiIsInVzZXJJZCI6MzE0MzYsImlhdCI6MTc4MDQ5NTA3OCwiZXhwIjoxNzgwNTAyMjc4fQ.U_thf_k6uzuUndF3ICPbrt7LDaJ_wFrw7NuihVHqE8wrGFVo8IfgVw4qfzoBTQLy
1780495149376540,31536,eyJhbGciOiJIUzM4NCJ9.eyJzdWIiOiJwZXJmX3VzZXJfMTUzMiIsInVzZXJJZCI6MzE1MzYsImlhdCI6MTc4MDQ5NTA3OCwiZXhwIjoxNzgwNTAyMjc4fQ.H5IBCVFxHbvvWgM2yFXOnKFxPjkJBTEHhiG1dmqwpYgJcZGNZR2egU-ReXyHFjtI
1780495115697720,30037,eyJhbGciOiJIUzM4NCJ9.eyJzdWIiOiJwZXJmX3VzZXJfMzMiLCJ1c2VySWQiOjMwMDM3LCJpYXQiOjE3ODA0OTUwNzYsImV4cCI6MTc4MDUwMjI3Nn0.jzmSDajacFTSjtA9mJGTqP3R12s3uYAWaniwu1LlYWz90Qps-dUXaTcY9UffEhWk
1780495117892200,30137,eyJhbGciOiJIUzM4NCJ9.eyJzdWIiOiJwZXJmX3VzZXJfMTMzIiwidXNlcklkIjozMDEzNywiaWF0IjoxNzgwNDk1MDc3LCJleHAiOjE3ODA1MDIyNzd9.H4QgQLBteSq1KjRFkR5XI_4loQDWbohjp-_6sJdWS7d-LSz1ioJThB6PJMffQPNM
1780495120168279,30237,eyJhbGciOiJIUzM4NCJ9.eyJzdWIiOiJwZXJmX3VzZXJfMjMzIiwidXNlcklkIjozMDIzNywiaWF0IjoxNzgwNDk1MDc3LCJleHAiOjE3ODA1MDIyNzd9.k5EBMx_PbJMlc1jQs4jbebp3F7Cm7W4iKwvvTqpM3Peu9mgWb427eXh0mgZbphLH
1780495122399886,30337,eyJhbGciOiJIUzM4NCJ9.eyJzdWIiOiJwZXJmX3VzZXJfMzMzIiwidXNlcklkIjozMDMzNywiaWF0IjoxNzgwNDk1MDc3LCJleHAiOjE3ODA1MDIyNzd9.T6xd-8M2Im7F9zejZOtiiPdB0Cc4wTMX2bs2hBoYH17CD45TefU6YATQHnRwEuKW
1780495124624826,30437,eyJhbGciOiJIUzM4NCJ9.eyJzdWIiOiJwZXJmX3VzZXJfNDMzIiwidXNlcklkIjozMDQzNywiaWF0IjoxNzgwNDk1MDc3LCJleHAiOjE3ODA1MDIyNzd9.48btEVmD_t3TjjUP2ubqyFvFTK9dCRumFRJrx6B7K3252pOUksAlc4R6iFYp1P0T
1780495126897911,30537,eyJhbGciOiJIUzM4NCJ9.eyJzdWIiOiJwZXJmX3VzZXJfNTMzIiwidXNlcklkIjozMDUzNywiaWF0IjoxNzgwNDk1MDc3LCJleHAiOjE3ODA1MDIyNzd9.TlVxcDOUPxvNf1AKxFqGoWIR0YeeCfwIOBkb4H7vyk-HxfZOcILLrWpA18GBeFR2
1780495129156031,30637,eyJhbGciOiJIUzM4NCJ9.eyJzdWIiOiJwZXJmX3VzZXJfNjMzIiwidXNlcklkIjozMDYzNywiaWF0IjoxNzgwNDk1MDc3LCJleHAiOjE3ODA1MDIyNzd9.ZKnSxeQK2zDXZxgNfi5EPGDmiTA9SjozxVGqJ_DKinpmecNrEpxVsgXBk40LDl7Y
1780495131432629,30737,eyJhbGciOiJIUzM4NCJ9.eyJzdWIiOiJwZXJmX3VzZXJfNzMzIiwidXNlcklkIjozMDczNywiaWF0IjoxNzgwNDk1MDc3LCJleHAiOjE3ODA1MDIyNzd9.fDMR2suNcBQWSnMGdDpbcLRo9P9198BNwVjC632IFmmiJ6m158ISNcBywMd8pnW3
1780495133685802,30837,eyJhbGciOiJIUzM4NCJ9.eyJzdWIiOiJwZXJmX3VzZXJfODMzIiwidXNlcklkIjozMDgzNywiaWF0IjoxNzgwNDk1MDc3LCJleHAiOjE3ODA1MDIyNzd9.LSgr1Tg0MwLwmRnCB-pNSdLqW56P24Zz_1LQU71LDgI8HHsc4CgWkhBdJOWQji9l
1780495135919783,30937,eyJhbGciOiJIUzM4NCJ9.eyJzdWIiOiJwZXJmX3VzZXJfOTMzIiwidXNlcklkIjozMDkzNywiaWF0IjoxNzgwNDk1MDc4LCJleHAiOjE3ODA1MDIyNzh9.w7fItVw3J30kUTOqzzKvPk5EXd9_dirGlxpZz_9XwPa2R2rptFnloTgVKUieZx7r
1780495138276921,31037,eyJhbGciOiJIUzM4NCJ9.eyJzdWIiOiJwZXJmX3VzZXJfMTAzMyIsInVzZXJJZCI6MzEwMzcsImlhdCI6MTc4MDQ5NTA3OCwiZXhwIjoxNzgwNTAyMjc4fQ.hjL5MuJyittSJuGVG3Mc6JqdjA681bA-unrWnJX1KCwYu5m43oP39NQ163nrC0q6
1780495140509003,31137,eyJhbGciOiJIUzM4NCJ9.eyJzdWIiOiJwZXJmX3VzZXJfMTEzMyIsInVzZXJJZCI6MzExMzcsImlhdCI6MTc4MDQ5NTA3OCwiZXhwIjoxNzgwNTAyMjc4fQ.BFxMBZIXMMMu7tKPuwcvQbgQlKuOg0mRPMIJmhMp098GUBD6kS6ZCngjJAbqn-vt
1780495142691200,31237,eyJhbGciOiJIUzM4NCJ9.eyJzdWIiOiJwZXJmX3VzZXJfMTIzMyIsInVzZXJJZCI6MzEyMzcsImlhdCI6MTc4MDQ5NTA3OCwiZXhwIjoxNzgwNTAyMjc4fQ.zDahhnQAsknTRcCn5czoI9PLEhXAElHseeZomh_yhDcb7HJB89t973uRxTDi6eR0
1780495144893841,31337,eyJhbGciOiJIUzM4NCJ9.eyJzdWIiOiJwZXJmX3VzZXJfMTMzMyIsInVzZXJJZCI6MzEzMzcsImlhdCI6MTc4MDQ5NTA3OCwiZXhwIjoxNzgwNTAyMjc4fQ.ix77mN3vQQqt0T_K8gi4YGbzBVU79iqVaexNs3aT6LYJFp5w44Fvq1iNiK2UdBHV
1780495147099053,31437,eyJhbGciOiJIUzM4NCJ9.eyJzdWIiOiJwZXJmX3VzZXJfMTQzMyIsInVzZXJJZCI6MzE0MzcsImlhdCI6MTc4MDQ5NTA3OCwiZXhwIjoxNzgwNTAyMjc4fQ.JDV6eiiICKpTWHx75XXicw_dKrEEowY1a5-QkASvaUKnvnBmwmyditVbQ0md5g33
1780495149376540,31537,eyJhbGciOiJIUzM4NCJ9.eyJzdWIiOiJwZXJmX3VzZXJfMTUzMyIsInVzZXJJZCI6MzE1MzcsImlhdCI6MTc4MDQ5NTA3OCwiZXhwIjoxNzgwNTAyMjc4fQ.cl8EzRxk3hD0306sdPVfLbvMqt0YC48D8IcCnULs7zJKRFRTXTfbvj26QUv7jMAO
1780495115697720,30038,eyJhbGciOiJIUzM4NCJ9.eyJzdWIiOiJwZXJmX3VzZXJfMzQiLCJ1c2VySWQiOjMwMDM4LCJpYXQiOjE3ODA0OTUwNzYsImV4cCI6MTc4MDUwMjI3Nn0.1mTllmhHbY7vaWNJ3wXvY7PaQIHfR4bkDSeOqBlYAfDSHg-nPfK1EknNpvLRNYTM
1780495117892200,30138,eyJhbGciOiJIUzM4NCJ9.eyJzdWIiOiJwZXJmX3VzZXJfMTM0IiwidXNlcklkIjozMDEzOCwiaWF0IjoxNzgwNDk1MDc3LCJleHAiOjE3ODA1MDIyNzd9.9OpO__Cx3hL0vQRphdy9tUQkvnjr6JN3McfTiQnPzSpp5WCxn2qScWu59FaKKHEE
1780495120168279,30238,eyJhbGciOiJIUzM4NCJ9.eyJzdWIiOiJwZXJmX3VzZXJfMjM0IiwidXNlcklkIjozMDIzOCwiaWF0IjoxNzgwNDk1MDc3LCJleHAiOjE3ODA1MDIyNzd9.ctekUztA2InwK_6muBW-5z-MqyNKnVnmbtEAQpKnwLvTs61CbWravy3-i1HgkRr6
1780495122399886,30338,eyJhbGciOiJIUzM4NCJ9.eyJzdWIiOiJwZXJmX3VzZXJfMzM0IiwidXNlcklkIjozMDMzOCwiaWF0IjoxNzgwNDk1MDc3LCJleHAiOjE3ODA1MDIyNzd9.EQRJ1HvTd8VFu7V9Dy-uDJ1K1VAmP7IphoDjaBK4UBsZD_oxO23fli1GeTTdDYIM
1780495124624826,30438,eyJhbGciOiJIUzM4NCJ9.eyJzdWIiOiJwZXJmX3VzZXJfNDM0IiwidXNlcklkIjozMDQzOCwiaWF0IjoxNzgwNDk1MDc3LCJleHAiOjE3ODA1MDIyNzd9.uvIhvJav3mQ_UJqcVznKI-NuLFzICyCknd3YOTs6Ie4R2ADw9jkGvbeKFPSU0ffw
1780495126897911,30538,eyJhbGciOiJIUzM4NCJ9.eyJzdWIiOiJwZXJmX3VzZXJfNTM0IiwidXNlcklkIjozMDUzOCwiaWF0IjoxNzgwNDk1MDc3LCJleHAiOjE3ODA1MDIyNzd9.1XpJTfUgCuhOS-8MyzkTuG6U9H5CjRPqj1iOuT-CpKjLIMgKhVJFnTm35buC-dfk
1780495129156031,30638,eyJhbGciOiJIUzM4NCJ9.eyJzdWIiOiJwZXJmX3VzZXJfNjM0IiwidXNlcklkIjozMDYzOCwiaWF0IjoxNzgwNDk1MDc3LCJleHAiOjE3ODA1MDIyNzd9.e4WeE1_Zy57F3flMjpgFjemU78Ckk6YTGzPT-QIXPOWWjPVM3-nbgo47DMF7GR3z
1780495131432629,30738,eyJhbGciOiJIUzM4NCJ9.eyJzdWIiOiJwZXJmX3VzZXJfNzM0IiwidXNlcklkIjozMDczOCwiaWF0IjoxNzgwNDk1MDc3LCJleHAiOjE3ODA1MDIyNzd9.Mh_Eq5EC-C29iHC-_dZGfCfhXbTxo-1dh0A7YIijhCZOqTS2Lkh5g3fA13erKbaU
1780495133685802,30838,eyJhbGciOiJIUzM4NCJ9.eyJzdWIiOiJwZXJmX3VzZXJfODM0IiwidXNlcklkIjozMDgzOCwiaWF0IjoxNzgwNDk1MDc3LCJleHAiOjE3ODA1MDIyNzd9.IHIRt15pK9haBq7Ht24frOCEwli_8IzDh0qtWkaOrGYtEg46AV_TWWjvk_EENCTn
1780495135919783,30938,eyJhbGciOiJIUzM4NCJ9.eyJzdWIiOiJwZXJmX3VzZXJfOTM0IiwidXNlcklkIjozMDkzOCwiaWF0IjoxNzgwNDk1MDc4LCJleHAiOjE3ODA1MDIyNzh9.95Eo2w8PAqYtrHmhUdhoN-OW_2cuV43wZQnf1aYf9J14Q81F67B1hJ_wcrhXInC3
1780495138276921,31038,eyJhbGciOiJIUzM4NCJ9.eyJzdWIiOiJwZXJmX3VzZXJfMTAzNCIsInVzZXJJZCI6MzEwMzgsImlhdCI6MTc4MDQ5NTA3OCwiZXhwIjoxNzgwNTAyMjc4fQ.sVPaKyeYmZrSTjeQedPCw37IVeqoWUVSgv8vYIqBJc8AphSFInDwuotTVPcxJayG
1780495140509003,31138,eyJhbGciOiJIUzM4NCJ9.eyJzdWIiOiJwZXJmX3VzZXJfMTEzNCIsInVzZXJJZCI6MzExMzgsImlhdCI6MTc4MDQ5NTA3OCwiZXhwIjoxNzgwNTAyMjc4fQ.c8y7uov6xqYe0GENETCDNozwH13Gg7uhGxcIacKJz66nnLJRrIFh974tsCYWPnGa
1780495142691200,31238,eyJhbGciOiJIUzM4NCJ9.eyJzdWIiOiJwZXJmX3VzZXJfMTIzNCIsInVzZXJJZCI6MzEyMzgsImlhdCI6MTc4MDQ5NTA3OCwiZXhwIjoxNzgwNTAyMjc4fQ.t4PvDRyWFHaw5GkO8xYEjO0TlvjgUU1HtzVJTBwzpUC3xleLbnwpeYW4LC7GTPB6
1780495144893841,31338,eyJhbGciOiJIUzM4NCJ9.eyJzdWIiOiJwZXJmX3VzZXJfMTMzNCIsInVzZXJJZCI6MzEzMzgsImlhdCI6MTc4MDQ5NTA3OCwiZXhwIjoxNzgwNTAyMjc4fQ.fq8erb1nmvRcCGZ7ZFRS-4aXMQseTrsaXG45wQVnpiwqTcyVgOU3HZvnqcmYuhy5
1780495147099053,31438,eyJhbGciOiJIUzM4NCJ9.eyJzdWIiOiJwZXJmX3VzZXJfMTQzNCIsInVzZXJJZCI6MzE0MzgsImlhdCI6MTc4MDQ5NTA3OCwiZXhwIjoxNzgwNTAyMjc4fQ.elSEuhMQLxEjgqqTd5yIJpyoveoqCKAtrv9McuD6_3Wd11W7fc_uFL2VHIWjxxnt
1780495149376540,31538,eyJhbGciOiJIUzM4NCJ9.eyJzdWIiOiJwZXJmX3VzZXJfMTUzNCIsInVzZXJJZCI6MzE1MzgsImlhdCI6MTc4MDQ5NTA3OCwiZXhwIjoxNzgwNTAyMjc4fQ.krWi9mE_LTZtM6g0k291sONs52jJwffnPbzxrMF4lqkvilA_j_cDMAsam09DVgi2
1780495115697720,30039,eyJhbGciOiJIUzM4NCJ9.eyJzdWIiOiJwZXJmX3VzZXJfMzUiLCJ1c2VySWQiOjMwMDM5LCJpYXQiOjE3ODA0OTUwNzYsImV4cCI6MTc4MDUwMjI3Nn0.DUmAltZGa1YFxK_LtyvdEmryF_dyWFZopxbbWBvSrePZ8AlH-O7PUDOaHEeYWjmt
1780495117892200,30139,eyJhbGciOiJIUzM4NCJ9.eyJzdWIiOiJwZXJmX3VzZXJfMTM1IiwidXNlcklkIjozMDEzOSwiaWF0IjoxNzgwNDk1MDc3LCJleHAiOjE3ODA1MDIyNzd9.AqnStzFs9r9DCivFC7pZi9LTCgv11REJIfhkI8fZCAnsVXH73sP93hAJFQolnjE7
1780495120168279,30239,eyJhbGciOiJIUzM4NCJ9.eyJzdWIiOiJwZXJmX3VzZXJfMjM1IiwidXNlcklkIjozMDIzOSwiaWF0IjoxNzgwNDk1MDc3LCJleHAiOjE3ODA1MDIyNzd9.zWYHc6XysEdcGamjHAAM9GT4OsJy4lHAZU0IDyIvw2GtJVzcUiNgVwv2rM71Xmai
1780495122399886,30339,eyJhbGciOiJIUzM4NCJ9.eyJzdWIiOiJwZXJmX3VzZXJfMzM1IiwidXNlcklkIjozMDMzOSwiaWF0IjoxNzgwNDk1MDc3LCJleHAiOjE3ODA1MDIyNzd9.i2O2fkASfIxlAaIPNN7GTr9vYBOp8gFKGdNwgYg-hq1TcObhoiMv0xHQ0Pgs0x7W
1780495124624826,30439,eyJhbGciOiJIUzM4NCJ9.eyJzdWIiOiJwZXJmX3VzZXJfNDM1IiwidXNlcklkIjozMDQzOSwiaWF0IjoxNzgwNDk1MDc3LCJleHAiOjE3ODA1MDIyNzd9.Kgp_W5LWOkcejhqsG7TUuc2MKA0GhZjbwXguXV4QvhZUpGjJJmGCqOsAv6-MSA8Z
1780495126897911,30539,eyJhbGciOiJIUzM4NCJ9.eyJzdWIiOiJwZXJmX3VzZXJfNTM1IiwidXNlcklkIjozMDUzOSwiaWF0IjoxNzgwNDk1MDc3LCJleHAiOjE3ODA1MDIyNzd9.E_yPl-v0CvRlQxWO084qcomHdZqFO4cDsFKm_Lnp9tm3PkWayn3jtjGy9jqFeQkF
1780495129156031,30639,eyJhbGciOiJIUzM4NCJ9.eyJzdWIiOiJwZXJmX3VzZXJfNjM1IiwidXNlcklkIjozMDYzOSwiaWF0IjoxNzgwNDk1MDc3LCJleHAiOjE3ODA1MDIyNzd9.FaB29FP5dj81xobwp5Wy2peHRk6XunKA9DkHkKLh9nra63fJfrCLqrXlV1FLwDwt
1780495131432629,30739,eyJhbGciOiJIUzM4NCJ9.eyJzdWIiOiJwZXJmX3VzZXJfNzM1IiwidXNlcklkIjozMDczOSwiaWF0IjoxNzgwNDk1MDc3LCJleHAiOjE3ODA1MDIyNzd9.rpiS9L3XzoTMayaW9zsSxKrBxsoQFj_Yj9LJFHEwjtnBkUn4Y96aMs_jOwwM49d5
1780495133685802,30839,eyJhbGciOiJIUzM4NCJ9.eyJzdWIiOiJwZXJmX3VzZXJfODM1IiwidXNlcklkIjozMDgzOSwiaWF0IjoxNzgwNDk1MDc3LCJleHAiOjE3ODA1MDIyNzd9.ySMEaXOybP5nzmV7SNsOv18eGvyvX_Yg_eiQh1ufBiTv0-Hux7dmxXURu4SC5UJT
1780495135919783,30939,eyJhbGciOiJIUzM4NCJ9.eyJzdWIiOiJwZXJmX3VzZXJfOTM1IiwidXNlcklkIjozMDkzOSwiaWF0IjoxNzgwNDk1MDc4LCJleHAiOjE3ODA1MDIyNzh9.oHtiFOMQgvWqLUhbsCPy_C0HqRXWfSJelLxCAfKrH7YgqUrvlyHXEox434zDfhDU
1780495138276921,31039,eyJhbGciOiJIUzM4NCJ9.eyJzdWIiOiJwZXJmX3VzZXJfMTAzNSIsInVzZXJJZCI6MzEwMzksImlhdCI6MTc4MDQ5NTA3OCwiZXhwIjoxNzgwNTAyMjc4fQ.CB8RUghZ42iHWeU6Cpe3ZfwiB3l2oD_TVtEWnDCyjWtgAIuyGq2aAuqhgFNd6hRG
1780495140509003,31139,eyJhbGciOiJIUzM4NCJ9.eyJzdWIiOiJwZXJmX3VzZXJfMTEzNSIsInVzZXJJZCI6MzExMzksImlhdCI6MTc4MDQ5NTA3OCwiZXhwIjoxNzgwNTAyMjc4fQ.6GSk7mv_dD20Y5Efr4yuuvnk81jIzqpkeVW2uZwBWCJSvlsUJSw9OHTjzz2TDTk_
1780495142691200,31239,eyJhbGciOiJIUzM4NCJ9.eyJzdWIiOiJwZXJmX3VzZXJfMTIzNSIsInVzZXJJZCI6MzEyMzksImlhdCI6MTc4MDQ5NTA3OCwiZXhwIjoxNzgwNTAyMjc4fQ.2_qN2o5SAykAxzrIW919URXGn-uIeT7ojwRocZxP3zn97Fice5UQrkPCdlW7RexZ
1780495144893841,31339,eyJhbGciOiJIUzM4NCJ9.eyJzdWIiOiJwZXJmX3VzZXJfMTMzNSIsInVzZXJJZCI6MzEzMzksImlhdCI6MTc4MDQ5NTA3OCwiZXhwIjoxNzgwNTAyMjc4fQ.jQtDM9wpSjM2jcAH-Ur2v0YiE2cxo_K3fN3oUFoskk04d4BRMQGGaLdZ46F5t3Mt
1780495147099053,31439,eyJhbGciOiJIUzM4NCJ9.eyJzdWIiOiJwZXJmX3VzZXJfMTQzNSIsInVzZXJJZCI6MzE0MzksImlhdCI6MTc4MDQ5NTA3OCwiZXhwIjoxNzgwNTAyMjc4fQ.LV1BXyCW2YlvL6YbmgNoUQ4bID6QBSQe3t7kVfykj3huBDzQIUhR3tB9_mYhN2kD
1780495149376540,31539,eyJhbGciOiJIUzM4NCJ9.eyJzdWIiOiJwZXJmX3VzZXJfMTUzNSIsInVzZXJJZCI6MzE1MzksImlhdCI6MTc4MDQ5NTA3OCwiZXhwIjoxNzgwNTAyMjc4fQ.Kt-Mo3gWXSORBOWjbpMYIP9J8ySDbs9J_2pIoNSUpjLVYANU7A3YmxCviyqJgPi1
1780495115697720,30040,eyJhbGciOiJIUzM4NCJ9.eyJzdWIiOiJwZXJmX3VzZXJfMzYiLCJ1c2VySWQiOjMwMDQwLCJpYXQiOjE3ODA0OTUwNzYsImV4cCI6MTc4MDUwMjI3Nn0.VMWUy-3BeeXb-8DX0T0nXEKrrkbjmE2AklJ_8XTM6Tr7ZkAiaU5u_i_d_BpLOdIR
1780495117892200,30140,eyJhbGciOiJIUzM4NCJ9.eyJzdWIiOiJwZXJmX3VzZXJfMTM2IiwidXNlcklkIjozMDE0MCwiaWF0IjoxNzgwNDk1MDc3LCJleHAiOjE3ODA1MDIyNzd9.D0vyiWJmolpyDL527YeAAbE9Br3adR17Am_jjLmDwizUx4_c9q-7h414QldwJu-6
1780495120168279,30240,eyJhbGciOiJIUzM4NCJ9.eyJzdWIiOiJwZXJmX3VzZXJfMjM2IiwidXNlcklkIjozMDI0MCwiaWF0IjoxNzgwNDk1MDc3LCJleHAiOjE3ODA1MDIyNzd9.lIX8PkkOnG8mdQPILrUiIeacXy5aVOu17wGlwFutmEY8xiQYuNcqemWm90co4_1y
1780495122399886,30340,eyJhbGciOiJIUzM4NCJ9.eyJzdWIiOiJwZXJmX3VzZXJfMzM2IiwidXNlcklkIjozMDM0MCwiaWF0IjoxNzgwNDk1MDc3LCJleHAiOjE3ODA1MDIyNzd9.67MDSYAcF4ZpmX1zVbSV79VJf9H48yAmL9EZ-7wTGcVnmUKdtNOSkenyOUYeRrTH
1780495124624826,30440,eyJhbGciOiJIUzM4NCJ9.eyJzdWIiOiJwZXJmX3VzZXJfNDM2IiwidXNlcklkIjozMDQ0MCwiaWF0IjoxNzgwNDk1MDc3LCJleHAiOjE3ODA1MDIyNzd9.TLjOjvILR5e-MirUjjrflsQzbJDhOJQPce75ZVEWtA5Z_EYY6ZErSVEEb4Zry8T8
1780495126897911,30540,eyJhbGciOiJIUzM4NCJ9.eyJzdWIiOiJwZXJmX3VzZXJfNTM2IiwidXNlcklkIjozMDU0MCwiaWF0IjoxNzgwNDk1MDc3LCJleHAiOjE3ODA1MDIyNzd9.f6sqrntejNrCa1PhlZHWx6vEavwqwGZ__svYe0VWvABqbFV_atvBufLmrNMgYTrN
1780495129156031,30640,eyJhbGciOiJIUzM4NCJ9.eyJzdWIiOiJwZXJmX3VzZXJfNjM2IiwidXNlcklkIjozMDY0MCwiaWF0IjoxNzgwNDk1MDc3LCJleHAiOjE3ODA1MDIyNzd9.t--ok9r_6zIGM8322cN5hwW-rJxcj2KihKsgXugSiQ6BtzNs9QMN8Y8POit4YmbT
1780495131432629,30740,eyJhbGciOiJIUzM4NCJ9.eyJzdWIiOiJwZXJmX3VzZXJfNzM2IiwidXNlcklkIjozMDc0MCwiaWF0IjoxNzgwNDk1MDc3LCJleHAiOjE3ODA1MDIyNzd9.GPHx_Rvj0-Oz_d1wpHpjSuWN8Qp1D-3pkqc_qcqMNUK0X5nraRqNgJ2xihPQV-fE
1780495133685802,30840,eyJhbGciOiJIUzM4NCJ9.eyJzdWIiOiJwZXJmX3VzZXJfODM2IiwidXNlcklkIjozMDg0MCwiaWF0IjoxNzgwNDk1MDc3LCJleHAiOjE3ODA1MDIyNzd9.77GlrMgmXyHe4bLKpjZgOE2J0eaovd3cSTGhn2SVWt9v0i6nI8jEu5y3nNrDKUzE
1780495135919783,30940,eyJhbGciOiJIUzM4NCJ9.eyJzdWIiOiJwZXJmX3VzZXJfOTM2IiwidXNlcklkIjozMDk0MCwiaWF0IjoxNzgwNDk1MDc4LCJleHAiOjE3ODA1MDIyNzh9.z_TPSe1GUc3WvZakHr39Jz_E-r4MbRndW6qpzfkHDkMpI9HNdPQwOrJUyRhATx8G
1780495138276921,31040,eyJhbGciOiJIUzM4NCJ9.eyJzdWIiOiJwZXJmX3VzZXJfMTAzNiIsInVzZXJJZCI6MzEwNDAsImlhdCI6MTc4MDQ5NTA3OCwiZXhwIjoxNzgwNTAyMjc4fQ.JlJqaE9HN9uBvXGkxolrhhQv5aJsQd4ypfaQlSuDW4gLrtVUljIlKlGizfrxYAGV
1780495140509003,31140,eyJhbGciOiJIUzM4NCJ9.eyJzdWIiOiJwZXJmX3VzZXJfMTEzNiIsInVzZXJJZCI6MzExNDAsImlhdCI6MTc4MDQ5NTA3OCwiZXhwIjoxNzgwNTAyMjc4fQ.YRvpugVMQi5RPgcCgtUgF9pPGf1psiBa9P0WvUfTr_AyWYs94LEtQ5rQUtnDbi-v
1780495142691200,31240,eyJhbGciOiJIUzM4NCJ9.eyJzdWIiOiJwZXJmX3VzZXJfMTIzNiIsInVzZXJJZCI6MzEyNDAsImlhdCI6MTc4MDQ5NTA3OCwiZXhwIjoxNzgwNTAyMjc4fQ.wldHuPwAizJ8G0rMGmdQEkMdy2xmi0b3eYRw4L21YUpmelpLpMDB5kBcvQ78iMDl
1780495144893841,31340,eyJhbGciOiJIUzM4NCJ9.eyJzdWIiOiJwZXJmX3VzZXJfMTMzNiIsInVzZXJJZCI6MzEzNDAsImlhdCI6MTc4MDQ5NTA3OCwiZXhwIjoxNzgwNTAyMjc4fQ.1tBupIvpwV5kyFPVtfvRPnbnFgzXYP074g6uQbVSykpYtsAaPJNpQZ0tkpE85K-C
1780495147099053,31440,eyJhbGciOiJIUzM4NCJ9.eyJzdWIiOiJwZXJmX3VzZXJfMTQzNiIsInVzZXJJZCI6MzE0NDAsImlhdCI6MTc4MDQ5NTA3OCwiZXhwIjoxNzgwNTAyMjc4fQ.2Y0DJSms36Jr8tLMk4UqU7UuU_fXJ2QW31E04ytgvCRu2lSIStbdh_A1TUzz_o1k
1780495149376540,31540,eyJhbGciOiJIUzM4NCJ9.eyJzdWIiOiJwZXJmX3VzZXJfMTUzNiIsInVzZXJJZCI6MzE1NDAsImlhdCI6MTc4MDQ5NTA3OCwiZXhwIjoxNzgwNTAyMjc4fQ.CMextVnMrCcHynpoO02xfgmuCt1wbd8yTQkWXnT8BqHZuXYC2SD8XmArZh_P1GSe
1780495115697720,30041,eyJhbGciOiJIUzM4NCJ9.eyJzdWIiOiJwZXJmX3VzZXJfMzciLCJ1c2VySWQiOjMwMDQxLCJpYXQiOjE3ODA0OTUwNzYsImV4cCI6MTc4MDUwMjI3Nn0.xKDMNiDisBXDZXoUiRflt3SlFFE_YIYvKzKpGpgBFvdXLxaeNqG3cRqezKnjOPAq
1780495117892200,30141,eyJhbGciOiJIUzM4NCJ9.eyJzdWIiOiJwZXJmX3VzZXJfMTM3IiwidXNlcklkIjozMDE0MSwiaWF0IjoxNzgwNDk1MDc3LCJleHAiOjE3ODA1MDIyNzd9.l3kxOODO2ZLX5Mojm2hDXwHef6abUIiU5lu1O3sglTUPfsCs2fQaqOL5K1oEHFpR
1780495120168279,30241,eyJhbGciOiJIUzM4NCJ9.eyJzdWIiOiJwZXJmX3VzZXJfMjM3IiwidXNlcklkIjozMDI0MSwiaWF0IjoxNzgwNDk1MDc3LCJleHAiOjE3ODA1MDIyNzd9.7pRyCx2JQ3pPw0zOC1SLDiZRw0Uxcc0zL20Bo8XHQu18E71gSEmuRaitRUtKs5Et
1780495122399886,30341,eyJhbGciOiJIUzM4NCJ9.eyJzdWIiOiJwZXJmX3VzZXJfMzM3IiwidXNlcklkIjozMDM0MSwiaWF0IjoxNzgwNDk1MDc3LCJleHAiOjE3ODA1MDIyNzd9.ZbFFVPt3rSmJ-TdOwJlRRQTJCx9AldcohPfPuQqgzgMfJu-kN0Sa-5NOwaNPBQZ7
1780495124624826,30441,eyJhbGciOiJIUzM4NCJ9.eyJzdWIiOiJwZXJmX3VzZXJfNDM3IiwidXNlcklkIjozMDQ0MSwiaWF0IjoxNzgwNDk1MDc3LCJleHAiOjE3ODA1MDIyNzd9.PxmptrvEFWaQprpgh0Qa17VhKMkLgybQB0g0b_z6eaHBVd_UE0O-ZhrbfjJU-m_w
1780495126897911,30541,eyJhbGciOiJIUzM4NCJ9.eyJzdWIiOiJwZXJmX3VzZXJfNTM3IiwidXNlcklkIjozMDU0MSwiaWF0IjoxNzgwNDk1MDc3LCJleHAiOjE3ODA1MDIyNzd9.pEZoUYfXfCWYQOm4hrWsiJkJ8cR1Dip6uT7JnJtnKMrMUwYmME37gbRu0JSYtuVl
1780495129156031,30641,eyJhbGciOiJIUzM4NCJ9.eyJzdWIiOiJwZXJmX3VzZXJfNjM3IiwidXNlcklkIjozMDY0MSwiaWF0IjoxNzgwNDk1MDc3LCJleHAiOjE3ODA1MDIyNzd9.oegzLmewOsqxhtvlwfGu5xVhgjOuBNp3bu0UT2bwEw5tdJD1eThVrVdthu35l8wU
1780495131432629,30741,eyJhbGciOiJIUzM4NCJ9.eyJzdWIiOiJwZXJmX3VzZXJfNzM3IiwidXNlcklkIjozMDc0MSwiaWF0IjoxNzgwNDk1MDc3LCJleHAiOjE3ODA1MDIyNzd9.yt5Cw_3N1Vt8nabaJF_rDRbGobW23QBfVdjgR3reb-21xUvXj218Nao-hTiAFiuy
1780495133685802,30841,eyJhbGciOiJIUzM4NCJ9.eyJzdWIiOiJwZXJmX3VzZXJfODM3IiwidXNlcklkIjozMDg0MSwiaWF0IjoxNzgwNDk1MDc3LCJleHAiOjE3ODA1MDIyNzd9.FSU3Q4sbNdj4tirdK-aRqEGImNAt241SbUqyL4CgiT2eoA7YhgUkDiJpfCw3QseU
1780495135919783,30941,eyJhbGciOiJIUzM4NCJ9.eyJzdWIiOiJwZXJmX3VzZXJfOTM3IiwidXNlcklkIjozMDk0MSwiaWF0IjoxNzgwNDk1MDc4LCJleHAiOjE3ODA1MDIyNzh9.p2eCyHPdYOUR_PzSe1ApynB2t2x9oHwQ3hTGnPcs6LDP8sBn7rnQEAMXyxqHRQmm
1780495138276921,31041,eyJhbGciOiJIUzM4NCJ9.eyJzdWIiOiJwZXJmX3VzZXJfMTAzNyIsInVzZXJJZCI6MzEwNDEsImlhdCI6MTc4MDQ5NTA3OCwiZXhwIjoxNzgwNTAyMjc4fQ.Jb1jEpgW1ZS80BFMoILBfW35ybXf2vWsfZmZAPTovrTWVJ7oawXzRxLFwfS2J0Iz
1780495140509003,31141,eyJhbGciOiJIUzM4NCJ9.eyJzdWIiOiJwZXJmX3VzZXJfMTEzNyIsInVzZXJJZCI6MzExNDEsImlhdCI6MTc4MDQ5NTA3OCwiZXhwIjoxNzgwNTAyMjc4fQ.UfXTNbmgCcEpDTwa1raha26KvfSzDZnxoq4c2K54u5C6W_ylmszS-H2BLo0HYjDl
1780495142691200,31241,eyJhbGciOiJIUzM4NCJ9.eyJzdWIiOiJwZXJmX3VzZXJfMTIzNyIsInVzZXJJZCI6MzEyNDEsImlhdCI6MTc4MDQ5NTA3OCwiZXhwIjoxNzgwNTAyMjc4fQ.8PD85jmlFx3OaVD8Va_0ZUbLtxdUMBRFEFwpr7VGwCzma-r5cX3cl3FE3cekUVZY
1780495144893841,31341,eyJhbGciOiJIUzM4NCJ9.eyJzdWIiOiJwZXJmX3VzZXJfMTMzNyIsInVzZXJJZCI6MzEzNDEsImlhdCI6MTc4MDQ5NTA3OCwiZXhwIjoxNzgwNTAyMjc4fQ.EYs9P0Q-YjxCgMP7taZ7Fw75BVN9NU2Z9-_hlyzvF3nfc-9Ao4flkQDd61SJNW6l
1780495147099053,31441,eyJhbGciOiJIUzM4NCJ9.eyJzdWIiOiJwZXJmX3VzZXJfMTQzNyIsInVzZXJJZCI6MzE0NDEsImlhdCI6MTc4MDQ5NTA3OCwiZXhwIjoxNzgwNTAyMjc4fQ.f5ndFqJLVfL3wArEmz2vHQRQopNDK4QByxyNAjYfTx7-H4Zmj3MH8PjcmefJKslB
1780495149376540,31541,eyJhbGciOiJIUzM4NCJ9.eyJzdWIiOiJwZXJmX3VzZXJfMTUzNyIsInVzZXJJZCI6MzE1NDEsImlhdCI6MTc4MDQ5NTA3OCwiZXhwIjoxNzgwNTAyMjc4fQ.fAypEWaROssg4NwEovX9QtZJrGXB8dd1urcowza6-7KHQqNndUUDPNIM8W0oU6jF
1780495115697720,30042,eyJhbGciOiJIUzM4NCJ9.eyJzdWIiOiJwZXJmX3VzZXJfMzgiLCJ1c2VySWQiOjMwMDQyLCJpYXQiOjE3ODA0OTUwNzYsImV4cCI6MTc4MDUwMjI3Nn0.aRc1i8ijmYmuvkb_W7lIaryUKbr9Qr_F9CEOejhfKd8p02nmy4pmOW-noubJNpJ9
1780495117892200,30142,eyJhbGciOiJIUzM4NCJ9.eyJzdWIiOiJwZXJmX3VzZXJfMTM4IiwidXNlcklkIjozMDE0MiwiaWF0IjoxNzgwNDk1MDc3LCJleHAiOjE3ODA1MDIyNzd9.os-MQdQrvHNQ3jleVympQiGxnAWnPt1HoLo4HmCVP05_mqmFNjccBAq3NFB39q63
1780495120168279,30242,eyJhbGciOiJIUzM4NCJ9.eyJzdWIiOiJwZXJmX3VzZXJfMjM4IiwidXNlcklkIjozMDI0MiwiaWF0IjoxNzgwNDk1MDc3LCJleHAiOjE3ODA1MDIyNzd9.neBB71V9uQ4ebnvZuwYOJK3HhUizhnK-Eo_KwKNYPMj-HP65Vnge3UVhFMiPypvh
1780495122399886,30342,eyJhbGciOiJIUzM4NCJ9.eyJzdWIiOiJwZXJmX3VzZXJfMzM4IiwidXNlcklkIjozMDM0MiwiaWF0IjoxNzgwNDk1MDc3LCJleHAiOjE3ODA1MDIyNzd9.SJFDETr11n1ryAdoKYYgjSE7tWWGgldoOe1qq6i3uOyCyWjd-l_ICJh9Gyb16ZmL
1780495124624826,30442,eyJhbGciOiJIUzM4NCJ9.eyJzdWIiOiJwZXJmX3VzZXJfNDM4IiwidXNlcklkIjozMDQ0MiwiaWF0IjoxNzgwNDk1MDc3LCJleHAiOjE3ODA1MDIyNzd9.OiJfBElzZW6adiIHGf4yk26WXIAe34_y7NyaoiWRA47q_hKXraLfwjYbH0dnJx6a
1780495126897911,30542,eyJhbGciOiJIUzM4NCJ9.eyJzdWIiOiJwZXJmX3VzZXJfNTM4IiwidXNlcklkIjozMDU0MiwiaWF0IjoxNzgwNDk1MDc3LCJleHAiOjE3ODA1MDIyNzd9.ctshh9eZTPA1n3zQ9htRLOvPs3n4XY_-HWKvCmhw8Wwyzt4XGs4Zg4Wi8-GzUlLR
1780495129156031,30642,eyJhbGciOiJIUzM4NCJ9.eyJzdWIiOiJwZXJmX3VzZXJfNjM4IiwidXNlcklkIjozMDY0MiwiaWF0IjoxNzgwNDk1MDc3LCJleHAiOjE3ODA1MDIyNzd9.JjCIBqYzsuJca4JOBHPSNK0Ttb0zVmTw9E9KAoCtcjwD_19Am1HJFclXJiWI9Cf_
1780495131432629,30742,eyJhbGciOiJIUzM4NCJ9.eyJzdWIiOiJwZXJmX3VzZXJfNzM4IiwidXNlcklkIjozMDc0MiwiaWF0IjoxNzgwNDk1MDc3LCJleHAiOjE3ODA1MDIyNzd9.Wh8nLE1vCAGaknTQPuVckuI_iPPrq9I33kE6dkcsPp7hJVnxdFVsdUg1SkgSXRt6
1780495133685802,30842,eyJhbGciOiJIUzM4NCJ9.eyJzdWIiOiJwZXJmX3VzZXJfODM4IiwidXNlcklkIjozMDg0MiwiaWF0IjoxNzgwNDk1MDc3LCJleHAiOjE3ODA1MDIyNzd9.MGR1max70gWWw0GQmafa53DRufxp3PMhAZ8GbLZ2vFCJcLm23oWhGa0zznE6qyza
1780495135919783,30942,eyJhbGciOiJIUzM4NCJ9.eyJzdWIiOiJwZXJmX3VzZXJfOTM4IiwidXNlcklkIjozMDk0MiwiaWF0IjoxNzgwNDk1MDc4LCJleHAiOjE3ODA1MDIyNzh9.Qci2iHK3w56z9cjzdTDVKP7myrbZAbib-x2Q5UU7xjeGOgT5_fQYH_aamn8EVMcy
1780495138276921,31042,eyJhbGciOiJIUzM4NCJ9.eyJzdWIiOiJwZXJmX3VzZXJfMTAzOCIsInVzZXJJZCI6MzEwNDIsImlhdCI6MTc4MDQ5NTA3OCwiZXhwIjoxNzgwNTAyMjc4fQ.sBDz6OsS9U6cZsC6nR-KKkVgf2V1QlzJwQP1lurhIFtnmpAcZ7vVMUjj7yNjU2At
1780495140509003,31142,eyJhbGciOiJIUzM4NCJ9.eyJzdWIiOiJwZXJmX3VzZXJfMTEzOCIsInVzZXJJZCI6MzExNDIsImlhdCI6MTc4MDQ5NTA3OCwiZXhwIjoxNzgwNTAyMjc4fQ.4sgUfKFjIAX1Q_t7DEiNxwVWh6-i8MqYdxrh97MSCh1zjiPJhKUpgkHu5rBqe1fj
1780495142691200,31242,eyJhbGciOiJIUzM4NCJ9.eyJzdWIiOiJwZXJmX3VzZXJfMTIzOCIsInVzZXJJZCI6MzEyNDIsImlhdCI6MTc4MDQ5NTA3OCwiZXhwIjoxNzgwNTAyMjc4fQ.Aa9XcreriKyX9sHUNEYkQs3BS_LVARdghKE7NkBscJeIxeQWQl45IrvtJQkBRbmi
1780495144893841,31342,eyJhbGciOiJIUzM4NCJ9.eyJzdWIiOiJwZXJmX3VzZXJfMTMzOCIsInVzZXJJZCI6MzEzNDIsImlhdCI6MTc4MDQ5NTA3OCwiZXhwIjoxNzgwNTAyMjc4fQ.4PdAud86XJpsY2OTwdHI08_VMOPrZbVt4D6Iy3dmW5mSKdjTGVVLcEWvs0RrdXk5
1780495147099053,31442,eyJhbGciOiJIUzM4NCJ9.eyJzdWIiOiJwZXJmX3VzZXJfMTQzOCIsInVzZXJJZCI6MzE0NDIsImlhdCI6MTc4MDQ5NTA3OCwiZXhwIjoxNzgwNTAyMjc4fQ.6MwWDR7fFFivj1psDcyFnqQDH7i4wk8RacnSC6vup3y4XELdn70Gu_RhqCfnCZDu
1780495149376540,31542,eyJhbGciOiJIUzM4NCJ9.eyJzdWIiOiJwZXJmX3VzZXJfMTUzOCIsInVzZXJJZCI6MzE1NDIsImlhdCI6MTc4MDQ5NTA3OCwiZXhwIjoxNzgwNTAyMjc4fQ.DPfG2Z0JtqfOtUn773CTr73J_otG5lou8VLGxpK56fL0hqFZpqkPsdF3kv5PQwsz
1780495115697720,30043,eyJhbGciOiJIUzM4NCJ9.eyJzdWIiOiJwZXJmX3VzZXJfMzkiLCJ1c2VySWQiOjMwMDQzLCJpYXQiOjE3ODA0OTUwNzYsImV4cCI6MTc4MDUwMjI3Nn0.5XgUQFo05rsHsRjDaA4zB3K1xTy6XQOpniLqk6bhfM6euMJCisDOEn-y_iB7BR4F
1780495117892200,30143,eyJhbGciOiJIUzM4NCJ9.eyJzdWIiOiJwZXJmX3VzZXJfMTM5IiwidXNlcklkIjozMDE0MywiaWF0IjoxNzgwNDk1MDc3LCJleHAiOjE3ODA1MDIyNzd9.oRl2BZe4bB1gXpJLIWK6b_hDCQsZdsghntgVkv0BQndEyw3V7MjPlLwb1vUMW4Ru
1780495120168279,30243,eyJhbGciOiJIUzM4NCJ9.eyJzdWIiOiJwZXJmX3VzZXJfMjM5IiwidXNlcklkIjozMDI0MywiaWF0IjoxNzgwNDk1MDc3LCJleHAiOjE3ODA1MDIyNzd9.CnAtmw78ymvzKPmzSetjgrf09iPQ1o2-1syRYUIcGSvkT5_Hw9TCzyzDRpEL8n3Q
1780495122399886,30343,eyJhbGciOiJIUzM4NCJ9.eyJzdWIiOiJwZXJmX3VzZXJfMzM5IiwidXNlcklkIjozMDM0MywiaWF0IjoxNzgwNDk1MDc3LCJleHAiOjE3ODA1MDIyNzd9.z_Z-f-vZPauPpAt8Iwqax7Zkbf6tFMCU_7PEbnduZJQOYIEjEwE0SSgoz_DKHbT7
1780495124624826,30443,eyJhbGciOiJIUzM4NCJ9.eyJzdWIiOiJwZXJmX3VzZXJfNDM5IiwidXNlcklkIjozMDQ0MywiaWF0IjoxNzgwNDk1MDc3LCJleHAiOjE3ODA1MDIyNzd9.mgBaHo-ffAnoNozuuihrBqbKu8QYdylVoHV3FFSzxoL2xAyGpEclnIu99kiwt5nS
1780495126897911,30543,eyJhbGciOiJIUzM4NCJ9.eyJzdWIiOiJwZXJmX3VzZXJfNTM5IiwidXNlcklkIjozMDU0MywiaWF0IjoxNzgwNDk1MDc3LCJleHAiOjE3ODA1MDIyNzd9.QdzZOy6c36PwKFzmfKusqT8CuzfGtcEWddthQea8vzNSMKWtlc_8-fw3-uJZNfW3
1780495129156031,30643,eyJhbGciOiJIUzM4NCJ9.eyJzdWIiOiJwZXJmX3VzZXJfNjM5IiwidXNlcklkIjozMDY0MywiaWF0IjoxNzgwNDk1MDc3LCJleHAiOjE3ODA1MDIyNzd9.HRELO2_ZETjdlT3VwJ1DVCRoz8Jk946mGZ5FM4tCrwZl9_o81m4_-im479lEvJq2
1780495131432629,30743,eyJhbGciOiJIUzM4NCJ9.eyJzdWIiOiJwZXJmX3VzZXJfNzM5IiwidXNlcklkIjozMDc0MywiaWF0IjoxNzgwNDk1MDc3LCJleHAiOjE3ODA1MDIyNzd9.KcfNWyK7BLCxuGJowk0K_dvQjzVvI76FLbUJ7dloAipn42B8pE7QRo4QByvgslyB
1780495133685802,30843,eyJhbGciOiJIUzM4NCJ9.eyJzdWIiOiJwZXJmX3VzZXJfODM5IiwidXNlcklkIjozMDg0MywiaWF0IjoxNzgwNDk1MDc3LCJleHAiOjE3ODA1MDIyNzd9.O58VXai7SKgMYj7WEsJ8R0sgOqYWfywjL6JJziUfEUhNehCVWZECB-jjqROcM804
1780495135919783,30943,eyJhbGciOiJIUzM4NCJ9.eyJzdWIiOiJwZXJmX3VzZXJfOTM5IiwidXNlcklkIjozMDk0MywiaWF0IjoxNzgwNDk1MDc4LCJleHAiOjE3ODA1MDIyNzh9.qRUePvJYggq252Cb1RAusVTIeKsByroi6vCvvGUTm5ZG9DY2wfXVxH-ossEmEx-4
1780495138276921,31043,eyJhbGciOiJIUzM4NCJ9.eyJzdWIiOiJwZXJmX3VzZXJfMTAzOSIsInVzZXJJZCI6MzEwNDMsImlhdCI6MTc4MDQ5NTA3OCwiZXhwIjoxNzgwNTAyMjc4fQ.92lWdRsY6uU0i9pjjOZZanI8z8DawX02MuGqXoH5g-pNe2ZyvEpbkFdhPLby5Mj0
1780495140509003,31143,eyJhbGciOiJIUzM4NCJ9.eyJzdWIiOiJwZXJmX3VzZXJfMTEzOSIsInVzZXJJZCI6MzExNDMsImlhdCI6MTc4MDQ5NTA3OCwiZXhwIjoxNzgwNTAyMjc4fQ.BGxwGoUgOgDNV6QW3RQcntO3IgPUVF2dBh5bNr_URlPsxzI7ITKuXwqFTaYjtBRF
1780495142691200,31243,eyJhbGciOiJIUzM4NCJ9.eyJzdWIiOiJwZXJmX3VzZXJfMTIzOSIsInVzZXJJZCI6MzEyNDMsImlhdCI6MTc4MDQ5NTA3OCwiZXhwIjoxNzgwNTAyMjc4fQ.U874IX7O8tkEuPjSjCsbvM0QvpmwCFo5hkOoM7ddiFyiAsxXKwnRdCkzvLOdr-XE
1780495144893841,31343,eyJhbGciOiJIUzM4NCJ9.eyJzdWIiOiJwZXJmX3VzZXJfMTMzOSIsInVzZXJJZCI6MzEzNDMsImlhdCI6MTc4MDQ5NTA3OCwiZXhwIjoxNzgwNTAyMjc4fQ.NQmve8eKv-6TfFcy3AryOcHcGZ7uVTAi8l-2_5TKrL32wim5FPESyHBSXLxSwMVP
1780495147099053,31443,eyJhbGciOiJIUzM4NCJ9.eyJzdWIiOiJwZXJmX3VzZXJfMTQzOSIsInVzZXJJZCI6MzE0NDMsImlhdCI6MTc4MDQ5NTA3OCwiZXhwIjoxNzgwNTAyMjc4fQ.fgVTPQZVda5Suu_gAz3bYMKpW3flA7jNMrXaKp3flp1mK8eopLv1S7buk_qHEhOY
1780495149376540,31543,eyJhbGciOiJIUzM4NCJ9.eyJzdWIiOiJwZXJmX3VzZXJfMTUzOSIsInVzZXJJZCI6MzE1NDMsImlhdCI6MTc4MDQ5NTA3OCwiZXhwIjoxNzgwNTAyMjc4fQ.KwFUdt-WEe40GKO7FZdZyApBNq9-Yr9Fzh6bj4aYIUrj1dO2U_kHeMYAo0II8bVx
1780495115697720,30044,eyJhbGciOiJIUzM4NCJ9.eyJzdWIiOiJwZXJmX3VzZXJfNDAiLCJ1c2VySWQiOjMwMDQ0LCJpYXQiOjE3ODA0OTUwNzYsImV4cCI6MTc4MDUwMjI3Nn0.kV9AD3KSqHCGIVpqy5lBYPyIIBmf_g5Z_LD33mT2ojQ_pr2tF6tQRTLsYgsdINFv
1780495117892200,30144,eyJhbGciOiJIUzM4NCJ9.eyJzdWIiOiJwZXJmX3VzZXJfMTQwIiwidXNlcklkIjozMDE0NCwiaWF0IjoxNzgwNDk1MDc3LCJleHAiOjE3ODA1MDIyNzd9.c8Z_aBSNIyW817VaktiX8qLXRDUKad938NumX4bA_JDuQ7oNFU0s52VL_IxqLVuJ
1780495120168279,30244,eyJhbGciOiJIUzM4NCJ9.eyJzdWIiOiJwZXJmX3VzZXJfMjQwIiwidXNlcklkIjozMDI0NCwiaWF0IjoxNzgwNDk1MDc3LCJleHAiOjE3ODA1MDIyNzd9.iJ4cmPYr_WQw_8kYHKCbph7iHjoRvzBsiwOHZ5RTNtAOkCuDWXLH32Q2rdVW2cjW
1780495122399886,30344,eyJhbGciOiJIUzM4NCJ9.eyJzdWIiOiJwZXJmX3VzZXJfMzQwIiwidXNlcklkIjozMDM0NCwiaWF0IjoxNzgwNDk1MDc3LCJleHAiOjE3ODA1MDIyNzd9.6p7j55zQOc7ner9kCNlNwseTAWj5JmSiAzZbUaLVuiHlNvpiU5h-KocMvqirxlCi
1780495124624826,30444,eyJhbGciOiJIUzM4NCJ9.eyJzdWIiOiJwZXJmX3VzZXJfNDQwIiwidXNlcklkIjozMDQ0NCwiaWF0IjoxNzgwNDk1MDc3LCJleHAiOjE3ODA1MDIyNzd9.YHSlJNvB-2zLyQrKziABCm5FOo5n95HZU9AIoGhuUN0so8-FD9dkrVTFhltvFpG-
1780495126897911,30544,eyJhbGciOiJIUzM4NCJ9.eyJzdWIiOiJwZXJmX3VzZXJfNTQwIiwidXNlcklkIjozMDU0NCwiaWF0IjoxNzgwNDk1MDc3LCJleHAiOjE3ODA1MDIyNzd9.hXGlYQU2ys32BgsK6A2nKG09JNsRat4DKL-o0FmYt47oVV2d6zXeN8337-7vnKYi
1780495129156031,30644,eyJhbGciOiJIUzM4NCJ9.eyJzdWIiOiJwZXJmX3VzZXJfNjQwIiwidXNlcklkIjozMDY0NCwiaWF0IjoxNzgwNDk1MDc3LCJleHAiOjE3ODA1MDIyNzd9.J2Js86ie6Taysfh8-7jHTS_tH2vC23CsGd6TR2lvcUf-XSSPGUV_wlvo_pXQ7wM6
1780495131432629,30744,eyJhbGciOiJIUzM4NCJ9.eyJzdWIiOiJwZXJmX3VzZXJfNzQwIiwidXNlcklkIjozMDc0NCwiaWF0IjoxNzgwNDk1MDc3LCJleHAiOjE3ODA1MDIyNzd9.CVZclvSJbCfg-1o0lCTrO8EykOjFWNEYkxaRR1_NxIf2xbRGqABId4rXelBAdjTe
1780495133685802,30844,eyJhbGciOiJIUzM4NCJ9.eyJzdWIiOiJwZXJmX3VzZXJfODQwIiwidXNlcklkIjozMDg0NCwiaWF0IjoxNzgwNDk1MDc3LCJleHAiOjE3ODA1MDIyNzd9.8Ivdzv1o7A4uSrm9aZ0SgtRg5mvgUotx5vShcsoB8McfeKBRwuIHrgmyYGaMtwQX
1780495135919783,30944,eyJhbGciOiJIUzM4NCJ9.eyJzdWIiOiJwZXJmX3VzZXJfOTQwIiwidXNlcklkIjozMDk0NCwiaWF0IjoxNzgwNDk1MDc4LCJleHAiOjE3ODA1MDIyNzh9.8DEYJT6LsmQ9AQ_J0c6y-lSSD_HslNcM6A1jO5Q-bIvekgdc1M_3UDwlxRUtwi_C
1780495138276921,31044,eyJhbGciOiJIUzM4NCJ9.eyJzdWIiOiJwZXJmX3VzZXJfMTA0MCIsInVzZXJJZCI6MzEwNDQsImlhdCI6MTc4MDQ5NTA3OCwiZXhwIjoxNzgwNTAyMjc4fQ.RgYYDE07TU9IZYudL89YNFznfPZx-krVI-v5Y_WaAvjPtjIuO9J3Hp1j4Ai1OiLA
1780495140509003,31144,eyJhbGciOiJIUzM4NCJ9.eyJzdWIiOiJwZXJmX3VzZXJfMTE0MCIsInVzZXJJZCI6MzExNDQsImlhdCI6MTc4MDQ5NTA3OCwiZXhwIjoxNzgwNTAyMjc4fQ.lykVh_riswC2-zuCOg7iIZfI88__JSJcFMM0-k_mCSp5KiZasIgdrBrTguC2qUvY
1780495142691200,31244,eyJhbGciOiJIUzM4NCJ9.eyJzdWIiOiJwZXJmX3VzZXJfMTI0MCIsInVzZXJJZCI6MzEyNDQsImlhdCI6MTc4MDQ5NTA3OCwiZXhwIjoxNzgwNTAyMjc4fQ.E_60iGgt8rlWSvJcCEjH0k1VBzHqWY8rtl4Y5JPZomMCLKX9YbyWlO1CfdRwfP_i
1780495144893841,31344,eyJhbGciOiJIUzM4NCJ9.eyJzdWIiOiJwZXJmX3VzZXJfMTM0MCIsInVzZXJJZCI6MzEzNDQsImlhdCI6MTc4MDQ5NTA3OCwiZXhwIjoxNzgwNTAyMjc4fQ.Za9Wg4qrrxPfyNyLDo7bhAghrvFTeWPafceYMp1g0HOTs929xGrQJmamgDbT51Rs
1780495147099053,31444,eyJhbGciOiJIUzM4NCJ9.eyJzdWIiOiJwZXJmX3VzZXJfMTQ0MCIsInVzZXJJZCI6MzE0NDQsImlhdCI6MTc4MDQ5NTA3OCwiZXhwIjoxNzgwNTAyMjc4fQ.ZpMaW_NrTMYsb_8olwvc72py0W9DD8qYB0yOtQGHP5aRl3cnNSIo3VuWeULANN1h
1780495149376540,31544,eyJhbGciOiJIUzM4NCJ9.eyJzdWIiOiJwZXJmX3VzZXJfMTU0MCIsInVzZXJJZCI6MzE1NDQsImlhdCI6MTc4MDQ5NTA3OCwiZXhwIjoxNzgwNTAyMjc4fQ.1Exq1gaxguC4_K-0jAH2H5h7PC_pma1y8vAqzBjf-bYd7G1XcHkLarDCW3Yij0ID
1780495115697720,30045,eyJhbGciOiJIUzM4NCJ9.eyJzdWIiOiJwZXJmX3VzZXJfNDEiLCJ1c2VySWQiOjMwMDQ1LCJpYXQiOjE3ODA0OTUwNzYsImV4cCI6MTc4MDUwMjI3Nn0.tPmGJzUB9d3W_LuIIAN12uPTvI-Hgq2oOS0GU2-9ZgnEm1lmjEHm2lrCRfvURTSe
1780495117892200,30145,eyJhbGciOiJIUzM4NCJ9.eyJzdWIiOiJwZXJmX3VzZXJfMTQxIiwidXNlcklkIjozMDE0NSwiaWF0IjoxNzgwNDk1MDc3LCJleHAiOjE3ODA1MDIyNzd9.uWwZSd7plu6JDN24U7NZLAUWawaYPFRizZBnMwkStfZoc-KnRNPun8MPXMpvNz5g
1780495120168279,30245,eyJhbGciOiJIUzM4NCJ9.eyJzdWIiOiJwZXJmX3VzZXJfMjQxIiwidXNlcklkIjozMDI0NSwiaWF0IjoxNzgwNDk1MDc3LCJleHAiOjE3ODA1MDIyNzd9.IqW51mJSEmBaO-GXhp0dIjM2MdhF045Wc-1iwFDEsKFours9rht3JtCpgcZGf_L1
1780495122399886,30345,eyJhbGciOiJIUzM4NCJ9.eyJzdWIiOiJwZXJmX3VzZXJfMzQxIiwidXNlcklkIjozMDM0NSwiaWF0IjoxNzgwNDk1MDc3LCJleHAiOjE3ODA1MDIyNzd9.ZUqokBf5XRh-f2b0OTMrLhlXwaErIo9UvrSXTif3KtrKeMvlnPu25aADyjiYMl0K
1780495124624826,30445,eyJhbGciOiJIUzM4NCJ9.eyJzdWIiOiJwZXJmX3VzZXJfNDQxIiwidXNlcklkIjozMDQ0NSwiaWF0IjoxNzgwNDk1MDc3LCJleHAiOjE3ODA1MDIyNzd9.N5t-SuqJxToA332ItblajuMRMIJCT2fPxFrkwwolNeZo24ekIJzevBHD1Iv53VP0
1780495126897911,30545,eyJhbGciOiJIUzM4NCJ9.eyJzdWIiOiJwZXJmX3VzZXJfNTQxIiwidXNlcklkIjozMDU0NSwiaWF0IjoxNzgwNDk1MDc3LCJleHAiOjE3ODA1MDIyNzd9.p2_E4_Esw_h1X4uifVODPCN1Vq0qKwW67jMtRQprKTHPd-5nbm0CPaUv5TEfRaf9
1780495129156031,30645,eyJhbGciOiJIUzM4NCJ9.eyJzdWIiOiJwZXJmX3VzZXJfNjQxIiwidXNlcklkIjozMDY0NSwiaWF0IjoxNzgwNDk1MDc3LCJleHAiOjE3ODA1MDIyNzd9.e4HCAGCzI387e6QzqzRbja9ahyhd5hwzpT6G8pkV7Qh34PrJ0wWjMVk3M4YorSuX
1780495131432629,30745,eyJhbGciOiJIUzM4NCJ9.eyJzdWIiOiJwZXJmX3VzZXJfNzQxIiwidXNlcklkIjozMDc0NSwiaWF0IjoxNzgwNDk1MDc3LCJleHAiOjE3ODA1MDIyNzd9.kt_5wjT-fwwiEgeWX64G_An84hfmfDnDMpe6APRvtCITguvYAmUgNyaRXJkCJhgl
1780495133685802,30845,eyJhbGciOiJIUzM4NCJ9.eyJzdWIiOiJwZXJmX3VzZXJfODQxIiwidXNlcklkIjozMDg0NSwiaWF0IjoxNzgwNDk1MDc3LCJleHAiOjE3ODA1MDIyNzd9.KeVEfIraZ5q6E2XuuH17UllD_35GfUm9XR1i5jyKXVs-DycBUmu6yeW7g9yqa_Vb
1780495135919783,30945,eyJhbGciOiJIUzM4NCJ9.eyJzdWIiOiJwZXJmX3VzZXJfOTQxIiwidXNlcklkIjozMDk0NSwiaWF0IjoxNzgwNDk1MDc4LCJleHAiOjE3ODA1MDIyNzh9.fnaVLrDv5RH_vqH-AaF7Z0d-mXUCNrHv-hu882Ocb6AjDreP-gbMJdWajBMAA9Sx
1780495138276921,31045,eyJhbGciOiJIUzM4NCJ9.eyJzdWIiOiJwZXJmX3VzZXJfMTA0MSIsInVzZXJJZCI6MzEwNDUsImlhdCI6MTc4MDQ5NTA3OCwiZXhwIjoxNzgwNTAyMjc4fQ.htN4myLcMlGRMzspWcSQ1QXyL9_QBArL6CyKvT-5Kt-owFZ95qBG9A_GJEqg5yAW
1780495140509003,31145,eyJhbGciOiJIUzM4NCJ9.eyJzdWIiOiJwZXJmX3VzZXJfMTE0MSIsInVzZXJJZCI6MzExNDUsImlhdCI6MTc4MDQ5NTA3OCwiZXhwIjoxNzgwNTAyMjc4fQ.X_qykDIYmpQ_xbCYAQPaJcY2NTHIW7Wc041wh_kdG1JhF9iAMm-CwT2kPhCahuUx
1780495142691200,31245,eyJhbGciOiJIUzM4NCJ9.eyJzdWIiOiJwZXJmX3VzZXJfMTI0MSIsInVzZXJJZCI6MzEyNDUsImlhdCI6MTc4MDQ5NTA3OCwiZXhwIjoxNzgwNTAyMjc4fQ.PbMbiM7O6PmxjPYoTFldAE5xUDypXuJstQGT7Hfmcv9GEVGiVJEE0baMuqVBXpXf
1780495144893841,31345,eyJhbGciOiJIUzM4NCJ9.eyJzdWIiOiJwZXJmX3VzZXJfMTM0MSIsInVzZXJJZCI6MzEzNDUsImlhdCI6MTc4MDQ5NTA3OCwiZXhwIjoxNzgwNTAyMjc4fQ.ci5czoN110JiwOsslolek-5Np99ryHEMLul_FF9oiXh5jEzgyxZPry7MwoiPQ97K
1780495147099053,31445,eyJhbGciOiJIUzM4NCJ9.eyJzdWIiOiJwZXJmX3VzZXJfMTQ0MSIsInVzZXJJZCI6MzE0NDUsImlhdCI6MTc4MDQ5NTA3OCwiZXhwIjoxNzgwNTAyMjc4fQ.6DZ-WhDlN7HKiJjjKtJ03UjPD0iTki-pbvwS_61ZGFqYhg_6Gh7eg3FVsGi3scwY
1780495149376540,31545,eyJhbGciOiJIUzM4NCJ9.eyJzdWIiOiJwZXJmX3VzZXJfMTU0MSIsInVzZXJJZCI6MzE1NDUsImlhdCI6MTc4MDQ5NTA3OCwiZXhwIjoxNzgwNTAyMjc4fQ.BVkGN67SZfBz2swjxFoWY-EBKaWdyqYn_gYgZa8WSqH4uqfs4aLdIFkhXXHjztNp
1780495115697720,30046,eyJhbGciOiJIUzM4NCJ9.eyJzdWIiOiJwZXJmX3VzZXJfNDIiLCJ1c2VySWQiOjMwMDQ2LCJpYXQiOjE3ODA0OTUwNzYsImV4cCI6MTc4MDUwMjI3Nn0.b_VTL3RE9nFtsgiz2ub5wZMY6nrWxzJGVP60DF2uX_201TjsXUk4c6A8MqXbG_RL
1780495117892200,30146,eyJhbGciOiJIUzM4NCJ9.eyJzdWIiOiJwZXJmX3VzZXJfMTQyIiwidXNlcklkIjozMDE0NiwiaWF0IjoxNzgwNDk1MDc3LCJleHAiOjE3ODA1MDIyNzd9.UjychK9PvBpPSyNx7-Jg6LIJ3f3Wqw0HjsF3rWgfoHwCf4HVhOJBUn__lz5XW_xP
1780495120168279,30246,eyJhbGciOiJIUzM4NCJ9.eyJzdWIiOiJwZXJmX3VzZXJfMjQyIiwidXNlcklkIjozMDI0NiwiaWF0IjoxNzgwNDk1MDc3LCJleHAiOjE3ODA1MDIyNzd9.jZ_Mn37pqS39UOQjYJ8F54O2pcdufucILStCw3gHaRiIp_NRQxDcxgdqsOu1XaPy
1780495122399886,30346,eyJhbGciOiJIUzM4NCJ9.eyJzdWIiOiJwZXJmX3VzZXJfMzQyIiwidXNlcklkIjozMDM0NiwiaWF0IjoxNzgwNDk1MDc3LCJleHAiOjE3ODA1MDIyNzd9.gL7b-0xL3Ins2-VtML8wH38bA9qZPyFfqI6qM4UQiCjTuvILu7mPvPVkZEpFK4a-
1780495124624826,30446,eyJhbGciOiJIUzM4NCJ9.eyJzdWIiOiJwZXJmX3VzZXJfNDQyIiwidXNlcklkIjozMDQ0NiwiaWF0IjoxNzgwNDk1MDc3LCJleHAiOjE3ODA1MDIyNzd9.mOFprsO9uXlToV_amG9TD0DdrDutgnGo7oT-s4f2Fm-XfpczQhwjgbTyGXezIhOB
1780495126897911,30546,eyJhbGciOiJIUzM4NCJ9.eyJzdWIiOiJwZXJmX3VzZXJfNTQyIiwidXNlcklkIjozMDU0NiwiaWF0IjoxNzgwNDk1MDc3LCJleHAiOjE3ODA1MDIyNzd9.rNp229h7rMa-0LF3-PFQ3iqcGlBuJ0hXADPuh7G9UFs6sHIarjdpKROvrcOTLCDd
1780495129156031,30646,eyJhbGciOiJIUzM4NCJ9.eyJzdWIiOiJwZXJmX3VzZXJfNjQyIiwidXNlcklkIjozMDY0NiwiaWF0IjoxNzgwNDk1MDc3LCJleHAiOjE3ODA1MDIyNzd9.TC7uC-CMhtmxMKI5251vkqj0rszbWmHBT-Os9JSbW2yOLujmeZtJ0DlaAn_g18O_
1780495131432629,30746,eyJhbGciOiJIUzM4NCJ9.eyJzdWIiOiJwZXJmX3VzZXJfNzQyIiwidXNlcklkIjozMDc0NiwiaWF0IjoxNzgwNDk1MDc3LCJleHAiOjE3ODA1MDIyNzd9.oryMb-APCrpz7cyEzQGA5cV8zG7EC6iyspTYwIRg_usg3R3LsTuEEZTYMzgoddBW
1780495133685802,30846,eyJhbGciOiJIUzM4NCJ9.eyJzdWIiOiJwZXJmX3VzZXJfODQyIiwidXNlcklkIjozMDg0NiwiaWF0IjoxNzgwNDk1MDc3LCJleHAiOjE3ODA1MDIyNzd9.GhNJSEB9xZKzIXn84m5N0w6nmVh9WDfgH0vDnlmyF5lqlFr8Dihf1m2b8mgShlYU
1780495135919783,30946,eyJhbGciOiJIUzM4NCJ9.eyJzdWIiOiJwZXJmX3VzZXJfOTQyIiwidXNlcklkIjozMDk0NiwiaWF0IjoxNzgwNDk1MDc4LCJleHAiOjE3ODA1MDIyNzh9.701JC3_PasjM9oASH3625xavWMLp_XTh_qsMKBIDrl6Nn1vmwNV97_IR52xBK3L4
1780495138276921,31046,eyJhbGciOiJIUzM4NCJ9.eyJzdWIiOiJwZXJmX3VzZXJfMTA0MiIsInVzZXJJZCI6MzEwNDYsImlhdCI6MTc4MDQ5NTA3OCwiZXhwIjoxNzgwNTAyMjc4fQ.K4sdUnZWqoaAM7hKk0eBRXJaU9YQptGgEfD8ZwfvSiNY690S4xgH3cBAs-2NNNzY
1780495140509003,31146,eyJhbGciOiJIUzM4NCJ9.eyJzdWIiOiJwZXJmX3VzZXJfMTE0MiIsInVzZXJJZCI6MzExNDYsImlhdCI6MTc4MDQ5NTA3OCwiZXhwIjoxNzgwNTAyMjc4fQ.zdfw5AnOiax1vl5JwnrYjIAH_OUMrTVW8MijG21WeGtpr8TaIhu5Y1e58PJpJ6r4
1780495142691200,31246,eyJhbGciOiJIUzM4NCJ9.eyJzdWIiOiJwZXJmX3VzZXJfMTI0MiIsInVzZXJJZCI6MzEyNDYsImlhdCI6MTc4MDQ5NTA3OCwiZXhwIjoxNzgwNTAyMjc4fQ.3Ohp5iSE35HfIWyoZwWrv2w6IE5ogaD4GZfbUr6RerCN-c3RvDXnVI4L8Gy8i_E5
1780495144893841,31346,eyJhbGciOiJIUzM4NCJ9.eyJzdWIiOiJwZXJmX3VzZXJfMTM0MiIsInVzZXJJZCI6MzEzNDYsImlhdCI6MTc4MDQ5NTA3OCwiZXhwIjoxNzgwNTAyMjc4fQ.OOT1qEjt5ApYY35h2XkBBSc3zitbgY69xHr9_m5gqQ8xkpNN7z4AhJXz_KnLP0Sg
1780495147099053,31446,eyJhbGciOiJIUzM4NCJ9.eyJzdWIiOiJwZXJmX3VzZXJfMTQ0MiIsInVzZXJJZCI6MzE0NDYsImlhdCI6MTc4MDQ5NTA3OCwiZXhwIjoxNzgwNTAyMjc4fQ.5IMoBakkdXSyKP2pnMIKm05AoGCTxSGS0ppK5Y3eD1vj73PvSySt45ew6zH7_Dee
1780495149376540,31546,eyJhbGciOiJIUzM4NCJ9.eyJzdWIiOiJwZXJmX3VzZXJfMTU0MiIsInVzZXJJZCI6MzE1NDYsImlhdCI6MTc4MDQ5NTA3OCwiZXhwIjoxNzgwNTAyMjc4fQ.8Csgb89DD9dbIfs6YUvYbV2bUfrW7GO1XhZ9rWsiETyANYc2Czeh9s3V_WQucsZ4
1780495115697720,30047,eyJhbGciOiJIUzM4NCJ9.eyJzdWIiOiJwZXJmX3VzZXJfNDMiLCJ1c2VySWQiOjMwMDQ3LCJpYXQiOjE3ODA0OTUwNzYsImV4cCI6MTc4MDUwMjI3Nn0.VhgIdRavMLN5wfLRu0r7l_YIFZVO3UwwNTc0yWYbGUsMFD6cxL8Ybalv17APntv4
1780495117892200,30147,eyJhbGciOiJIUzM4NCJ9.eyJzdWIiOiJwZXJmX3VzZXJfMTQzIiwidXNlcklkIjozMDE0NywiaWF0IjoxNzgwNDk1MDc3LCJleHAiOjE3ODA1MDIyNzd9.uQNByzonoQFMtnjWxIWgq-tw1FVuu4K66aTAJZlzxIjDC0yezaS7h42eOegzvVDc
1780495120168279,30247,eyJhbGciOiJIUzM4NCJ9.eyJzdWIiOiJwZXJmX3VzZXJfMjQzIiwidXNlcklkIjozMDI0NywiaWF0IjoxNzgwNDk1MDc3LCJleHAiOjE3ODA1MDIyNzd9.YFBW1lNtetBrSDdrzoVD3Kzdf4Go1nXTrGRy8WUnPdlijUjnPBJcs89djDNhSudK
1780495122399886,30347,eyJhbGciOiJIUzM4NCJ9.eyJzdWIiOiJwZXJmX3VzZXJfMzQzIiwidXNlcklkIjozMDM0NywiaWF0IjoxNzgwNDk1MDc3LCJleHAiOjE3ODA1MDIyNzd9.jal--mQAqN_aqDrrpnIX14sR2P2TC9VzXiJwZhzOh4xUIYeV62-C-Rxt8ayiMGKn
1780495124624826,30447,eyJhbGciOiJIUzM4NCJ9.eyJzdWIiOiJwZXJmX3VzZXJfNDQzIiwidXNlcklkIjozMDQ0NywiaWF0IjoxNzgwNDk1MDc3LCJleHAiOjE3ODA1MDIyNzd9.J01TaUCn2cc_jlv0DAxpovBjA5BnkUmUrwHDKzyDS3akAtUn7MDOGBozvq_kq7dK
1780495126897911,30547,eyJhbGciOiJIUzM4NCJ9.eyJzdWIiOiJwZXJmX3VzZXJfNTQzIiwidXNlcklkIjozMDU0NywiaWF0IjoxNzgwNDk1MDc3LCJleHAiOjE3ODA1MDIyNzd9.JkOWpN3MU8KJVbmhP1xfTNKDuOzZ4EXZ4pZImFBZWSJ0Hr18jz8gzgUbdRxWcnxU
1780495129156031,30647,eyJhbGciOiJIUzM4NCJ9.eyJzdWIiOiJwZXJmX3VzZXJfNjQzIiwidXNlcklkIjozMDY0NywiaWF0IjoxNzgwNDk1MDc3LCJleHAiOjE3ODA1MDIyNzd9.zP2bAVf_rAY4fotEm7jYpKH1eN3C7Abh_XgKDtidrH_cDRN3E3BRHNnqcO0xOT95
1780495131432629,30747,eyJhbGciOiJIUzM4NCJ9.eyJzdWIiOiJwZXJmX3VzZXJfNzQzIiwidXNlcklkIjozMDc0NywiaWF0IjoxNzgwNDk1MDc3LCJleHAiOjE3ODA1MDIyNzd9.ZXTI-UPG-WMjmWme7VTxUex0LxfNJW3Uel6NsfrE8qYRjDv4YRxCiuKSOoIKP6I2
1780495133685802,30847,eyJhbGciOiJIUzM4NCJ9.eyJzdWIiOiJwZXJmX3VzZXJfODQzIiwidXNlcklkIjozMDg0NywiaWF0IjoxNzgwNDk1MDc3LCJleHAiOjE3ODA1MDIyNzd9.oejefsQMzZFlh51KpY8NX4ia4DnEhU3tiIillNHop-fMDoDJwUsTlnW4obZkWVVr
1780495135919783,30947,eyJhbGciOiJIUzM4NCJ9.eyJzdWIiOiJwZXJmX3VzZXJfOTQzIiwidXNlcklkIjozMDk0NywiaWF0IjoxNzgwNDk1MDc4LCJleHAiOjE3ODA1MDIyNzh9.KNHXlS0fEw8nvKjAfo337SLE7vpunSz7-gpQd-qsHsMActjLD31NBCPx2Gk4ItGa
1780495138276921,31047,eyJhbGciOiJIUzM4NCJ9.eyJzdWIiOiJwZXJmX3VzZXJfMTA0MyIsInVzZXJJZCI6MzEwNDcsImlhdCI6MTc4MDQ5NTA3OCwiZXhwIjoxNzgwNTAyMjc4fQ.AG2AKDV_VuJJGDRctT5I8ZJMYPCRrCNiFzeI7txn1hobEY_ESh359DWP6Y3HunnK
1780495140509003,31147,eyJhbGciOiJIUzM4NCJ9.eyJzdWIiOiJwZXJmX3VzZXJfMTE0MyIsInVzZXJJZCI6MzExNDcsImlhdCI6MTc4MDQ5NTA3OCwiZXhwIjoxNzgwNTAyMjc4fQ.cUocUVyYxsCSvG74RJk31XA33sm5Cn0Lk95cywFP27vSIex_7jNZfHeGSt2XJ8fH
1780495142691200,31247,eyJhbGciOiJIUzM4NCJ9.eyJzdWIiOiJwZXJmX3VzZXJfMTI0MyIsInVzZXJJZCI6MzEyNDcsImlhdCI6MTc4MDQ5NTA3OCwiZXhwIjoxNzgwNTAyMjc4fQ.MDhA30MVxMsNwwKp-dci1PhJJJdRLcox2wOEXXYaUSXxu_mcCzr3HI8YcfLKfY37
1780495144893841,31347,eyJhbGciOiJIUzM4NCJ9.eyJzdWIiOiJwZXJmX3VzZXJfMTM0MyIsInVzZXJJZCI6MzEzNDcsImlhdCI6MTc4MDQ5NTA3OCwiZXhwIjoxNzgwNTAyMjc4fQ.61SW8NU99Ih6DB8ORHZXSWiRkxsSl6fkDe0VpcIBkSi9TVftxr0khsVMtAhEizPE
1780495147099053,31447,eyJhbGciOiJIUzM4NCJ9.eyJzdWIiOiJwZXJmX3VzZXJfMTQ0MyIsInVzZXJJZCI6MzE0NDcsImlhdCI6MTc4MDQ5NTA3OCwiZXhwIjoxNzgwNTAyMjc4fQ.FIsfIX_jhzQvOpZHRNJBmiF7b_FBlbjPVReGL18h9WZr8XuU1z5vn6v6EquTIegH
1780495149376540,31547,eyJhbGciOiJIUzM4NCJ9.eyJzdWIiOiJwZXJmX3VzZXJfMTU0MyIsInVzZXJJZCI6MzE1NDcsImlhdCI6MTc4MDQ5NTA3OCwiZXhwIjoxNzgwNTAyMjc4fQ.fd1NDO7Dk2-JDw6I4jB8a4kec7s6qUj0iuFQ16XEitPsBkyQjronCcKrs2HdN-_N
1780495115697720,30048,eyJhbGciOiJIUzM4NCJ9.eyJzdWIiOiJwZXJmX3VzZXJfNDQiLCJ1c2VySWQiOjMwMDQ4LCJpYXQiOjE3ODA0OTUwNzYsImV4cCI6MTc4MDUwMjI3Nn0.oTVuKcTAoRa8WOBgUWv9D5yNEqlM4Pl_n4Pw1VO3pdhwJAC240fhREzZBta6IP44
1780495117892200,30148,eyJhbGciOiJIUzM4NCJ9.eyJzdWIiOiJwZXJmX3VzZXJfMTQ0IiwidXNlcklkIjozMDE0OCwiaWF0IjoxNzgwNDk1MDc3LCJleHAiOjE3ODA1MDIyNzd9.JL3xc_tAGDEHnWsanEvt2tb-Tn9jmU20db9Isyakmcgesud3zjXeJkZZ2osS27Uu
1780495120168279,30248,eyJhbGciOiJIUzM4NCJ9.eyJzdWIiOiJwZXJmX3VzZXJfMjQ0IiwidXNlcklkIjozMDI0OCwiaWF0IjoxNzgwNDk1MDc3LCJleHAiOjE3ODA1MDIyNzd9.89KZomoEmTeSuTvC9rxueHcOwNebtkDYLax5o-PwYax21CYZscvMjEXHKZ_bslCj
1780495122399886,30348,eyJhbGciOiJIUzM4NCJ9.eyJzdWIiOiJwZXJmX3VzZXJfMzQ0IiwidXNlcklkIjozMDM0OCwiaWF0IjoxNzgwNDk1MDc3LCJleHAiOjE3ODA1MDIyNzd9.AUrHt0qPk-DzfSZKZj2p9-ZGMypIS7jHrmsJoNHMoVYdrxB0c6zaAadVmf0ro7UY
1780495124624826,30448,eyJhbGciOiJIUzM4NCJ9.eyJzdWIiOiJwZXJmX3VzZXJfNDQ0IiwidXNlcklkIjozMDQ0OCwiaWF0IjoxNzgwNDk1MDc3LCJleHAiOjE3ODA1MDIyNzd9.ieDZ9dBG97EnEVkI33vLzkSRSIG22cJFZ97sldzj_UulSRyDYSUK7O-a_oBan3PI
1780495126897911,30548,eyJhbGciOiJIUzM4NCJ9.eyJzdWIiOiJwZXJmX3VzZXJfNTQ0IiwidXNlcklkIjozMDU0OCwiaWF0IjoxNzgwNDk1MDc3LCJleHAiOjE3ODA1MDIyNzd9.MAo-KC5aKKRGS2lkgR6PJdMTgYSk8y3BOiEOts67XaNGhfitf2O-1Xqbj3XW2G2q
1780495129156031,30648,eyJhbGciOiJIUzM4NCJ9.eyJzdWIiOiJwZXJmX3VzZXJfNjQ0IiwidXNlcklkIjozMDY0OCwiaWF0IjoxNzgwNDk1MDc3LCJleHAiOjE3ODA1MDIyNzd9.EtZbtyeqYCmsbEKCRAdX9XyVvqrjduYXAs2DHZe3PbRiAB2Ur6s427bgNiFOqp3C
1780495131432629,30748,eyJhbGciOiJIUzM4NCJ9.eyJzdWIiOiJwZXJmX3VzZXJfNzQ0IiwidXNlcklkIjozMDc0OCwiaWF0IjoxNzgwNDk1MDc3LCJleHAiOjE3ODA1MDIyNzd9.VZ8u01SpzXT7i5bFrGvD4dYIsDct_Iahu0WFxWt9GH1uBM1NYJR1tipzNf8Pp_Ze
1780495133685802,30848,eyJhbGciOiJIUzM4NCJ9.eyJzdWIiOiJwZXJmX3VzZXJfODQ0IiwidXNlcklkIjozMDg0OCwiaWF0IjoxNzgwNDk1MDc3LCJleHAiOjE3ODA1MDIyNzd9.Ese-TGiOfNuGR6rfEAVMvFTRmaq77lkX1CUFjZJgCp2wCb7aGeqO_LA7t_ELn2SB
1780495135919783,30948,eyJhbGciOiJIUzM4NCJ9.eyJzdWIiOiJwZXJmX3VzZXJfOTQ0IiwidXNlcklkIjozMDk0OCwiaWF0IjoxNzgwNDk1MDc4LCJleHAiOjE3ODA1MDIyNzh9.rCURMXISIeDPKuqmdoutG89tbOl0LCVlHkvYNBGz-GHU5slrIrxRWXZ0HhN-vnve
1780495138276921,31048,eyJhbGciOiJIUzM4NCJ9.eyJzdWIiOiJwZXJmX3VzZXJfMTA0NCIsInVzZXJJZCI6MzEwNDgsImlhdCI6MTc4MDQ5NTA3OCwiZXhwIjoxNzgwNTAyMjc4fQ.rnYbEJHEQj-bXFO7aSItbsTMn3GHLXmtU5VeCtZOEgNHqr_sBlurk9RoEs1UjZ3Y
1780495140509003,31148,eyJhbGciOiJIUzM4NCJ9.eyJzdWIiOiJwZXJmX3VzZXJfMTE0NCIsInVzZXJJZCI6MzExNDgsImlhdCI6MTc4MDQ5NTA3OCwiZXhwIjoxNzgwNTAyMjc4fQ.b7hmDyNlTF6bNsNdaolWxEoi5sIyxJ6P8Ajjryd2SHNPe92feIdJcoblVEfwBvSe
1780495142691200,31248,eyJhbGciOiJIUzM4NCJ9.eyJzdWIiOiJwZXJmX3VzZXJfMTI0NCIsInVzZXJJZCI6MzEyNDgsImlhdCI6MTc4MDQ5NTA3OCwiZXhwIjoxNzgwNTAyMjc4fQ.5EBWqwvDAsYoOk85qY_oJC0jdpnOTpBQVZfPG3VvI4bnYR7IY8PHXF241q0Jy6Ph
1780495144893841,31348,eyJhbGciOiJIUzM4NCJ9.eyJzdWIiOiJwZXJmX3VzZXJfMTM0NCIsInVzZXJJZCI6MzEzNDgsImlhdCI6MTc4MDQ5NTA3OCwiZXhwIjoxNzgwNTAyMjc4fQ.z-47llhqPwteWMNWzwiQQ3CaFORxG8KPtgVxUk82wc3kmh52-U1ZW2Z_AP4hu79T
1780495147099053,31448,eyJhbGciOiJIUzM4NCJ9.eyJzdWIiOiJwZXJmX3VzZXJfMTQ0NCIsInVzZXJJZCI6MzE0NDgsImlhdCI6MTc4MDQ5NTA3OCwiZXhwIjoxNzgwNTAyMjc4fQ.dbmMULqgk9zMUPb-nzcK2dGl1GR2bVf09reOlz4u6JpaVTOD5MAkOASZ1JAHm4MD
1780495149376540,31548,eyJhbGciOiJIUzM4NCJ9.eyJzdWIiOiJwZXJmX3VzZXJfMTU0NCIsInVzZXJJZCI6MzE1NDgsImlhdCI6MTc4MDQ5NTA3OCwiZXhwIjoxNzgwNTAyMjc4fQ.aj8INdTRq2eTDiOcnw8-tViCRXDLO-vMxnaogDY4g2BrMKHXLSbVAOLc9DaSM1_g
1780495115697720,30049,eyJhbGciOiJIUzM4NCJ9.eyJzdWIiOiJwZXJmX3VzZXJfNDUiLCJ1c2VySWQiOjMwMDQ5LCJpYXQiOjE3ODA0OTUwNzYsImV4cCI6MTc4MDUwMjI3Nn0.lOQ6BdMX1ap78B3bLu6fWJGDqccwSRcVEEF1NUsw3m2Vd03o4APa6CzzLOXkIT9j
1780495117892200,30149,eyJhbGciOiJIUzM4NCJ9.eyJzdWIiOiJwZXJmX3VzZXJfMTQ1IiwidXNlcklkIjozMDE0OSwiaWF0IjoxNzgwNDk1MDc3LCJleHAiOjE3ODA1MDIyNzd9.dOK8o3GUK6hzT5y1jjUbnQBJQXuXjFVxyo_KGgRxAyfoePcx8iqlBRQdmHsRS9r7
1780495120168279,30249,eyJhbGciOiJIUzM4NCJ9.eyJzdWIiOiJwZXJmX3VzZXJfMjQ1IiwidXNlcklkIjozMDI0OSwiaWF0IjoxNzgwNDk1MDc3LCJleHAiOjE3ODA1MDIyNzd9.aXS2ag-R3O-ZW5gtDmYa2HhlJrGnnXRbGgvRa9ys71sASDnQ7T78x2Sd386O5eu4
1780495122399886,30349,eyJhbGciOiJIUzM4NCJ9.eyJzdWIiOiJwZXJmX3VzZXJfMzQ1IiwidXNlcklkIjozMDM0OSwiaWF0IjoxNzgwNDk1MDc3LCJleHAiOjE3ODA1MDIyNzd9.0P2bKfCfkNRjaDSTU49K8EB2CBV0T1p9B34QfgIbEVYy-Gw_6dcMHg73fEJlukrC
1780495124624826,30449,eyJhbGciOiJIUzM4NCJ9.eyJzdWIiOiJwZXJmX3VzZXJfNDQ1IiwidXNlcklkIjozMDQ0OSwiaWF0IjoxNzgwNDk1MDc3LCJleHAiOjE3ODA1MDIyNzd9.u5fVgxFPBopdVLJSUZQdlv9qzikk-cTSGIcJ6Lt-Jivt_jXO2jpjhfTotxKCa1UI
1780495126897911,30549,eyJhbGciOiJIUzM4NCJ9.eyJzdWIiOiJwZXJmX3VzZXJfNTQ1IiwidXNlcklkIjozMDU0OSwiaWF0IjoxNzgwNDk1MDc3LCJleHAiOjE3ODA1MDIyNzd9.TcCFmE1FofElsKTeUc3PcAj8OvxDo6m08SO_ZXjYvDi-bwjmU4Ol4EQjaWW6NTE9
1780495129156031,30649,eyJhbGciOiJIUzM4NCJ9.eyJzdWIiOiJwZXJmX3VzZXJfNjQ1IiwidXNlcklkIjozMDY0OSwiaWF0IjoxNzgwNDk1MDc3LCJleHAiOjE3ODA1MDIyNzd9.4ovn5bh8fdBTIIBS7YU4fVuedf5wo34l8tzkZI08joJM2sO9ozcevvghJZFBVi4P
1780495131432629,30749,eyJhbGciOiJIUzM4NCJ9.eyJzdWIiOiJwZXJmX3VzZXJfNzQ1IiwidXNlcklkIjozMDc0OSwiaWF0IjoxNzgwNDk1MDc3LCJleHAiOjE3ODA1MDIyNzd9.Xpr29o8hLccX9lDymX_K4hEjL2Pl7_h8FsJtuD0iSz7MvEuOcqtrdxzfiTedqPjS
1780495133685802,30849,eyJhbGciOiJIUzM4NCJ9.eyJzdWIiOiJwZXJmX3VzZXJfODQ1IiwidXNlcklkIjozMDg0OSwiaWF0IjoxNzgwNDk1MDc3LCJleHAiOjE3ODA1MDIyNzd9.1ypTuxRb9WsI3oT51E1GbcSGnx7a5UXki8adaW9qexlowAdl9FaK8AmxzHa0rGHj
1780495135919783,30949,eyJhbGciOiJIUzM4NCJ9.eyJzdWIiOiJwZXJmX3VzZXJfOTQ1IiwidXNlcklkIjozMDk0OSwiaWF0IjoxNzgwNDk1MDc4LCJleHAiOjE3ODA1MDIyNzh9.WncRo3Dc9pZEcXhmCSkQ1V2kxRSzEFgD-gQwl1YMvzyHB4t8hSZGhNjijS-wxwTI
1780495138276921,31049,eyJhbGciOiJIUzM4NCJ9.eyJzdWIiOiJwZXJmX3VzZXJfMTA0NSIsInVzZXJJZCI6MzEwNDksImlhdCI6MTc4MDQ5NTA3OCwiZXhwIjoxNzgwNTAyMjc4fQ.c6Qyof9DvgEbcQHm-gRk3sU3GqWLbIE2ME99CZEBjrahT5BL2FIFMN7ev_27mkgB
1780495140509003,31149,eyJhbGciOiJIUzM4NCJ9.eyJzdWIiOiJwZXJmX3VzZXJfMTE0NSIsInVzZXJJZCI6MzExNDksImlhdCI6MTc4MDQ5NTA3OCwiZXhwIjoxNzgwNTAyMjc4fQ.psEtkpjih8iuAwJHRJBpTAaz7ia_znW_QZbcoUCWob8PDgBL9xEcc-OznkbqKYkJ
1780495142691200,31249,eyJhbGciOiJIUzM4NCJ9.eyJzdWIiOiJwZXJmX3VzZXJfMTI0NSIsInVzZXJJZCI6MzEyNDksImlhdCI6MTc4MDQ5NTA3OCwiZXhwIjoxNzgwNTAyMjc4fQ.654du5tQb6bSn-A-yd9KbQzIxniRzxPklZCW_R9o3v1lA_zMgL0ca3iF1KXPODND
1780495144893841,31349,eyJhbGciOiJIUzM4NCJ9.eyJzdWIiOiJwZXJmX3VzZXJfMTM0NSIsInVzZXJJZCI6MzEzNDksImlhdCI6MTc4MDQ5NTA3OCwiZXhwIjoxNzgwNTAyMjc4fQ.ipkdX7IqYE2XLrTGVkN0JHzyw-ML-XGmFTGEpBS_AMozreB885pN1zhrI-FOdVSl
1780495147099053,31449,eyJhbGciOiJIUzM4NCJ9.eyJzdWIiOiJwZXJmX3VzZXJfMTQ0NSIsInVzZXJJZCI6MzE0NDksImlhdCI6MTc4MDQ5NTA3OCwiZXhwIjoxNzgwNTAyMjc4fQ.7WWJPB1gTobkhst2p1cKUChSL4z2Pl_Lo0-5oQ5fZq6gbaKm_WBHkfZI7DrmcPVT
1780495149376540,31549,eyJhbGciOiJIUzM4NCJ9.eyJzdWIiOiJwZXJmX3VzZXJfMTU0NSIsInVzZXJJZCI6MzE1NDksImlhdCI6MTc4MDQ5NTA3OCwiZXhwIjoxNzgwNTAyMjc4fQ.4B-XajWzB1IDvsRjcumwXXO2AGlAgAYE-nGU-rbpffPngOmNFnHzcr1vJAC6o1JJ
1780495115697720,30050,eyJhbGciOiJIUzM4NCJ9.eyJzdWIiOiJwZXJmX3VzZXJfNDYiLCJ1c2VySWQiOjMwMDUwLCJpYXQiOjE3ODA0OTUwNzYsImV4cCI6MTc4MDUwMjI3Nn0.ZuAe-Bk12SV7jcsPc0POxtLxGFTWmOEk2hyZGNQj_OhK743tWeOqzZGwRmply8Su
1780495117892200,30150,eyJhbGciOiJIUzM4NCJ9.eyJzdWIiOiJwZXJmX3VzZXJfMTQ2IiwidXNlcklkIjozMDE1MCwiaWF0IjoxNzgwNDk1MDc3LCJleHAiOjE3ODA1MDIyNzd9.6OJid7uVGi1jBKOJMXs4OXJvEFYnVaATgPk7w6-XS7jw-2_hQp3yZRECVq0oqiKm
1780495120168279,30250,eyJhbGciOiJIUzM4NCJ9.eyJzdWIiOiJwZXJmX3VzZXJfMjQ2IiwidXNlcklkIjozMDI1MCwiaWF0IjoxNzgwNDk1MDc3LCJleHAiOjE3ODA1MDIyNzd9.gcphaAG-kO3X1n60RbIfWNQ2dKTNMrIlp41hIYWsTbslCW3SxVW6G9aMidIE3Ty2
1780495122399886,30350,eyJhbGciOiJIUzM4NCJ9.eyJzdWIiOiJwZXJmX3VzZXJfMzQ2IiwidXNlcklkIjozMDM1MCwiaWF0IjoxNzgwNDk1MDc3LCJleHAiOjE3ODA1MDIyNzd9._LnzeQGjmK50UNZNWEkO21B3Ho29LlQ2uMAyb49pAV8KIX0PIbv1L9C26Q386wm9
1780495124624826,30450,eyJhbGciOiJIUzM4NCJ9.eyJzdWIiOiJwZXJmX3VzZXJfNDQ2IiwidXNlcklkIjozMDQ1MCwiaWF0IjoxNzgwNDk1MDc3LCJleHAiOjE3ODA1MDIyNzd9.o6JT8j_ELyuHU6eV0JCbCwcqBOk_PoKKKLLUCBM_Z9iBC2TV5Xg41paQH8iprsps
1780495126897911,30550,eyJhbGciOiJIUzM4NCJ9.eyJzdWIiOiJwZXJmX3VzZXJfNTQ2IiwidXNlcklkIjozMDU1MCwiaWF0IjoxNzgwNDk1MDc3LCJleHAiOjE3ODA1MDIyNzd9.0mpurL_UR_R3Mg9Ij0WTyGeWmi6E5Bg4eq_8X_EOJwQl729HP8fY-WDFo1F7kohV
1780495129156031,30650,eyJhbGciOiJIUzM4NCJ9.eyJzdWIiOiJwZXJmX3VzZXJfNjQ2IiwidXNlcklkIjozMDY1MCwiaWF0IjoxNzgwNDk1MDc3LCJleHAiOjE3ODA1MDIyNzd9.Nnw3z4mqL8XSPxlruu74ZJL-sgwjDgYzJZ9FAxup77aTlBZAlcBOfoqGlwuGSd-z
1780495131432629,30750,eyJhbGciOiJIUzM4NCJ9.eyJzdWIiOiJwZXJmX3VzZXJfNzQ2IiwidXNlcklkIjozMDc1MCwiaWF0IjoxNzgwNDk1MDc3LCJleHAiOjE3ODA1MDIyNzd9.3X50_-0Bt4hBCgk10wZ15d20qWAvE2akaYMZXi1OoGayGIEaB5q8ifNQ7F221YDf
1780495133685802,30850,eyJhbGciOiJIUzM4NCJ9.eyJzdWIiOiJwZXJmX3VzZXJfODQ2IiwidXNlcklkIjozMDg1MCwiaWF0IjoxNzgwNDk1MDc3LCJleHAiOjE3ODA1MDIyNzd9.vwBQOzv2bOiVgzNeS779js_133igVV5bWrq4H_n_o7SJnN0A-H6cD27dZUMVJfRK
1780495135919783,30950,eyJhbGciOiJIUzM4NCJ9.eyJzdWIiOiJwZXJmX3VzZXJfOTQ2IiwidXNlcklkIjozMDk1MCwiaWF0IjoxNzgwNDk1MDc4LCJleHAiOjE3ODA1MDIyNzh9.kP9bZvjMlOcslA3AnzvPudcXWD8k9dWtSLE4hv3XWNwKzslW4srMci3yetJ8ihsz
1780495138276921,31050,eyJhbGciOiJIUzM4NCJ9.eyJzdWIiOiJwZXJmX3VzZXJfMTA0NiIsInVzZXJJZCI6MzEwNTAsImlhdCI6MTc4MDQ5NTA3OCwiZXhwIjoxNzgwNTAyMjc4fQ.20zBueI88qkRujq-AsHxozdariTNmvW9dWPqkItEYIIZAt62D7xdw0ZBEw_-Kw82
1780495140509003,31150,eyJhbGciOiJIUzM4NCJ9.eyJzdWIiOiJwZXJmX3VzZXJfMTE0NiIsInVzZXJJZCI6MzExNTAsImlhdCI6MTc4MDQ5NTA3OCwiZXhwIjoxNzgwNTAyMjc4fQ.T3hwEqoY7_fcQ7atTrtpmDmbMIcd0KnLMFvIm2mvqTA426O5vDlia9MVgZlAWX5-
1780495142691200,31250,eyJhbGciOiJIUzM4NCJ9.eyJzdWIiOiJwZXJmX3VzZXJfMTI0NiIsInVzZXJJZCI6MzEyNTAsImlhdCI6MTc4MDQ5NTA3OCwiZXhwIjoxNzgwNTAyMjc4fQ.2HYwWhJ2zcuyftZWiTGBQeMQopXpliNmEzbuhNM75pNS5Qr2k83VsiONINEsopyH
1780495144893841,31350,eyJhbGciOiJIUzM4NCJ9.eyJzdWIiOiJwZXJmX3VzZXJfMTM0NiIsInVzZXJJZCI6MzEzNTAsImlhdCI6MTc4MDQ5NTA3OCwiZXhwIjoxNzgwNTAyMjc4fQ.BO237fRfhtTnJ8xM7Qsrx6WYQB7Qr0bXIWxkepRx7DKviGf2kYJl9OYuPbk-9BaY
1780495147099053,31450,eyJhbGciOiJIUzM4NCJ9.eyJzdWIiOiJwZXJmX3VzZXJfMTQ0NiIsInVzZXJJZCI6MzE0NTAsImlhdCI6MTc4MDQ5NTA3OCwiZXhwIjoxNzgwNTAyMjc4fQ.2nuTzc176WXJHji50H80KrTV9bp4-FqU7UAB5yliwqDRpThbfJ6dlZ9U2r2LVTbz
1780495149376540,31550,eyJhbGciOiJIUzM4NCJ9.eyJzdWIiOiJwZXJmX3VzZXJfMTU0NiIsInVzZXJJZCI6MzE1NTAsImlhdCI6MTc4MDQ5NTA3OCwiZXhwIjoxNzgwNTAyMjc4fQ.6t6Kdv7KYjIj0BY1r2pi_9XXLVgG_4rRdM8F2GhvbbXOhQk4E3yXuMrXkZiMTbcp
1780495115697720,30051,eyJhbGciOiJIUzM4NCJ9.eyJzdWIiOiJwZXJmX3VzZXJfNDciLCJ1c2VySWQiOjMwMDUxLCJpYXQiOjE3ODA0OTUwNzYsImV4cCI6MTc4MDUwMjI3Nn0.HrwNnmxzwRuSjfHT5mXPZRpBoITJgSZf5Mtm8ouIGjMmh2QeLwQFpeGqxI18K8x9
1780495117892200,30151,eyJhbGciOiJIUzM4NCJ9.eyJzdWIiOiJwZXJmX3VzZXJfMTQ3IiwidXNlcklkIjozMDE1MSwiaWF0IjoxNzgwNDk1MDc3LCJleHAiOjE3ODA1MDIyNzd9.hOslXE4ni0Mli5QHqRAxr2LbfgSK_JXMb9sd4RU0niAW0Wn5c5Qg5MWDUsCjN699
1780495120168279,30251,eyJhbGciOiJIUzM4NCJ9.eyJzdWIiOiJwZXJmX3VzZXJfMjQ3IiwidXNlcklkIjozMDI1MSwiaWF0IjoxNzgwNDk1MDc3LCJleHAiOjE3ODA1MDIyNzd9.PHw-Z-fwbj7FrobxOUm4CWB1kgr-qzT_IOO5HJA9MHBZ-tSx3TFKLkaddmsL7h9z
1780495122399886,30351,eyJhbGciOiJIUzM4NCJ9.eyJzdWIiOiJwZXJmX3VzZXJfMzQ3IiwidXNlcklkIjozMDM1MSwiaWF0IjoxNzgwNDk1MDc3LCJleHAiOjE3ODA1MDIyNzd9.RTCS0P8O_WX7bOvSh58_-JithpJof0aDAquINh7eSYoUPVj8gGzv-Z76rg_3cDcN
1780495124624826,30451,eyJhbGciOiJIUzM4NCJ9.eyJzdWIiOiJwZXJmX3VzZXJfNDQ3IiwidXNlcklkIjozMDQ1MSwiaWF0IjoxNzgwNDk1MDc3LCJleHAiOjE3ODA1MDIyNzd9.39zRGB22Wqyd510UrZyYc28aJLiquT1fFQ0YNs_RvjJwU9jMOn1RPSC0s7u1QW9d
1780495126897911,30551,eyJhbGciOiJIUzM4NCJ9.eyJzdWIiOiJwZXJmX3VzZXJfNTQ3IiwidXNlcklkIjozMDU1MSwiaWF0IjoxNzgwNDk1MDc3LCJleHAiOjE3ODA1MDIyNzd9.S_3zRWkEM-qUFAbMFrnGRzRPE4RpAO2x5cqBEBRVk4Na0Yq_yuoBMPs27b7XaTV0
1780495129156031,30651,eyJhbGciOiJIUzM4NCJ9.eyJzdWIiOiJwZXJmX3VzZXJfNjQ3IiwidXNlcklkIjozMDY1MSwiaWF0IjoxNzgwNDk1MDc3LCJleHAiOjE3ODA1MDIyNzd9.QXjIdtZKqpPOZypOUacOitiS2cj9NjiTe2AGvn5f5fa3-6SmNz8cj_gdCMMUzlxw
1780495131432629,30751,eyJhbGciOiJIUzM4NCJ9.eyJzdWIiOiJwZXJmX3VzZXJfNzQ3IiwidXNlcklkIjozMDc1MSwiaWF0IjoxNzgwNDk1MDc3LCJleHAiOjE3ODA1MDIyNzd9.SNKHC8P46VFOOIYqJwh8s-Ql8dpRjodm4wFvDGkNaw3Js9NnSgtsULHNHihof795
1780495133685802,30851,eyJhbGciOiJIUzM4NCJ9.eyJzdWIiOiJwZXJmX3VzZXJfODQ3IiwidXNlcklkIjozMDg1MSwiaWF0IjoxNzgwNDk1MDc3LCJleHAiOjE3ODA1MDIyNzd9.utTU5HwLHC3eK4-q9F1JH-3WonQy-UewRpk5uMB1kFJiB72OyMDmyN8EMeCxvu60
1780495135919783,30951,eyJhbGciOiJIUzM4NCJ9.eyJzdWIiOiJwZXJmX3VzZXJfOTQ3IiwidXNlcklkIjozMDk1MSwiaWF0IjoxNzgwNDk1MDc4LCJleHAiOjE3ODA1MDIyNzh9.nHpatHzKMf5sODiXka3GPUrJ04CXOFweSA-LAMktOJGHTlBWFY9UiLQQpcIRhKkg
1780495138276921,31051,eyJhbGciOiJIUzM4NCJ9.eyJzdWIiOiJwZXJmX3VzZXJfMTA0NyIsInVzZXJJZCI6MzEwNTEsImlhdCI6MTc4MDQ5NTA3OCwiZXhwIjoxNzgwNTAyMjc4fQ.8GYMk2l2CPd2cfOmCr_BjXTM6UfvcS7S3-4ORsDvUWiI3Rcs5HkFXxfRTL1HhHwS
1780495140509003,31151,eyJhbGciOiJIUzM4NCJ9.eyJzdWIiOiJwZXJmX3VzZXJfMTE0NyIsInVzZXJJZCI6MzExNTEsImlhdCI6MTc4MDQ5NTA3OCwiZXhwIjoxNzgwNTAyMjc4fQ.dpGaKx7Tgl_BsVc7CFZhamKgzUXRRLU8csldR2fQ3UB3WR4FEghLwUF_yEbLTi-7
1780495142691200,31251,eyJhbGciOiJIUzM4NCJ9.eyJzdWIiOiJwZXJmX3VzZXJfMTI0NyIsInVzZXJJZCI6MzEyNTEsImlhdCI6MTc4MDQ5NTA3OCwiZXhwIjoxNzgwNTAyMjc4fQ.hUsHUMvPDusvjHx1KLnH7YhXrpofnhh-XLKxSdswKbtFuSFzhNtx9s2fkIBQKbgD
1780495144893841,31351,eyJhbGciOiJIUzM4NCJ9.eyJzdWIiOiJwZXJmX3VzZXJfMTM0NyIsInVzZXJJZCI6MzEzNTEsImlhdCI6MTc4MDQ5NTA3OCwiZXhwIjoxNzgwNTAyMjc4fQ.GajLi00OTeuU4NvG-zqms8d041xRPOFX0X4wGGTUYhPMCk7XNqHQnczsqdi5iaCP
1780495147099053,31451,eyJhbGciOiJIUzM4NCJ9.eyJzdWIiOiJwZXJmX3VzZXJfMTQ0NyIsInVzZXJJZCI6MzE0NTEsImlhdCI6MTc4MDQ5NTA3OCwiZXhwIjoxNzgwNTAyMjc4fQ.EtUnhr22ivGCOG4yUu0rq5L7GpRZJihRDnxDICKBjYdLjuWZKHQgVgeENR_j9rTt
1780495149376540,31551,eyJhbGciOiJIUzM4NCJ9.eyJzdWIiOiJwZXJmX3VzZXJfMTU0NyIsInVzZXJJZCI6MzE1NTEsImlhdCI6MTc4MDQ5NTA3OCwiZXhwIjoxNzgwNTAyMjc4fQ.eodlNxWIUmnRWnd9KqhQeSijzReEIZ3_paQWB2q2eOGOR5uRKciDSeNIye3SU9mL
1780495115697720,30052,eyJhbGciOiJIUzM4NCJ9.eyJzdWIiOiJwZXJmX3VzZXJfNDgiLCJ1c2VySWQiOjMwMDUyLCJpYXQiOjE3ODA0OTUwNzYsImV4cCI6MTc4MDUwMjI3Nn0.qYlakDOLnbsFod0nZzNLlkLE1Du4mPjEmtVpwOFCG6Pxn6G1KHI_LwTlZQPApBG6
1780495117892200,30152,eyJhbGciOiJIUzM4NCJ9.eyJzdWIiOiJwZXJmX3VzZXJfMTQ4IiwidXNlcklkIjozMDE1MiwiaWF0IjoxNzgwNDk1MDc3LCJleHAiOjE3ODA1MDIyNzd9.1Rr-Mrb3-cn9kMdm7H_80_DRPfwZTHWncBthcTabyG0lbfsEBeOl4pqwK2ro6Aem
1780495120168279,30252,eyJhbGciOiJIUzM4NCJ9.eyJzdWIiOiJwZXJmX3VzZXJfMjQ4IiwidXNlcklkIjozMDI1MiwiaWF0IjoxNzgwNDk1MDc3LCJleHAiOjE3ODA1MDIyNzd9.hC6CC1dCyy2vJVXbWBnwJZlvECKmO-lYp1nS5s52Idg2VNu1vDev1T4bEHvG1Pt7
1780495122399886,30352,eyJhbGciOiJIUzM4NCJ9.eyJzdWIiOiJwZXJmX3VzZXJfMzQ4IiwidXNlcklkIjozMDM1MiwiaWF0IjoxNzgwNDk1MDc3LCJleHAiOjE3ODA1MDIyNzd9.0tA1yx01_FJAykN95ZqY1CFNzgwGJGeWfBKnjO0KZQuL5KxOKjPRXKAGyciciTmD
1780495124624826,30452,eyJhbGciOiJIUzM4NCJ9.eyJzdWIiOiJwZXJmX3VzZXJfNDQ4IiwidXNlcklkIjozMDQ1MiwiaWF0IjoxNzgwNDk1MDc3LCJleHAiOjE3ODA1MDIyNzd9.AV4nYBF6IC1DssMlL5tw9uqNFUS7YgAbgNVMSsOoYgI8UBbigIwtApP1WFRH4r31
1780495126897911,30552,eyJhbGciOiJIUzM4NCJ9.eyJzdWIiOiJwZXJmX3VzZXJfNTQ4IiwidXNlcklkIjozMDU1MiwiaWF0IjoxNzgwNDk1MDc3LCJleHAiOjE3ODA1MDIyNzd9.njA7ohHCSgqN8QVgS7H1vL6Smf2YcOv776G29OvhoKCFpOUbjnkNmtr8r9GQLBih
1780495129156031,30652,eyJhbGciOiJIUzM4NCJ9.eyJzdWIiOiJwZXJmX3VzZXJfNjQ4IiwidXNlcklkIjozMDY1MiwiaWF0IjoxNzgwNDk1MDc3LCJleHAiOjE3ODA1MDIyNzd9.5upLCHd2mmkrUqFtg_cMst5NcEcjwmdaEoFpu5tnvVGxlNzAsYqM8wELN7IvQD4J
1780495131432629,30752,eyJhbGciOiJIUzM4NCJ9.eyJzdWIiOiJwZXJmX3VzZXJfNzQ4IiwidXNlcklkIjozMDc1MiwiaWF0IjoxNzgwNDk1MDc3LCJleHAiOjE3ODA1MDIyNzd9.5ojGOwgbu0tnxbOS_wdkPxVvTwM06UY0RKtPhX5OvCDfVDpXIqO_9A0cT7EQZ9em
1780495133685802,30852,eyJhbGciOiJIUzM4NCJ9.eyJzdWIiOiJwZXJmX3VzZXJfODQ4IiwidXNlcklkIjozMDg1MiwiaWF0IjoxNzgwNDk1MDc3LCJleHAiOjE3ODA1MDIyNzd9.p4rhgf3rY6ZUzP1Iujjv0mlW43qDXRgWqWArjmgDS0T1-MbDjPUzeL1yVsNBwaGe
1780495135919783,30952,eyJhbGciOiJIUzM4NCJ9.eyJzdWIiOiJwZXJmX3VzZXJfOTQ4IiwidXNlcklkIjozMDk1MiwiaWF0IjoxNzgwNDk1MDc4LCJleHAiOjE3ODA1MDIyNzh9.6MR4yLpjmAkc_5v23QZi0NMtAJtmauMXBE6UiSzt_uEhCKG0CPGVV4vcV1b36Si7
1780495138276921,31052,eyJhbGciOiJIUzM4NCJ9.eyJzdWIiOiJwZXJmX3VzZXJfMTA0OCIsInVzZXJJZCI6MzEwNTIsImlhdCI6MTc4MDQ5NTA3OCwiZXhwIjoxNzgwNTAyMjc4fQ.GXm3Tjkb9k5VKxe_4KUjli1TR_mWjpyslFNWiNnCOD4S8Ld5f2JB117zQ3nbwkr0
1780495140509003,31152,eyJhbGciOiJIUzM4NCJ9.eyJzdWIiOiJwZXJmX3VzZXJfMTE0OCIsInVzZXJJZCI6MzExNTIsImlhdCI6MTc4MDQ5NTA3OCwiZXhwIjoxNzgwNTAyMjc4fQ.QL6FOFgPTPxmrFSis4UaOHELHzfPxK31CIkKks4yOwLdLzXEzRaK2r_Fzvn1IlYN
1780495142691200,31252,eyJhbGciOiJIUzM4NCJ9.eyJzdWIiOiJwZXJmX3VzZXJfMTI0OCIsInVzZXJJZCI6MzEyNTIsImlhdCI6MTc4MDQ5NTA3OCwiZXhwIjoxNzgwNTAyMjc4fQ.w1CmKQo4P8YaqOnzY1b1PW0mHDnoYfB6QV-Pf1Vi3JI-5d7rlqIZ_W5vMWMmRb6Y
1780495144893841,31352,eyJhbGciOiJIUzM4NCJ9.eyJzdWIiOiJwZXJmX3VzZXJfMTM0OCIsInVzZXJJZCI6MzEzNTIsImlhdCI6MTc4MDQ5NTA3OCwiZXhwIjoxNzgwNTAyMjc4fQ.UNH45PdpohwSHNm7-1Y6-DNZ-ggpgVTj_r78s5RzbLs999O28oo8IpHh0XEgqHud
1780495147099053,31452,eyJhbGciOiJIUzM4NCJ9.eyJzdWIiOiJwZXJmX3VzZXJfMTQ0OCIsInVzZXJJZCI6MzE0NTIsImlhdCI6MTc4MDQ5NTA3OCwiZXhwIjoxNzgwNTAyMjc4fQ.0CzQe77O2-_3q5N1gATMU1NMPmep21Q1gA7j0vFLchslDOKjInh4uTs2XRcsv4Wt
1780495149376540,31552,eyJhbGciOiJIUzM4NCJ9.eyJzdWIiOiJwZXJmX3VzZXJfMTU0OCIsInVzZXJJZCI6MzE1NTIsImlhdCI6MTc4MDQ5NTA3OCwiZXhwIjoxNzgwNTAyMjc4fQ.p1f4lm914MaMlABXuBWrJg2qYH0L9mmyOzXG3a62BqR53uKM4ucpodeZB7kgzahy
1780495115697720,30053,eyJhbGciOiJIUzM4NCJ9.eyJzdWIiOiJwZXJmX3VzZXJfNDkiLCJ1c2VySWQiOjMwMDUzLCJpYXQiOjE3ODA0OTUwNzYsImV4cCI6MTc4MDUwMjI3Nn0.BNWD7jS7692uPyuBHRDJ__3s2HlfcszI4fW6sQ0C8IQa7pCRpUHY8B9rJW6jwrTP
1780495117892200,30153,eyJhbGciOiJIUzM4NCJ9.eyJzdWIiOiJwZXJmX3VzZXJfMTQ5IiwidXNlcklkIjozMDE1MywiaWF0IjoxNzgwNDk1MDc3LCJleHAiOjE3ODA1MDIyNzd9.xbTmRaplwUxUtQtpX3pnLlhGtjgJ6kBEPzvFq1b19Qil2qYvIUVv1JQl_9-16kTM
1780495120168279,30253,eyJhbGciOiJIUzM4NCJ9.eyJzdWIiOiJwZXJmX3VzZXJfMjQ5IiwidXNlcklkIjozMDI1MywiaWF0IjoxNzgwNDk1MDc3LCJleHAiOjE3ODA1MDIyNzd9.OQB1Du9PFI0Jds8pC0EYCIE0xe1X1jlakRcDzihhHw2sirqSOb8RGKa7FLlbVX_n
1780495122399886,30353,eyJhbGciOiJIUzM4NCJ9.eyJzdWIiOiJwZXJmX3VzZXJfMzQ5IiwidXNlcklkIjozMDM1MywiaWF0IjoxNzgwNDk1MDc3LCJleHAiOjE3ODA1MDIyNzd9.lKHooIVh7dlKiMXkLOecPpY3mmkd9ZcUGwosNU4cw5RjykMwIIrdhQv1r0zRDBEH
1780495124624826,30453,eyJhbGciOiJIUzM4NCJ9.eyJzdWIiOiJwZXJmX3VzZXJfNDQ5IiwidXNlcklkIjozMDQ1MywiaWF0IjoxNzgwNDk1MDc3LCJleHAiOjE3ODA1MDIyNzd9.S62cmmpyKs27aI66EBqic88jaEKiGJLwm8L5ausT3B-dyrcbNsBxktnl8zA44Ip0
1780495126897911,30553,eyJhbGciOiJIUzM4NCJ9.eyJzdWIiOiJwZXJmX3VzZXJfNTQ5IiwidXNlcklkIjozMDU1MywiaWF0IjoxNzgwNDk1MDc3LCJleHAiOjE3ODA1MDIyNzd9.d1FK7KizQK9XiIgaVaERZHQYvnhS4lvB-FTiTh2RLSLgGIV1vOBK7xZuypLhuEPj
1780495129156031,30653,eyJhbGciOiJIUzM4NCJ9.eyJzdWIiOiJwZXJmX3VzZXJfNjQ5IiwidXNlcklkIjozMDY1MywiaWF0IjoxNzgwNDk1MDc3LCJleHAiOjE3ODA1MDIyNzd9._HAxNhtj2kE03MEA2GNjzrehU0wAFpesydgWLzRXYOd_m1a9K74yA7jPPiRREcpK
1780495131432629,30753,eyJhbGciOiJIUzM4NCJ9.eyJzdWIiOiJwZXJmX3VzZXJfNzQ5IiwidXNlcklkIjozMDc1MywiaWF0IjoxNzgwNDk1MDc3LCJleHAiOjE3ODA1MDIyNzd9.24SIkI3aopgO-Dnw6OGlBUBA1ZKUhvVUN0B-yzKR143-jt8AaPjq_9NwUCVc4m7X
1780495133685802,30853,eyJhbGciOiJIUzM4NCJ9.eyJzdWIiOiJwZXJmX3VzZXJfODQ5IiwidXNlcklkIjozMDg1MywiaWF0IjoxNzgwNDk1MDc3LCJleHAiOjE3ODA1MDIyNzd9.Eh599JOnLiwROr2FBWACyQHEYw__C-TDd6gyoVMEYup4lVZi9gHpK4aj72mTETHm
1780495135919783,30953,eyJhbGciOiJIUzM4NCJ9.eyJzdWIiOiJwZXJmX3VzZXJfOTQ5IiwidXNlcklkIjozMDk1MywiaWF0IjoxNzgwNDk1MDc4LCJleHAiOjE3ODA1MDIyNzh9.KCypOOf8XMJy4q_cyhiz3VKuo6DgnNnDUIM7kESPJw7KfqZGpc5GtKMY1Mp2iOq_
1780495138276921,31053,eyJhbGciOiJIUzM4NCJ9.eyJzdWIiOiJwZXJmX3VzZXJfMTA0OSIsInVzZXJJZCI6MzEwNTMsImlhdCI6MTc4MDQ5NTA3OCwiZXhwIjoxNzgwNTAyMjc4fQ.GWGyQ_fQmi5pL-ySAKcX_4svAtR_m5H8Uk0W8WApscqebYQvF3iZpD7i9DPXdxt9
1780495140509003,31153,eyJhbGciOiJIUzM4NCJ9.eyJzdWIiOiJwZXJmX3VzZXJfMTE0OSIsInVzZXJJZCI6MzExNTMsImlhdCI6MTc4MDQ5NTA3OCwiZXhwIjoxNzgwNTAyMjc4fQ.wEeu_4WulNU7ggu8wOqMPgufXOw1IrfaglAW6nlQ0J3hX0A5oKxgjy8ISbvqpIQ7
1780495142691200,31253,eyJhbGciOiJIUzM4NCJ9.eyJzdWIiOiJwZXJmX3VzZXJfMTI0OSIsInVzZXJJZCI6MzEyNTMsImlhdCI6MTc4MDQ5NTA3OCwiZXhwIjoxNzgwNTAyMjc4fQ.V37Fa81EGkWB-GnEpVvIPz_hIT7TrXsfeD96G1IgWV19SyOKryprDfeghINFyT2F
1780495144893841,31353,eyJhbGciOiJIUzM4NCJ9.eyJzdWIiOiJwZXJmX3VzZXJfMTM0OSIsInVzZXJJZCI6MzEzNTMsImlhdCI6MTc4MDQ5NTA3OCwiZXhwIjoxNzgwNTAyMjc4fQ.GmETOWwixFyfJruV3Z7HtC88KTpPkM43ltPcymHiecr3-fpYmVELB32PH6jSXYZs
1780495147099053,31453,eyJhbGciOiJIUzM4NCJ9.eyJzdWIiOiJwZXJmX3VzZXJfMTQ0OSIsInVzZXJJZCI6MzE0NTMsImlhdCI6MTc4MDQ5NTA3OCwiZXhwIjoxNzgwNTAyMjc4fQ.t7HplQ55bh4M_o5GpN5yPPgJIlQFDfhUvF4pxCOXOylNzBGWMf2LdGdD3Vqv_sal
1780495149376540,31553,eyJhbGciOiJIUzM4NCJ9.eyJzdWIiOiJwZXJmX3VzZXJfMTU0OSIsInVzZXJJZCI6MzE1NTMsImlhdCI6MTc4MDQ5NTA3OCwiZXhwIjoxNzgwNTAyMjc4fQ.sjbtfaK2Cyny05lsEhWCLN3AStMnqURLMKShh_NCY_L7wevgpQTieRuI3XSkgQVh
1780495115697720,30054,eyJhbGciOiJIUzM4NCJ9.eyJzdWIiOiJwZXJmX3VzZXJfNTAiLCJ1c2VySWQiOjMwMDU0LCJpYXQiOjE3ODA0OTUwNzYsImV4cCI6MTc4MDUwMjI3Nn0.dP_QeVHfF2H4f6Mv_0YaFuCDZZYpV8K50BxQYWg0P39xgPrQQtGrP81gxdXUSfC2
1780495117892200,30154,eyJhbGciOiJIUzM4NCJ9.eyJzdWIiOiJwZXJmX3VzZXJfMTUwIiwidXNlcklkIjozMDE1NCwiaWF0IjoxNzgwNDk1MDc3LCJleHAiOjE3ODA1MDIyNzd9.AwagIdamh2MijDJfpBtvdvmLzY8XhUbUlBoimzb0bq7MNhcjytT8iBpsoxVtt0_2
1780495120168279,30254,eyJhbGciOiJIUzM4NCJ9.eyJzdWIiOiJwZXJmX3VzZXJfMjUwIiwidXNlcklkIjozMDI1NCwiaWF0IjoxNzgwNDk1MDc3LCJleHAiOjE3ODA1MDIyNzd9.2fgYQ2hQWAfVlRljfYsVJXpfy6eVBtq9z_61YWjkjop6huD8XDzyHkWvCa4NoZRq
1780495122399886,30354,eyJhbGciOiJIUzM4NCJ9.eyJzdWIiOiJwZXJmX3VzZXJfMzUwIiwidXNlcklkIjozMDM1NCwiaWF0IjoxNzgwNDk1MDc3LCJleHAiOjE3ODA1MDIyNzd9.Cj4l575dnKzy3udSaWvwceEzaF283jLjk2y5j9IgEg4Ed_H-UgmPxmwxxA7BNsVL
1780495124624826,30454,eyJhbGciOiJIUzM4NCJ9.eyJzdWIiOiJwZXJmX3VzZXJfNDUwIiwidXNlcklkIjozMDQ1NCwiaWF0IjoxNzgwNDk1MDc3LCJleHAiOjE3ODA1MDIyNzd9.yKPTXFx6I9ePqDhf9dCPly-m5XJZKmpU6BJjHowbWHKSK0ZX9B8hovpf3e848fRm
1780495126897911,30554,eyJhbGciOiJIUzM4NCJ9.eyJzdWIiOiJwZXJmX3VzZXJfNTUwIiwidXNlcklkIjozMDU1NCwiaWF0IjoxNzgwNDk1MDc3LCJleHAiOjE3ODA1MDIyNzd9.iMdyfh8hUz3qdLALwaxHbVgbyQj9ZNCeMnxLRsFLafNyIXp96k4lJ2QNfICDjlP7
1780495129156031,30654,eyJhbGciOiJIUzM4NCJ9.eyJzdWIiOiJwZXJmX3VzZXJfNjUwIiwidXNlcklkIjozMDY1NCwiaWF0IjoxNzgwNDk1MDc3LCJleHAiOjE3ODA1MDIyNzd9.qVdZ3pmxvC2wQL3UT8Qvz0mFBLJKiRy_FyoDa2K4RhB1iEXxXVKBfQCIYRr6YG9E
1780495131432629,30754,eyJhbGciOiJIUzM4NCJ9.eyJzdWIiOiJwZXJmX3VzZXJfNzUwIiwidXNlcklkIjozMDc1NCwiaWF0IjoxNzgwNDk1MDc3LCJleHAiOjE3ODA1MDIyNzd9.B0kZK9E_2D6mKuyqtlnLSd9zQG20ge7ADGF5zH5EUsuWHsc0A8-Us0NqYFCWZtGh
1780495133685802,30854,eyJhbGciOiJIUzM4NCJ9.eyJzdWIiOiJwZXJmX3VzZXJfODUwIiwidXNlcklkIjozMDg1NCwiaWF0IjoxNzgwNDk1MDc3LCJleHAiOjE3ODA1MDIyNzd9.69SVkkhZZzXmvVuhLEgev1fCIr4tvEkjdWAOwPAgDtVRBzBYg-Po2Lu89wMMzgA_
1780495135919783,30954,eyJhbGciOiJIUzM4NCJ9.eyJzdWIiOiJwZXJmX3VzZXJfOTUwIiwidXNlcklkIjozMDk1NCwiaWF0IjoxNzgwNDk1MDc4LCJleHAiOjE3ODA1MDIyNzh9.HuGysWk0jHZMHW1EUoJo71g-b0bkiF91APmcZ-dd_vfMRBWuSAU1sgEDUocn-YTO
1780495138276921,31054,eyJhbGciOiJIUzM4NCJ9.eyJzdWIiOiJwZXJmX3VzZXJfMTA1MCIsInVzZXJJZCI6MzEwNTQsImlhdCI6MTc4MDQ5NTA3OCwiZXhwIjoxNzgwNTAyMjc4fQ.NtoBSai8K-jbtzpp2QF1Ty_IqW9wvlmVf-jSaM5BPkkgslYpuaNtCa32mIXARL6X
1780495140509003,31154,eyJhbGciOiJIUzM4NCJ9.eyJzdWIiOiJwZXJmX3VzZXJfMTE1MCIsInVzZXJJZCI6MzExNTQsImlhdCI6MTc4MDQ5NTA3OCwiZXhwIjoxNzgwNTAyMjc4fQ.YWXhpx9YiSjvbIt6LBr0jLPf9Vjm_Rl7aokrdONhd8GiLMaez48iwF40Sb1Ykrs0
1780495142691200,31254,eyJhbGciOiJIUzM4NCJ9.eyJzdWIiOiJwZXJmX3VzZXJfMTI1MCIsInVzZXJJZCI6MzEyNTQsImlhdCI6MTc4MDQ5NTA3OCwiZXhwIjoxNzgwNTAyMjc4fQ.oER2Ki2SeuhJkWc9rJvkE0gd5axLqHvZFy82vt05ONrt_V6JFphaC1EMervs9us6
1780495144893841,31354,eyJhbGciOiJIUzM4NCJ9.eyJzdWIiOiJwZXJmX3VzZXJfMTM1MCIsInVzZXJJZCI6MzEzNTQsImlhdCI6MTc4MDQ5NTA3OCwiZXhwIjoxNzgwNTAyMjc4fQ.__RIJUVGaEgKqm_8JsY4tE3mEGyWQ6g4ZVq3_jtuXRa4Y5hdB7FQ3fhAYiFutdVg
1780495147099053,31454,eyJhbGciOiJIUzM4NCJ9.eyJzdWIiOiJwZXJmX3VzZXJfMTQ1MCIsInVzZXJJZCI6MzE0NTQsImlhdCI6MTc4MDQ5NTA3OCwiZXhwIjoxNzgwNTAyMjc4fQ.zQnVJ2fbk2bYbJmtZ97d5FbmuZ7OJpZG4f5FZmvSnLm5Hi3OihhWA_BAr-WJvVVR
1780495149376540,31554,eyJhbGciOiJIUzM4NCJ9.eyJzdWIiOiJwZXJmX3VzZXJfMTU1MCIsInVzZXJJZCI6MzE1NTQsImlhdCI6MTc4MDQ5NTA3OCwiZXhwIjoxNzgwNTAyMjc4fQ.4nbJb7CLlfKT95DwnViGX7Xdl9YKCx5qlAscgdf5nkH8OD9LlJZb8hSwDX_0r7BS
1780495115697720,30055,eyJhbGciOiJIUzM4NCJ9.eyJzdWIiOiJwZXJmX3VzZXJfNTEiLCJ1c2VySWQiOjMwMDU1LCJpYXQiOjE3ODA0OTUwNzYsImV4cCI6MTc4MDUwMjI3Nn0.GP7vy8mjfn0_PZvDKxODp89n-rmOdCF79AO4XAqrJfentAqch4V99D_bshBn1uqx
1780495117892200,30155,eyJhbGciOiJIUzM4NCJ9.eyJzdWIiOiJwZXJmX3VzZXJfMTUxIiwidXNlcklkIjozMDE1NSwiaWF0IjoxNzgwNDk1MDc3LCJleHAiOjE3ODA1MDIyNzd9.WxekBTeqghPqHbipAFAX_DOP4EY9NCwkpgMjs2FYUGU4uZJgptahx4JPmsU6FCjG
1780495120168279,30255,eyJhbGciOiJIUzM4NCJ9.eyJzdWIiOiJwZXJmX3VzZXJfMjUxIiwidXNlcklkIjozMDI1NSwiaWF0IjoxNzgwNDk1MDc3LCJleHAiOjE3ODA1MDIyNzd9.pLQ4-vsFtuZnX3qXhXAbyBgeaHIpa1YqBShEY_wYolAYTEXu-xnQKolnOGV1H_e9
1780495122399886,30355,eyJhbGciOiJIUzM4NCJ9.eyJzdWIiOiJwZXJmX3VzZXJfMzUxIiwidXNlcklkIjozMDM1NSwiaWF0IjoxNzgwNDk1MDc3LCJleHAiOjE3ODA1MDIyNzd9._4m8GA2LGHG23FM3-44IxUxQfp20ifpMv5c2Gnirl7jhs4wgCios3RXe--vV1Gd-
1780495124624826,30455,eyJhbGciOiJIUzM4NCJ9.eyJzdWIiOiJwZXJmX3VzZXJfNDUxIiwidXNlcklkIjozMDQ1NSwiaWF0IjoxNzgwNDk1MDc3LCJleHAiOjE3ODA1MDIyNzd9.cO_uLTPrhue2gisAiXdMgdzZrhLpouQ63u-kM7JZq_ekzLrZokzemQBCrjLSuGRY
1780495126897911,30555,eyJhbGciOiJIUzM4NCJ9.eyJzdWIiOiJwZXJmX3VzZXJfNTUxIiwidXNlcklkIjozMDU1NSwiaWF0IjoxNzgwNDk1MDc3LCJleHAiOjE3ODA1MDIyNzd9.tsKUXrRMEPMtZXOAA5-N9b19WHz4KLOonva1MQm4rZUDLpZRhLqouPEoa4ktFY_E
1780495129156031,30655,eyJhbGciOiJIUzM4NCJ9.eyJzdWIiOiJwZXJmX3VzZXJfNjUxIiwidXNlcklkIjozMDY1NSwiaWF0IjoxNzgwNDk1MDc3LCJleHAiOjE3ODA1MDIyNzd9.qmWzyQ9uStskRyKbGr4NDHCTopIGHh0xljMuesxb_VGY4ypT-PdO7eUVk7VeazcK
1780495131432629,30755,eyJhbGciOiJIUzM4NCJ9.eyJzdWIiOiJwZXJmX3VzZXJfNzUxIiwidXNlcklkIjozMDc1NSwiaWF0IjoxNzgwNDk1MDc3LCJleHAiOjE3ODA1MDIyNzd9.u1g58ROZLeu9jGxh2dvJ3pt5imzRGg9VJgxuoNIsmJT4Q50Basrx9kGIuJ0P4gdu
1780495133685802,30855,eyJhbGciOiJIUzM4NCJ9.eyJzdWIiOiJwZXJmX3VzZXJfODUxIiwidXNlcklkIjozMDg1NSwiaWF0IjoxNzgwNDk1MDc3LCJleHAiOjE3ODA1MDIyNzd9.0QUFHRp3FGI1sboBFI6ZMDnqU9G61lxMo04Pi45x2GwMHWETxhCvvHstBJxfO7px
1780495135919783,30955,eyJhbGciOiJIUzM4NCJ9.eyJzdWIiOiJwZXJmX3VzZXJfOTUxIiwidXNlcklkIjozMDk1NSwiaWF0IjoxNzgwNDk1MDc4LCJleHAiOjE3ODA1MDIyNzh9.RJA_BHKwPKo38hoKREaMSzoHCQXa8gKsYJj0QtbFZVhcE5oKRbgAolMiTXqJZByt
1780495138276921,31055,eyJhbGciOiJIUzM4NCJ9.eyJzdWIiOiJwZXJmX3VzZXJfMTA1MSIsInVzZXJJZCI6MzEwNTUsImlhdCI6MTc4MDQ5NTA3OCwiZXhwIjoxNzgwNTAyMjc4fQ.4vdkRjTvYfwwhz9B2l1N-Tsl7LCB7an9kndyw6iGvIGYBObr5-5bK6JM_ZSTCZoc
1780495140509003,31155,eyJhbGciOiJIUzM4NCJ9.eyJzdWIiOiJwZXJmX3VzZXJfMTE1MSIsInVzZXJJZCI6MzExNTUsImlhdCI6MTc4MDQ5NTA3OCwiZXhwIjoxNzgwNTAyMjc4fQ.raXzKPUNUghCpnUJIkX8T9trN3nzbuv0EasIpZ0WHANPdTg8zBw6FDdXoW-Nvtut
1780495142691200,31255,eyJhbGciOiJIUzM4NCJ9.eyJzdWIiOiJwZXJmX3VzZXJfMTI1MSIsInVzZXJJZCI6MzEyNTUsImlhdCI6MTc4MDQ5NTA3OCwiZXhwIjoxNzgwNTAyMjc4fQ.boORgfTvTQtGh8EEwJQo_VITzg5kQbLLSDBQsqN5_dt64KjCfRS1F1OfCLXBKXmM
1780495144893841,31355,eyJhbGciOiJIUzM4NCJ9.eyJzdWIiOiJwZXJmX3VzZXJfMTM1MSIsInVzZXJJZCI6MzEzNTUsImlhdCI6MTc4MDQ5NTA3OCwiZXhwIjoxNzgwNTAyMjc4fQ.vhEpKEO0mOoH9R5hGaNSiVfUvfySfk9FXCEu5KG5AEi8tW5DQqVL7brEL0O5PMGw
1780495147099053,31455,eyJhbGciOiJIUzM4NCJ9.eyJzdWIiOiJwZXJmX3VzZXJfMTQ1MSIsInVzZXJJZCI6MzE0NTUsImlhdCI6MTc4MDQ5NTA3OCwiZXhwIjoxNzgwNTAyMjc4fQ.rsQJLLykj0yKqcyuN7CaW6DwWa2QgxAY399QujtRj1XdnUJ6Ci1bNe-dg8aZgqjG
1780495149376540,31555,eyJhbGciOiJIUzM4NCJ9.eyJzdWIiOiJwZXJmX3VzZXJfMTU1MSIsInVzZXJJZCI6MzE1NTUsImlhdCI6MTc4MDQ5NTA3OCwiZXhwIjoxNzgwNTAyMjc4fQ.rgUCBpgRDQUB_cK76ex9R7u3krYSXSgR3-UI3my6xJzFfflkMJvSs667e-n678sK
1780495115697720,30056,eyJhbGciOiJIUzM4NCJ9.eyJzdWIiOiJwZXJmX3VzZXJfNTIiLCJ1c2VySWQiOjMwMDU2LCJpYXQiOjE3ODA0OTUwNzYsImV4cCI6MTc4MDUwMjI3Nn0.C6pAofqcUHp5gVUNA7E45dGFuxVaXU7Cat-3EbB3JuAhCGt_BhGuPI4aN9zlINNQ
1780495117892200,30156,eyJhbGciOiJIUzM4NCJ9.eyJzdWIiOiJwZXJmX3VzZXJfMTUyIiwidXNlcklkIjozMDE1NiwiaWF0IjoxNzgwNDk1MDc3LCJleHAiOjE3ODA1MDIyNzd9.Dt7a-cQhDFaC6j8MbXv3gO9eMyGOcAe0iHh68Av3hpTrsO87JgHtltU0j6yIYPU2
1780495120168279,30256,eyJhbGciOiJIUzM4NCJ9.eyJzdWIiOiJwZXJmX3VzZXJfMjUyIiwidXNlcklkIjozMDI1NiwiaWF0IjoxNzgwNDk1MDc3LCJleHAiOjE3ODA1MDIyNzd9.VKbCmn4kJMjoRfajtMNp-Kh8skCivtOQJ1T9HFLPTl7V-mNYMXRnFBKtDeE_9Ro-
1780495122399886,30356,eyJhbGciOiJIUzM4NCJ9.eyJzdWIiOiJwZXJmX3VzZXJfMzUyIiwidXNlcklkIjozMDM1NiwiaWF0IjoxNzgwNDk1MDc3LCJleHAiOjE3ODA1MDIyNzd9.0wECksBYpLAr6hak9q-SaQvSEx5ZBMGWVIiMg9FZmtw_ICPCuHEvmkP3fFK4eAmY
1780495124624826,30456,eyJhbGciOiJIUzM4NCJ9.eyJzdWIiOiJwZXJmX3VzZXJfNDUyIiwidXNlcklkIjozMDQ1NiwiaWF0IjoxNzgwNDk1MDc3LCJleHAiOjE3ODA1MDIyNzd9.8-gVo2Sr9UZIFgDjwPY-dHg6oBlvBS05WbkUIhx_6_UA7ebMWVOEMovdj7_11yyz
1780495126897911,30556,eyJhbGciOiJIUzM4NCJ9.eyJzdWIiOiJwZXJmX3VzZXJfNTUyIiwidXNlcklkIjozMDU1NiwiaWF0IjoxNzgwNDk1MDc3LCJleHAiOjE3ODA1MDIyNzd9.3o34TECag1jmyjJpUh8SQIq6PTU4PcNKGA5wbbFD5qYRzuNktEdBs8Nm72IHrck9
1780495129156031,30656,eyJhbGciOiJIUzM4NCJ9.eyJzdWIiOiJwZXJmX3VzZXJfNjUyIiwidXNlcklkIjozMDY1NiwiaWF0IjoxNzgwNDk1MDc3LCJleHAiOjE3ODA1MDIyNzd9.XeYd_vHBl4979zJJEkjef9upfdgWP6nohWT2xKVtRK6IUf9a0s85sTNe24FrdGR8
1780495131432629,30756,eyJhbGciOiJIUzM4NCJ9.eyJzdWIiOiJwZXJmX3VzZXJfNzUyIiwidXNlcklkIjozMDc1NiwiaWF0IjoxNzgwNDk1MDc3LCJleHAiOjE3ODA1MDIyNzd9.Kn70QQ1NpsZWrT_5h9YiEzh5VSqGovc9oEEO_OE2Og1XH0x-3Df7360Mj4dsdbuB
1780495133685802,30856,eyJhbGciOiJIUzM4NCJ9.eyJzdWIiOiJwZXJmX3VzZXJfODUyIiwidXNlcklkIjozMDg1NiwiaWF0IjoxNzgwNDk1MDc3LCJleHAiOjE3ODA1MDIyNzd9.LwqI_eYvVjZKW25HmGyFVJOTVx2T8mudtT3PVIpk5mz0PM1W7J9fqt8w74TUb2-L
1780495135919783,30956,eyJhbGciOiJIUzM4NCJ9.eyJzdWIiOiJwZXJmX3VzZXJfOTUyIiwidXNlcklkIjozMDk1NiwiaWF0IjoxNzgwNDk1MDc4LCJleHAiOjE3ODA1MDIyNzh9.fhr65ExCnssuGIbJm4mrX-PzLblw3d5fYR92zBkGESTV9kn2tk5p-N1GB9W1_EJ8
1780495138276921,31056,eyJhbGciOiJIUzM4NCJ9.eyJzdWIiOiJwZXJmX3VzZXJfMTA1MiIsInVzZXJJZCI6MzEwNTYsImlhdCI6MTc4MDQ5NTA3OCwiZXhwIjoxNzgwNTAyMjc4fQ.kDMiKdIHrwpUbPgxCfTeuqwNNsi_CVFS2ZXxsrMQ7b6YIbpxzR4Dhu_2cJTuH2U7
1780495140509003,31156,eyJhbGciOiJIUzM4NCJ9.eyJzdWIiOiJwZXJmX3VzZXJfMTE1MiIsInVzZXJJZCI6MzExNTYsImlhdCI6MTc4MDQ5NTA3OCwiZXhwIjoxNzgwNTAyMjc4fQ.fo11015UBzI1YL2J4_2WyC-_SWAEUp5G8bcwAGo_GuM7EWw5GTfZkbqXTDJTTYH5
1780495142691200,31256,eyJhbGciOiJIUzM4NCJ9.eyJzdWIiOiJwZXJmX3VzZXJfMTI1MiIsInVzZXJJZCI6MzEyNTYsImlhdCI6MTc4MDQ5NTA3OCwiZXhwIjoxNzgwNTAyMjc4fQ.D_6Vs1ifTpxDKAFap2FWCyFAUispxbqFpyX9iKldOSez4TTfkkwzQHF-tIsSeFmP
1780495144893841,31356,eyJhbGciOiJIUzM4NCJ9.eyJzdWIiOiJwZXJmX3VzZXJfMTM1MiIsInVzZXJJZCI6MzEzNTYsImlhdCI6MTc4MDQ5NTA3OCwiZXhwIjoxNzgwNTAyMjc4fQ.oEmrbrcR5hKN-zRzfQ2mEGKUTtPk4YMg2vDmtS2YKg-2EQFKJiIRTZaMwo2M-eyQ
1780495147099053,31456,eyJhbGciOiJIUzM4NCJ9.eyJzdWIiOiJwZXJmX3VzZXJfMTQ1MiIsInVzZXJJZCI6MzE0NTYsImlhdCI6MTc4MDQ5NTA3OCwiZXhwIjoxNzgwNTAyMjc4fQ.vjKaEBhHUOtRorQc_4nGfrpfXJ5Ng4SWa0jPWLx2NXphWesgHIoB6xdshF57v-eD
1780495149376540,31556,eyJhbGciOiJIUzM4NCJ9.eyJzdWIiOiJwZXJmX3VzZXJfMTU1MiIsInVzZXJJZCI6MzE1NTYsImlhdCI6MTc4MDQ5NTA3OCwiZXhwIjoxNzgwNTAyMjc4fQ.uXlpVV_0ADTQ6K7vkwaeEaV5RTir5WmOrTApALiBFs08Y8xodpuPhoBU917FUAO8
1780495115697720,30057,eyJhbGciOiJIUzM4NCJ9.eyJzdWIiOiJwZXJmX3VzZXJfNTMiLCJ1c2VySWQiOjMwMDU3LCJpYXQiOjE3ODA0OTUwNzYsImV4cCI6MTc4MDUwMjI3Nn0.ign8NU8bwO6ay361RjZuPKV2kDzA-qyV3VxVi2SofnjiUNmKdeO3aB8PlycEYQcK
1780495117892200,30157,eyJhbGciOiJIUzM4NCJ9.eyJzdWIiOiJwZXJmX3VzZXJfMTUzIiwidXNlcklkIjozMDE1NywiaWF0IjoxNzgwNDk1MDc3LCJleHAiOjE3ODA1MDIyNzd9.3OQF1AeXmdlt-2KiRp2WzuHBMRQP3kr6r1AFEKfmAjtdKVRhkFiu8KaYYHwiNWJ3
1780495120168279,30257,eyJhbGciOiJIUzM4NCJ9.eyJzdWIiOiJwZXJmX3VzZXJfMjUzIiwidXNlcklkIjozMDI1NywiaWF0IjoxNzgwNDk1MDc3LCJleHAiOjE3ODA1MDIyNzd9.skmGY9OhEcCI-L-LnrHhOjuvjd2Vaa8PKY_-E6ui7dTInKTz_UHW-L195qTG2YW8
1780495122399886,30357,eyJhbGciOiJIUzM4NCJ9.eyJzdWIiOiJwZXJmX3VzZXJfMzUzIiwidXNlcklkIjozMDM1NywiaWF0IjoxNzgwNDk1MDc3LCJleHAiOjE3ODA1MDIyNzd9.4vcQx1r32cvmFaYh1Y-ex_ewEwXD2bfEAheo1KGzZCQqzwf7WG1XEddz0gLjhipA
1780495124624826,30457,eyJhbGciOiJIUzM4NCJ9.eyJzdWIiOiJwZXJmX3VzZXJfNDUzIiwidXNlcklkIjozMDQ1NywiaWF0IjoxNzgwNDk1MDc3LCJleHAiOjE3ODA1MDIyNzd9.lDytF4LHVkU9PmvFmd0Ndl1n80uIBQ9bC3aATseNs54XlAXEeyH0bbong5RRaLwk
1780495126897911,30557,eyJhbGciOiJIUzM4NCJ9.eyJzdWIiOiJwZXJmX3VzZXJfNTUzIiwidXNlcklkIjozMDU1NywiaWF0IjoxNzgwNDk1MDc3LCJleHAiOjE3ODA1MDIyNzd9.WaneGfhov9PuiFmTr7hKRh2kgLVvM_nh38ra1dT0y0CgOrUehQY6M45vUTvDoRhq
1780495129156031,30657,eyJhbGciOiJIUzM4NCJ9.eyJzdWIiOiJwZXJmX3VzZXJfNjUzIiwidXNlcklkIjozMDY1NywiaWF0IjoxNzgwNDk1MDc3LCJleHAiOjE3ODA1MDIyNzd9.yv-ruBt-XnPwQfekPXtpBcRaPAqNvRwnxqxtGYgZbOOM0ARDJaYNLIJGqzC_R0NG
1780495131432629,30757,eyJhbGciOiJIUzM4NCJ9.eyJzdWIiOiJwZXJmX3VzZXJfNzUzIiwidXNlcklkIjozMDc1NywiaWF0IjoxNzgwNDk1MDc3LCJleHAiOjE3ODA1MDIyNzd9.3gSyYesZga7__e5-Uds6VkzI0zngP2x534y0iefSyVCDQ47ONKus9FWZpn1HcV5g
1780495133685802,30857,eyJhbGciOiJIUzM4NCJ9.eyJzdWIiOiJwZXJmX3VzZXJfODUzIiwidXNlcklkIjozMDg1NywiaWF0IjoxNzgwNDk1MDc3LCJleHAiOjE3ODA1MDIyNzd9.CJfwuBNsAMLqWpTINRJ1zBLww3l3wS9tOPA6hWG505jrlVbm0Oti4lRPypi68i0_
1780495135919783,30957,eyJhbGciOiJIUzM4NCJ9.eyJzdWIiOiJwZXJmX3VzZXJfOTUzIiwidXNlcklkIjozMDk1NywiaWF0IjoxNzgwNDk1MDc4LCJleHAiOjE3ODA1MDIyNzh9.fVM8_Vex3qlXrjyMXu8knshhq1-gEvVRM2piRc4e0xSJasaZsxXyrDfTD4mN7zHo
1780495138276921,31057,eyJhbGciOiJIUzM4NCJ9.eyJzdWIiOiJwZXJmX3VzZXJfMTA1MyIsInVzZXJJZCI6MzEwNTcsImlhdCI6MTc4MDQ5NTA3OCwiZXhwIjoxNzgwNTAyMjc4fQ.S--QBcdMK0xYQaUjDxNLmPsB3Yl1HQ7IKn7OcUFnJrktUR7sUuLqDfVJn_y78X1N
1780495140509003,31157,eyJhbGciOiJIUzM4NCJ9.eyJzdWIiOiJwZXJmX3VzZXJfMTE1MyIsInVzZXJJZCI6MzExNTcsImlhdCI6MTc4MDQ5NTA3OCwiZXhwIjoxNzgwNTAyMjc4fQ.MTCxzvlMj99KrzlXNrKCq9G3ppHKfK--WZsCTge3a1z79a_YvVpvCmyPlHKqDMoq
1780495142691200,31257,eyJhbGciOiJIUzM4NCJ9.eyJzdWIiOiJwZXJmX3VzZXJfMTI1MyIsInVzZXJJZCI6MzEyNTcsImlhdCI6MTc4MDQ5NTA3OCwiZXhwIjoxNzgwNTAyMjc4fQ.jGvJluO33nvEwTUUjFENfBDP19sDXgi7fu6b5STOxgXuNfqMr3scS5oc4hlSPzy8
1780495144893841,31357,eyJhbGciOiJIUzM4NCJ9.eyJzdWIiOiJwZXJmX3VzZXJfMTM1MyIsInVzZXJJZCI6MzEzNTcsImlhdCI6MTc4MDQ5NTA3OCwiZXhwIjoxNzgwNTAyMjc4fQ.ofplAG9pfEdmFaYt_h7RsWyBSRwG0-IH6Re8DckLlyuIQ6idQH2YJKiUpMKJ9tFY
1780495147099053,31457,eyJhbGciOiJIUzM4NCJ9.eyJzdWIiOiJwZXJmX3VzZXJfMTQ1MyIsInVzZXJJZCI6MzE0NTcsImlhdCI6MTc4MDQ5NTA3OCwiZXhwIjoxNzgwNTAyMjc4fQ.KM1F0ceVHX8_jWAd50j-QDW-4W102Y-XY9IFbUMwf5kMKhjhidZ-RNvrpEP3HyYl
1780495149376540,31557,eyJhbGciOiJIUzM4NCJ9.eyJzdWIiOiJwZXJmX3VzZXJfMTU1MyIsInVzZXJJZCI6MzE1NTcsImlhdCI6MTc4MDQ5NTA3OCwiZXhwIjoxNzgwNTAyMjc4fQ.aXaVUimUmp7eFU7Eas9kYscmf6GpXk5crxJN9h0pfx04C47RYgBIsUouFdX5RIGa
1780495115697720,30058,eyJhbGciOiJIUzM4NCJ9.eyJzdWIiOiJwZXJmX3VzZXJfNTQiLCJ1c2VySWQiOjMwMDU4LCJpYXQiOjE3ODA0OTUwNzYsImV4cCI6MTc4MDUwMjI3Nn0.jk_XpqFU0xIa6eAw9AU5qCqv9aLgn_BNxbaOQWf9t3IEBSrwsCkTom0ZD9DLnGai
1780495117892200,30158,eyJhbGciOiJIUzM4NCJ9.eyJzdWIiOiJwZXJmX3VzZXJfMTU0IiwidXNlcklkIjozMDE1OCwiaWF0IjoxNzgwNDk1MDc3LCJleHAiOjE3ODA1MDIyNzd9.2tf2xCyGMgrl8QalQm4lK-z9D89tStdhWuSbu5pOpUUVVJvcq7-F1mJY0ScN8xpC
1780495120168279,30258,eyJhbGciOiJIUzM4NCJ9.eyJzdWIiOiJwZXJmX3VzZXJfMjU0IiwidXNlcklkIjozMDI1OCwiaWF0IjoxNzgwNDk1MDc3LCJleHAiOjE3ODA1MDIyNzd9.F3zhoE524S5U-CN6vDC416MwidOV79x8DZmXbnUEoyVzTyobYNew4jU692XsDxrN
1780495122399886,30358,eyJhbGciOiJIUzM4NCJ9.eyJzdWIiOiJwZXJmX3VzZXJfMzU0IiwidXNlcklkIjozMDM1OCwiaWF0IjoxNzgwNDk1MDc3LCJleHAiOjE3ODA1MDIyNzd9.nGCFB5-YEmwPuYJALHO0u5YxnCn8Z5CpsBHTcL7GWTBZw9gFGPZfY9DFMFAy6Djs
1780495124624826,30458,eyJhbGciOiJIUzM4NCJ9.eyJzdWIiOiJwZXJmX3VzZXJfNDU0IiwidXNlcklkIjozMDQ1OCwiaWF0IjoxNzgwNDk1MDc3LCJleHAiOjE3ODA1MDIyNzd9.jSzY0RKmKxt62etzp5RkN1CHsY4l8RJu5DaB8WjMFjicedzddNOtqdHglrMUUg_o
1780495126897911,30558,eyJhbGciOiJIUzM4NCJ9.eyJzdWIiOiJwZXJmX3VzZXJfNTU0IiwidXNlcklkIjozMDU1OCwiaWF0IjoxNzgwNDk1MDc3LCJleHAiOjE3ODA1MDIyNzd9.y4FwDDBsJ30on9wKgcgiCX3iqSChNB_3B1at-nIK6m-pJn15YVLEsc4bvYAN2q14
1780495129156031,30658,eyJhbGciOiJIUzM4NCJ9.eyJzdWIiOiJwZXJmX3VzZXJfNjU0IiwidXNlcklkIjozMDY1OCwiaWF0IjoxNzgwNDk1MDc3LCJleHAiOjE3ODA1MDIyNzd9.P267aGQj-DPkH63I0nilbNBSM2681iefhUj3OHrMIWuOYR4j88dlMczxspfU96Rx
1780495131432629,30758,eyJhbGciOiJIUzM4NCJ9.eyJzdWIiOiJwZXJmX3VzZXJfNzU0IiwidXNlcklkIjozMDc1OCwiaWF0IjoxNzgwNDk1MDc3LCJleHAiOjE3ODA1MDIyNzd9.5WsHMw-mkgoL1M7Fnh1QChwiJQsqltzbM_jMJ7MjmT0qepWicodRjHkLW33bdnYE
1780495133685802,30858,eyJhbGciOiJIUzM4NCJ9.eyJzdWIiOiJwZXJmX3VzZXJfODU0IiwidXNlcklkIjozMDg1OCwiaWF0IjoxNzgwNDk1MDc3LCJleHAiOjE3ODA1MDIyNzd9.vtZ4zeaai1I5mjsntsNzncDerIytwQnaNI24ckmvxdcM1JPCe8oFa9z-l5NxzNCQ
1780495135919783,30958,eyJhbGciOiJIUzM4NCJ9.eyJzdWIiOiJwZXJmX3VzZXJfOTU0IiwidXNlcklkIjozMDk1OCwiaWF0IjoxNzgwNDk1MDc4LCJleHAiOjE3ODA1MDIyNzh9.GqtOaaTcfAoM0EDR6tzbb3IFHeG2iy0UazrItJaA5yuWyRegK_HlwTO3OVTtEKBb
1780495138276921,31058,eyJhbGciOiJIUzM4NCJ9.eyJzdWIiOiJwZXJmX3VzZXJfMTA1NCIsInVzZXJJZCI6MzEwNTgsImlhdCI6MTc4MDQ5NTA3OCwiZXhwIjoxNzgwNTAyMjc4fQ.z0JD1jkbBdjabNEXNFScPq2hEnDcPCBexsiSao9KnaQWmrnki1CFD5m8s2y7SqzZ
1780495140509003,31158,eyJhbGciOiJIUzM4NCJ9.eyJzdWIiOiJwZXJmX3VzZXJfMTE1NCIsInVzZXJJZCI6MzExNTgsImlhdCI6MTc4MDQ5NTA3OCwiZXhwIjoxNzgwNTAyMjc4fQ.gRJd_J_3AqSTTWxohv7SgetJOWIxH1iqZmL7bpOEqvyPUHikLgvFq3TcaY7OzcN_
1780495142691200,31258,eyJhbGciOiJIUzM4NCJ9.eyJzdWIiOiJwZXJmX3VzZXJfMTI1NCIsInVzZXJJZCI6MzEyNTgsImlhdCI6MTc4MDQ5NTA3OCwiZXhwIjoxNzgwNTAyMjc4fQ.6Y7LtDiKzNCUisNFkBuf8bLAnj4aSCwJcwmI2--G76yuXGH6g3as5wExkJXI-Qhk
1780495144893841,31358,eyJhbGciOiJIUzM4NCJ9.eyJzdWIiOiJwZXJmX3VzZXJfMTM1NCIsInVzZXJJZCI6MzEzNTgsImlhdCI6MTc4MDQ5NTA3OCwiZXhwIjoxNzgwNTAyMjc4fQ.lksmfoi4XC7IABQPdptywK1yyzA-EKntS1cLqQjIfWmtm-cm4vab-3S7wlCO16JA
1780495147099053,31458,eyJhbGciOiJIUzM4NCJ9.eyJzdWIiOiJwZXJmX3VzZXJfMTQ1NCIsInVzZXJJZCI6MzE0NTgsImlhdCI6MTc4MDQ5NTA3OCwiZXhwIjoxNzgwNTAyMjc4fQ.0sWMpdZMGlQ7XeFTCHYyXFCaSrc8c5vslsZcbvQ6TjCGJXj7o-7N0K_U4HAaDgfq
1780495149376540,31558,eyJhbGciOiJIUzM4NCJ9.eyJzdWIiOiJwZXJmX3VzZXJfMTU1NCIsInVzZXJJZCI6MzE1NTgsImlhdCI6MTc4MDQ5NTA3OCwiZXhwIjoxNzgwNTAyMjc4fQ.R_AFxUB58Z1obQ2SZ_nnj7G8rNCbgjWbQ3548KHOxr-pUGEvIgL1PifVPBuVx4ft
1780495115697720,30059,eyJhbGciOiJIUzM4NCJ9.eyJzdWIiOiJwZXJmX3VzZXJfNTUiLCJ1c2VySWQiOjMwMDU5LCJpYXQiOjE3ODA0OTUwNzYsImV4cCI6MTc4MDUwMjI3Nn0.I-F04sLOwSPd3Pa5FNZldlELY2Zyqf0Pw1oPXw7ZU852N_J6Z7zfzO2he-_4lqk5
1780495117892200,30159,eyJhbGciOiJIUzM4NCJ9.eyJzdWIiOiJwZXJmX3VzZXJfMTU1IiwidXNlcklkIjozMDE1OSwiaWF0IjoxNzgwNDk1MDc3LCJleHAiOjE3ODA1MDIyNzd9.RpdM4aPVFpoRAK9IiK21v25-HpM6CHT4mKBxgzi4u51OK2kbwETrgZCtlow6b5K7
1780495120168279,30259,eyJhbGciOiJIUzM4NCJ9.eyJzdWIiOiJwZXJmX3VzZXJfMjU1IiwidXNlcklkIjozMDI1OSwiaWF0IjoxNzgwNDk1MDc3LCJleHAiOjE3ODA1MDIyNzd9.63MumjrvmLER3GmS1inGsmwWBqPlewN9N58BpeyOtzF836uuIKe8sfO5fT84DV0E
1780495122399886,30359,eyJhbGciOiJIUzM4NCJ9.eyJzdWIiOiJwZXJmX3VzZXJfMzU1IiwidXNlcklkIjozMDM1OSwiaWF0IjoxNzgwNDk1MDc3LCJleHAiOjE3ODA1MDIyNzd9.McYyxwemDX_4QqCUoZnsd9bxzBLEn3yae9Xm1ZU3-5SW_kJAGCIHRkX2nvLgnxAo
1780495124624826,30459,eyJhbGciOiJIUzM4NCJ9.eyJzdWIiOiJwZXJmX3VzZXJfNDU1IiwidXNlcklkIjozMDQ1OSwiaWF0IjoxNzgwNDk1MDc3LCJleHAiOjE3ODA1MDIyNzd9.vjDe2vI4fzxA-Dk04-LIF9PzjMgCrXDnxDB8FmQMCqy-1ZLk0VwN1_PgPlsu6mYe
1780495126897911,30559,eyJhbGciOiJIUzM4NCJ9.eyJzdWIiOiJwZXJmX3VzZXJfNTU1IiwidXNlcklkIjozMDU1OSwiaWF0IjoxNzgwNDk1MDc3LCJleHAiOjE3ODA1MDIyNzd9.bzccpjtuX1Wh-EUCY3XhR8BpnmHY0gEQtRed88Ar_C-UIHVA85ajha8Ovkh2xXFJ
1780495129156031,30659,eyJhbGciOiJIUzM4NCJ9.eyJzdWIiOiJwZXJmX3VzZXJfNjU1IiwidXNlcklkIjozMDY1OSwiaWF0IjoxNzgwNDk1MDc3LCJleHAiOjE3ODA1MDIyNzd9.Mx_YDw3btuizVJTSCZtLZUzJpJ9man9Rjk1XFf1G6K8kjBB_Tdx-NF0QapAJVrnd
1780495131432629,30759,eyJhbGciOiJIUzM4NCJ9.eyJzdWIiOiJwZXJmX3VzZXJfNzU1IiwidXNlcklkIjozMDc1OSwiaWF0IjoxNzgwNDk1MDc3LCJleHAiOjE3ODA1MDIyNzd9.Yq6dulbRpi22e3QRXdP_1QrwkFdzX2pqP8byeA3sDFG1jeLVElVrcxs5opMYqIW9
1780495133685802,30859,eyJhbGciOiJIUzM4NCJ9.eyJzdWIiOiJwZXJmX3VzZXJfODU1IiwidXNlcklkIjozMDg1OSwiaWF0IjoxNzgwNDk1MDc3LCJleHAiOjE3ODA1MDIyNzd9.GBGtBsD4TnDlLie5qX7eswCYPfPYdmdxshiZDZXqHnbO-Nv7_hJyjarK6SWfQCtF
1780495135919783,30959,eyJhbGciOiJIUzM4NCJ9.eyJzdWIiOiJwZXJmX3VzZXJfOTU1IiwidXNlcklkIjozMDk1OSwiaWF0IjoxNzgwNDk1MDc4LCJleHAiOjE3ODA1MDIyNzh9.aTibYkqZgzWWXnAzWH8NGLZTqzcTPOt_YnqtHkpk2q6d2aacO_O1Z9VJW1ADFNRv
1780495138276921,31059,eyJhbGciOiJIUzM4NCJ9.eyJzdWIiOiJwZXJmX3VzZXJfMTA1NSIsInVzZXJJZCI6MzEwNTksImlhdCI6MTc4MDQ5NTA3OCwiZXhwIjoxNzgwNTAyMjc4fQ.BSGoTPmpVlVJl0fJ1OrmLAWnBEyT4os_8q6xio2U4gNxEr6KF06pUKNEcdg0Tb_y
1780495140509003,31159,eyJhbGciOiJIUzM4NCJ9.eyJzdWIiOiJwZXJmX3VzZXJfMTE1NSIsInVzZXJJZCI6MzExNTksImlhdCI6MTc4MDQ5NTA3OCwiZXhwIjoxNzgwNTAyMjc4fQ.fogIEL4gYRirkTSaYfg9-NDVPk9rl8Y1HDM-E8CfzGEAMQOUN8NmCcmJpC3xDAPC
1780495142691200,31259,eyJhbGciOiJIUzM4NCJ9.eyJzdWIiOiJwZXJmX3VzZXJfMTI1NSIsInVzZXJJZCI6MzEyNTksImlhdCI6MTc4MDQ5NTA3OCwiZXhwIjoxNzgwNTAyMjc4fQ.-oz9BkFNcvwV1cOM29AmtlYwHccxepmagWuNfwVmCa8z3iUMTOMr7mMsxX3Hrbtv
1780495144893841,31359,eyJhbGciOiJIUzM4NCJ9.eyJzdWIiOiJwZXJmX3VzZXJfMTM1NSIsInVzZXJJZCI6MzEzNTksImlhdCI6MTc4MDQ5NTA3OCwiZXhwIjoxNzgwNTAyMjc4fQ.thHBGQT3ef85L_2SMsE_81RAl_AW9S1bbvOXYqWLuHl8MXI1HnuCOB2wPIVngyCI
1780495147099053,31459,eyJhbGciOiJIUzM4NCJ9.eyJzdWIiOiJwZXJmX3VzZXJfMTQ1NSIsInVzZXJJZCI6MzE0NTksImlhdCI6MTc4MDQ5NTA3OCwiZXhwIjoxNzgwNTAyMjc4fQ.UowtZdQjQC0jh9DCSWnB_WpvwgwtCoFy6VBxVgVEzrtrcBcCBftWtUYJELrYXjwV
1780495149376540,31559,eyJhbGciOiJIUzM4NCJ9.eyJzdWIiOiJwZXJmX3VzZXJfMTU1NSIsInVzZXJJZCI6MzE1NTksImlhdCI6MTc4MDQ5NTA3OCwiZXhwIjoxNzgwNTAyMjc4fQ.tnryEOJTFSlR1DHBA0F7obM0WgeXv4GYgi5ETzB0CaCZN-b6HfnSSxL4H6skolsg
1780495115697720,30060,eyJhbGciOiJIUzM4NCJ9.eyJzdWIiOiJwZXJmX3VzZXJfNTYiLCJ1c2VySWQiOjMwMDYwLCJpYXQiOjE3ODA0OTUwNzYsImV4cCI6MTc4MDUwMjI3Nn0.z5k-uDYVba8lQb9wkcMGlJMaPlbj7L3NBtyFtQezE3tVIpxSW0-y5eO-YtM8qLbv
1780495117892200,30160,eyJhbGciOiJIUzM4NCJ9.eyJzdWIiOiJwZXJmX3VzZXJfMTU2IiwidXNlcklkIjozMDE2MCwiaWF0IjoxNzgwNDk1MDc3LCJleHAiOjE3ODA1MDIyNzd9.KFYHkgWmPrtqYgp1_jOtxs_TSaT5oD-Y-UMDYX4-weUM_R8pulLfyJYrV1zMDhmw
1780495120168279,30260,eyJhbGciOiJIUzM4NCJ9.eyJzdWIiOiJwZXJmX3VzZXJfMjU2IiwidXNlcklkIjozMDI2MCwiaWF0IjoxNzgwNDk1MDc3LCJleHAiOjE3ODA1MDIyNzd9.pZZywWoXmdiaexfdnw9Q9aicpomNHb8xrNtitjT0wdouUCeLTU1LAQ4CZGk_fz0I
1780495122399886,30360,eyJhbGciOiJIUzM4NCJ9.eyJzdWIiOiJwZXJmX3VzZXJfMzU2IiwidXNlcklkIjozMDM2MCwiaWF0IjoxNzgwNDk1MDc3LCJleHAiOjE3ODA1MDIyNzd9.yETF9O53N8av2rBG64efgEhvMQjTMxBMV2G7amWU2oyQun-C7Agmf22NTTdLbAeL
1780495124624826,30460,eyJhbGciOiJIUzM4NCJ9.eyJzdWIiOiJwZXJmX3VzZXJfNDU2IiwidXNlcklkIjozMDQ2MCwiaWF0IjoxNzgwNDk1MDc3LCJleHAiOjE3ODA1MDIyNzd9.8-UXD3ad6Q-fBvmpxYK7oOGELqD8I8xYZeMEqm4xBcDc-TnjrZOrhqjlly2S1aPm
1780495126897911,30560,eyJhbGciOiJIUzM4NCJ9.eyJzdWIiOiJwZXJmX3VzZXJfNTU2IiwidXNlcklkIjozMDU2MCwiaWF0IjoxNzgwNDk1MDc3LCJleHAiOjE3ODA1MDIyNzd9.7eFk5SAJSEY6qDLFalErwRckex3hfuBrw6pIg2qTMvoLkth01tXCVIbWFeX_CUXK
1780495129156031,30660,eyJhbGciOiJIUzM4NCJ9.eyJzdWIiOiJwZXJmX3VzZXJfNjU2IiwidXNlcklkIjozMDY2MCwiaWF0IjoxNzgwNDk1MDc3LCJleHAiOjE3ODA1MDIyNzd9.a9cBFkyllCfMrLaZsW7h4QRiScx2KDRTqvW46yYSSpEW1WmBZhfCJXSeiwX-K_av
1780495131432629,30760,eyJhbGciOiJIUzM4NCJ9.eyJzdWIiOiJwZXJmX3VzZXJfNzU2IiwidXNlcklkIjozMDc2MCwiaWF0IjoxNzgwNDk1MDc3LCJleHAiOjE3ODA1MDIyNzd9.J7mF8qv-j_utEfqcFxyVvErij6SsuoREwTFD1asjyYMQnW07MNeJBzGGuHHwUBCM
1780495133685802,30860,eyJhbGciOiJIUzM4NCJ9.eyJzdWIiOiJwZXJmX3VzZXJfODU2IiwidXNlcklkIjozMDg2MCwiaWF0IjoxNzgwNDk1MDc3LCJleHAiOjE3ODA1MDIyNzd9.ndTtVA3NDlm7fugrMxH0trxT5YbR3Psw6f-UNYNsPMhtdGhzT1En96f575BwFkRy
1780495135919783,30960,eyJhbGciOiJIUzM4NCJ9.eyJzdWIiOiJwZXJmX3VzZXJfOTU2IiwidXNlcklkIjozMDk2MCwiaWF0IjoxNzgwNDk1MDc4LCJleHAiOjE3ODA1MDIyNzh9.1ykySSx8-_6jeAOgCTEH1bkbXIIvBw9M2DcwvNOWo_2pogjktWGVEq66Dg6YP9Nl
1780495138276921,31060,eyJhbGciOiJIUzM4NCJ9.eyJzdWIiOiJwZXJmX3VzZXJfMTA1NiIsInVzZXJJZCI6MzEwNjAsImlhdCI6MTc4MDQ5NTA3OCwiZXhwIjoxNzgwNTAyMjc4fQ.kAyFz2zCDf2EKQYw8hmIVqrBxSKJUQJTJoTihQ6T9TsogKglFS21TMgLTymANmfC
1780495140509003,31160,eyJhbGciOiJIUzM4NCJ9.eyJzdWIiOiJwZXJmX3VzZXJfMTE1NiIsInVzZXJJZCI6MzExNjAsImlhdCI6MTc4MDQ5NTA3OCwiZXhwIjoxNzgwNTAyMjc4fQ.yNv-vzohYpS12IvXRq46048sLPpGpbdH4-tgsNRSPfc70dijS5LIVhAwRQ5cw8mY
1780495142691200,31260,eyJhbGciOiJIUzM4NCJ9.eyJzdWIiOiJwZXJmX3VzZXJfMTI1NiIsInVzZXJJZCI6MzEyNjAsImlhdCI6MTc4MDQ5NTA3OCwiZXhwIjoxNzgwNTAyMjc4fQ.7dXGC5P3upU4-gy4ck-N8P4Hz618fzm6uCXqpSNOTwGlYl7mofRNZIo-oFDuucua
1780495144893841,31360,eyJhbGciOiJIUzM4NCJ9.eyJzdWIiOiJwZXJmX3VzZXJfMTM1NiIsInVzZXJJZCI6MzEzNjAsImlhdCI6MTc4MDQ5NTA3OCwiZXhwIjoxNzgwNTAyMjc4fQ.e-PHgHCGmbcIF7-X0JWsdVlaqOKREue-TxoxINqjbVpgWyx9VKJzMqGA1iyYSG7F
1780495147099053,31460,eyJhbGciOiJIUzM4NCJ9.eyJzdWIiOiJwZXJmX3VzZXJfMTQ1NiIsInVzZXJJZCI6MzE0NjAsImlhdCI6MTc4MDQ5NTA3OCwiZXhwIjoxNzgwNTAyMjc4fQ.znbddOnKuxZsqtb25uy9QRyAJPkx_VCjhmN1otDDSDcVbnZtjZWPGUaF4PAk0cZk
1780495149376540,31560,eyJhbGciOiJIUzM4NCJ9.eyJzdWIiOiJwZXJmX3VzZXJfMTU1NiIsInVzZXJJZCI6MzE1NjAsImlhdCI6MTc4MDQ5NTA3OCwiZXhwIjoxNzgwNTAyMjc4fQ.pvU3rf-nG1nBS1EijJb-eD8r57p2DTfeT7_leQ3-vGJgCfc8Q0gAaTssiT5XPd0h
1780495115697720,30061,eyJhbGciOiJIUzM4NCJ9.eyJzdWIiOiJwZXJmX3VzZXJfNTciLCJ1c2VySWQiOjMwMDYxLCJpYXQiOjE3ODA0OTUwNzYsImV4cCI6MTc4MDUwMjI3Nn0.bqocjSPOqIjhhIIR-oTwLGtxVqm3Dhzlu2upaIt1IIoCQDxEdDXJn5kb3LtMCjNe
1780495117892200,30161,eyJhbGciOiJIUzM4NCJ9.eyJzdWIiOiJwZXJmX3VzZXJfMTU3IiwidXNlcklkIjozMDE2MSwiaWF0IjoxNzgwNDk1MDc3LCJleHAiOjE3ODA1MDIyNzd9.4LfUX0TbiIKg60MiwVOZOqXlhool_K-XcBQ5fhLt9CHcSGTOS9VoUtC3B94rt-ga
1780495120168279,30261,eyJhbGciOiJIUzM4NCJ9.eyJzdWIiOiJwZXJmX3VzZXJfMjU3IiwidXNlcklkIjozMDI2MSwiaWF0IjoxNzgwNDk1MDc3LCJleHAiOjE3ODA1MDIyNzd9.2A04Evj8SnMPAUuYKHP9rLXPXdtJtakaqlvf_L7xUxCtUlPmAnQOuCdXu9Ecy1mH
1780495122399886,30361,eyJhbGciOiJIUzM4NCJ9.eyJzdWIiOiJwZXJmX3VzZXJfMzU3IiwidXNlcklkIjozMDM2MSwiaWF0IjoxNzgwNDk1MDc3LCJleHAiOjE3ODA1MDIyNzd9.P7CSFDcKhRrG5vPZ3YukdjhTNvsJbZFhh91BTzqpsoq6HTNfO7bauGt3rm_hvzwz
1780495124624826,30461,eyJhbGciOiJIUzM4NCJ9.eyJzdWIiOiJwZXJmX3VzZXJfNDU3IiwidXNlcklkIjozMDQ2MSwiaWF0IjoxNzgwNDk1MDc3LCJleHAiOjE3ODA1MDIyNzd9.B9TyqIwnVVLE3V5IhgMSkhw70M_UeZOTQsiQRMMJg811WngLVeLN0tFk0DTdWgMy
1780495126897911,30561,eyJhbGciOiJIUzM4NCJ9.eyJzdWIiOiJwZXJmX3VzZXJfNTU3IiwidXNlcklkIjozMDU2MSwiaWF0IjoxNzgwNDk1MDc3LCJleHAiOjE3ODA1MDIyNzd9.qk-ZyHukOML7zd7XRc5q6XrfZWL1y-ufucsIoZNfq5Uncd8dkTSlivwCltnI9CX4
1780495129156031,30661,eyJhbGciOiJIUzM4NCJ9.eyJzdWIiOiJwZXJmX3VzZXJfNjU3IiwidXNlcklkIjozMDY2MSwiaWF0IjoxNzgwNDk1MDc3LCJleHAiOjE3ODA1MDIyNzd9.zGSk6LkxjgmLly2n88HDYD3bnU21Ya7W_G5H8xjvLMoyBl4aFJhEVGDd4eyIG4Wz
1780495131432629,30761,eyJhbGciOiJIUzM4NCJ9.eyJzdWIiOiJwZXJmX3VzZXJfNzU3IiwidXNlcklkIjozMDc2MSwiaWF0IjoxNzgwNDk1MDc3LCJleHAiOjE3ODA1MDIyNzd9.6qcSUbavJSh6z142zmYrM9tU-FScLde7uDHFxZSyfGmx976VBNCuqh-Sn7peB_rn
1780495133685802,30861,eyJhbGciOiJIUzM4NCJ9.eyJzdWIiOiJwZXJmX3VzZXJfODU3IiwidXNlcklkIjozMDg2MSwiaWF0IjoxNzgwNDk1MDc3LCJleHAiOjE3ODA1MDIyNzd9.215HUlaxozY6a_Rf53K-2MIMuYurizpr-NDr-DANGrF4iZA2IoeBb4PRV2C3U-gT
1780495135919783,30961,eyJhbGciOiJIUzM4NCJ9.eyJzdWIiOiJwZXJmX3VzZXJfOTU3IiwidXNlcklkIjozMDk2MSwiaWF0IjoxNzgwNDk1MDc4LCJleHAiOjE3ODA1MDIyNzh9.Z3E6JjwvijJqtG5CaK3ICwdT6Al2y-Yka7cWpTy5xN0avMdWCf9LbJzqMVU7Y9SK
1780495138276921,31061,eyJhbGciOiJIUzM4NCJ9.eyJzdWIiOiJwZXJmX3VzZXJfMTA1NyIsInVzZXJJZCI6MzEwNjEsImlhdCI6MTc4MDQ5NTA3OCwiZXhwIjoxNzgwNTAyMjc4fQ.rvECxy1Vy6s-rOxFMZUvjKijdRAUwklpqKgt4K_2oCvVPCf3Bnrx0fnvt605-mBE
1780495140509003,31161,eyJhbGciOiJIUzM4NCJ9.eyJzdWIiOiJwZXJmX3VzZXJfMTE1NyIsInVzZXJJZCI6MzExNjEsImlhdCI6MTc4MDQ5NTA3OCwiZXhwIjoxNzgwNTAyMjc4fQ.rUqSTY8KgA_Ghwh2GN-viCu5yaWG1tfTkgpdbDbBFWNVCyI958cS4B46SYlVlNz7
1780495142691200,31261,eyJhbGciOiJIUzM4NCJ9.eyJzdWIiOiJwZXJmX3VzZXJfMTI1NyIsInVzZXJJZCI6MzEyNjEsImlhdCI6MTc4MDQ5NTA3OCwiZXhwIjoxNzgwNTAyMjc4fQ.dCVwoPhjEAcSAmYqdkeLkUimHwFmec6g1VAm3HjFGLwgm6CeRRuIz6_6deG742Py
1780495144893841,31361,eyJhbGciOiJIUzM4NCJ9.eyJzdWIiOiJwZXJmX3VzZXJfMTM1NyIsInVzZXJJZCI6MzEzNjEsImlhdCI6MTc4MDQ5NTA3OCwiZXhwIjoxNzgwNTAyMjc4fQ.wDusN99x3jsoRIv7LcgE2_CfqCvPAWxOjL36Aevey5t2DybEe9vYDbabyXU2dM4h
1780495147099053,31461,eyJhbGciOiJIUzM4NCJ9.eyJzdWIiOiJwZXJmX3VzZXJfMTQ1NyIsInVzZXJJZCI6MzE0NjEsImlhdCI6MTc4MDQ5NTA3OCwiZXhwIjoxNzgwNTAyMjc4fQ.M7q3ADCqlGmMyqVtM1vHYqumlRr5EkflVTJBYnW9eG6pzNPb3dqV3oiW72S_0OL4
1780495149376540,31561,eyJhbGciOiJIUzM4NCJ9.eyJzdWIiOiJwZXJmX3VzZXJfMTU1NyIsInVzZXJJZCI6MzE1NjEsImlhdCI6MTc4MDQ5NTA3OCwiZXhwIjoxNzgwNTAyMjc4fQ.RS6Fzq5reE2WZNPxlhJ4ZmkQn7yO8gS4ac5o4HjojK23EYIDSVHfxxUDU1Xvno9m
1780495115697720,30062,eyJhbGciOiJIUzM4NCJ9.eyJzdWIiOiJwZXJmX3VzZXJfNTgiLCJ1c2VySWQiOjMwMDYyLCJpYXQiOjE3ODA0OTUwNzYsImV4cCI6MTc4MDUwMjI3Nn0.v_3w0B2R8i8WS0vCW2i-_QitjqBIC0T1Kbdg2R26vUOHRXprOClfs9rSf3nOAZLa
1780495117892200,30162,eyJhbGciOiJIUzM4NCJ9.eyJzdWIiOiJwZXJmX3VzZXJfMTU4IiwidXNlcklkIjozMDE2MiwiaWF0IjoxNzgwNDk1MDc3LCJleHAiOjE3ODA1MDIyNzd9.r5YRcik3rrzePt1cuJANSiYxe7yk2Sf65rvfB_PL-5J9JLP_EJZObmoXXpkoyoTu
1780495120168279,30262,eyJhbGciOiJIUzM4NCJ9.eyJzdWIiOiJwZXJmX3VzZXJfMjU4IiwidXNlcklkIjozMDI2MiwiaWF0IjoxNzgwNDk1MDc3LCJleHAiOjE3ODA1MDIyNzd9.etpOUTB-zLzPmg17HnHHM_jbzJ256oCvlToaa3a6pCfaBCansnl1Ga7_21zZEi73
1780495122399886,30362,eyJhbGciOiJIUzM4NCJ9.eyJzdWIiOiJwZXJmX3VzZXJfMzU4IiwidXNlcklkIjozMDM2MiwiaWF0IjoxNzgwNDk1MDc3LCJleHAiOjE3ODA1MDIyNzd9.Ky3LmxaL5d9L8pLWNWjtTyCTMOyA2Xj4sfcsEkkcoQZQsQzi_b_WI0RN6yPlAjTY
1780495124624826,30462,eyJhbGciOiJIUzM4NCJ9.eyJzdWIiOiJwZXJmX3VzZXJfNDU4IiwidXNlcklkIjozMDQ2MiwiaWF0IjoxNzgwNDk1MDc3LCJleHAiOjE3ODA1MDIyNzd9.j7sE47rjzPZmobFT_dcl3FQUAG89ad-9MJqy3P2kgFFUIR_eETU2PBI_a4EK4gg-
1780495126897911,30562,eyJhbGciOiJIUzM4NCJ9.eyJzdWIiOiJwZXJmX3VzZXJfNTU4IiwidXNlcklkIjozMDU2MiwiaWF0IjoxNzgwNDk1MDc3LCJleHAiOjE3ODA1MDIyNzd9.n-el9gBsd8jWrWtu70PSt65fwIp4TpWbeCejoTUOZfyBIkv7CRkUwAk4QpOcyr19
1780495129156031,30662,eyJhbGciOiJIUzM4NCJ9.eyJzdWIiOiJwZXJmX3VzZXJfNjU4IiwidXNlcklkIjozMDY2MiwiaWF0IjoxNzgwNDk1MDc3LCJleHAiOjE3ODA1MDIyNzd9.9U8RnLxF2VcvhQ3fc9ei6HLPfT4-huTj_uTpw9JkzpRg04BEIA0djoqHtS7xNyjW
1780495131432629,30762,eyJhbGciOiJIUzM4NCJ9.eyJzdWIiOiJwZXJmX3VzZXJfNzU4IiwidXNlcklkIjozMDc2MiwiaWF0IjoxNzgwNDk1MDc3LCJleHAiOjE3ODA1MDIyNzd9.2GtU5C1ws3kZ_HbyVd5rDJPjwYMivQGNuTD1EZ9Ai7sK5nEt35vakJdtGiBXbwwe
1780495133685802,30862,eyJhbGciOiJIUzM4NCJ9.eyJzdWIiOiJwZXJmX3VzZXJfODU4IiwidXNlcklkIjozMDg2MiwiaWF0IjoxNzgwNDk1MDc3LCJleHAiOjE3ODA1MDIyNzd9.Wz9J-jCyg7UXZEJkLnHFsVPfJSvul6OHokyxCB8q_ZtzbFq6P4JwqsRwUrrHWDnL
1780495135919783,30962,eyJhbGciOiJIUzM4NCJ9.eyJzdWIiOiJwZXJmX3VzZXJfOTU4IiwidXNlcklkIjozMDk2MiwiaWF0IjoxNzgwNDk1MDc4LCJleHAiOjE3ODA1MDIyNzh9.7o41mxSJNFVDDXYTj8jSsqzE3si8JywX6aRD4rn558xRW76wW73ig8VzZO_hWGws
1780495138276921,31062,eyJhbGciOiJIUzM4NCJ9.eyJzdWIiOiJwZXJmX3VzZXJfMTA1OCIsInVzZXJJZCI6MzEwNjIsImlhdCI6MTc4MDQ5NTA3OCwiZXhwIjoxNzgwNTAyMjc4fQ.Dvm7gmYFQgBMYB3E878XDy9aZ4up3KoBzYcOwLNzX0N6ZMM_CFla_iqErRDn_JZG
1780495140509003,31162,eyJhbGciOiJIUzM4NCJ9.eyJzdWIiOiJwZXJmX3VzZXJfMTE1OCIsInVzZXJJZCI6MzExNjIsImlhdCI6MTc4MDQ5NTA3OCwiZXhwIjoxNzgwNTAyMjc4fQ.ztwIk4M7IlUtL8dLKhp7r7D3iDsPkK380a6-Y0ZDkYdPsIsvte-F01J1bI6G7kFh
1780495142691200,31262,eyJhbGciOiJIUzM4NCJ9.eyJzdWIiOiJwZXJmX3VzZXJfMTI1OCIsInVzZXJJZCI6MzEyNjIsImlhdCI6MTc4MDQ5NTA3OCwiZXhwIjoxNzgwNTAyMjc4fQ.dPSh21v2onMowtlBsUiEanP0DnvgWdf5fwHa9Bw701bjR3u3_-LCqaVsgu9HHcge
1780495144893841,31362,eyJhbGciOiJIUzM4NCJ9.eyJzdWIiOiJwZXJmX3VzZXJfMTM1OCIsInVzZXJJZCI6MzEzNjIsImlhdCI6MTc4MDQ5NTA3OCwiZXhwIjoxNzgwNTAyMjc4fQ.pkwMYt2-5UQdc5HujySlOoUiEKc-lfgSt06iWQ7qEDZgS4jynAjfxYyKKkL-z5mh
1780495147099053,31462,eyJhbGciOiJIUzM4NCJ9.eyJzdWIiOiJwZXJmX3VzZXJfMTQ1OCIsInVzZXJJZCI6MzE0NjIsImlhdCI6MTc4MDQ5NTA3OCwiZXhwIjoxNzgwNTAyMjc4fQ.22q71IG53Hopa9Gom73Ssxyq59Xz-B9eymoPRWdA3DT5u0rOsOfmzSizeEi1MST1
1780495149376540,31562,eyJhbGciOiJIUzM4NCJ9.eyJzdWIiOiJwZXJmX3VzZXJfMTU1OCIsInVzZXJJZCI6MzE1NjIsImlhdCI6MTc4MDQ5NTA3OCwiZXhwIjoxNzgwNTAyMjc4fQ.q7GH4rc9ogeiyXPk0LmaFNVU-KQbaYzUktfCANR2hTHTGeOYrcOrWmcUQNrEnt18
1780495115697720,30063,eyJhbGciOiJIUzM4NCJ9.eyJzdWIiOiJwZXJmX3VzZXJfNTkiLCJ1c2VySWQiOjMwMDYzLCJpYXQiOjE3ODA0OTUwNzYsImV4cCI6MTc4MDUwMjI3Nn0.RFL5miFozb-K3k0qjRsyg3e3rRrjtGE-0fT8S63YSBC-Wjvpg1AWFXEWlcqZC94-
1780495117892200,30163,eyJhbGciOiJIUzM4NCJ9.eyJzdWIiOiJwZXJmX3VzZXJfMTU5IiwidXNlcklkIjozMDE2MywiaWF0IjoxNzgwNDk1MDc3LCJleHAiOjE3ODA1MDIyNzd9.fTAjcIfZTYHoM-i2ZYl-r-YJAfHoouVX0hrxMNjU08TGAyEMUvYauUrtXCVXkbv3
1780495120168279,30263,eyJhbGciOiJIUzM4NCJ9.eyJzdWIiOiJwZXJmX3VzZXJfMjU5IiwidXNlcklkIjozMDI2MywiaWF0IjoxNzgwNDk1MDc3LCJleHAiOjE3ODA1MDIyNzd9.rS_9slN3pgnH_p7YI1ZJuLzv_r3pToNIJnUrbQdHsK5w8KLqgcNqi89DG8mKdj_h
1780495122399886,30363,eyJhbGciOiJIUzM4NCJ9.eyJzdWIiOiJwZXJmX3VzZXJfMzU5IiwidXNlcklkIjozMDM2MywiaWF0IjoxNzgwNDk1MDc3LCJleHAiOjE3ODA1MDIyNzd9.qZU5ZrVk4dXDCPKmuTqzzTLD4icc-P2TSEDTvd_6Rd5fCXxjxbnHQGDmIBpOkJu_
1780495124624826,30463,eyJhbGciOiJIUzM4NCJ9.eyJzdWIiOiJwZXJmX3VzZXJfNDU5IiwidXNlcklkIjozMDQ2MywiaWF0IjoxNzgwNDk1MDc3LCJleHAiOjE3ODA1MDIyNzd9.Gs51KoAr1_b5FOM8VIPXWKk6ZCLiYzIcgBWh-cB6v7qfpqme0HfEIveYmzvPpHVz
1780495126897911,30563,eyJhbGciOiJIUzM4NCJ9.eyJzdWIiOiJwZXJmX3VzZXJfNTU5IiwidXNlcklkIjozMDU2MywiaWF0IjoxNzgwNDk1MDc3LCJleHAiOjE3ODA1MDIyNzd9.TiOmnvX_HKNB1Y-O2hJBsAJfNNlqeSLleSSEcHz3fPfckgDfFh4IJrRS850FpOat
1780495129156031,30663,eyJhbGciOiJIUzM4NCJ9.eyJzdWIiOiJwZXJmX3VzZXJfNjU5IiwidXNlcklkIjozMDY2MywiaWF0IjoxNzgwNDk1MDc3LCJleHAiOjE3ODA1MDIyNzd9.vMAxF9OakoH2xSUgEyI5qq5TTtJKdKKT2tplJXYHGo207wkOWbMnXLUtm0ff7dF1
1780495131432629,30763,eyJhbGciOiJIUzM4NCJ9.eyJzdWIiOiJwZXJmX3VzZXJfNzU5IiwidXNlcklkIjozMDc2MywiaWF0IjoxNzgwNDk1MDc3LCJleHAiOjE3ODA1MDIyNzd9.Qx_sTfVSDyNGjAqkSKAQE1H6Z35T6nQrQauNuAo8Ct8uXv3Bnb_Y0m-QgicEEHOD
1780495133685802,30863,eyJhbGciOiJIUzM4NCJ9.eyJzdWIiOiJwZXJmX3VzZXJfODU5IiwidXNlcklkIjozMDg2MywiaWF0IjoxNzgwNDk1MDc4LCJleHAiOjE3ODA1MDIyNzh9.uIreCUy1U4zadyYqBkmfBiUNFURPs88lEloZ9Q0gEaDFkJc-Mf5KE3BMX3ivcrOQ
1780495135919783,30963,eyJhbGciOiJIUzM4NCJ9.eyJzdWIiOiJwZXJmX3VzZXJfOTU5IiwidXNlcklkIjozMDk2MywiaWF0IjoxNzgwNDk1MDc4LCJleHAiOjE3ODA1MDIyNzh9.zS4jNQqg4uNmp_FzUz0Vg6QPlMSMUYV4HcEAgt3cibkzlvIe7-hr2s9IJ40U-Xrk
1780495138276921,31063,eyJhbGciOiJIUzM4NCJ9.eyJzdWIiOiJwZXJmX3VzZXJfMTA1OSIsInVzZXJJZCI6MzEwNjMsImlhdCI6MTc4MDQ5NTA3OCwiZXhwIjoxNzgwNTAyMjc4fQ.njtE7lmlBbZgRiK3NqB7ouUtqoTYSQwGDFcaCT9PHB2lYUWQnwUO3Nu0MWIFYaoH
1780495140509003,31163,eyJhbGciOiJIUzM4NCJ9.eyJzdWIiOiJwZXJmX3VzZXJfMTE1OSIsInVzZXJJZCI6MzExNjMsImlhdCI6MTc4MDQ5NTA3OCwiZXhwIjoxNzgwNTAyMjc4fQ.OO3q5eE8C2zrOPtKnBdbFdpIiEwzdcRvsaL2eCjLisjCY0A7jUGOww0LNbeoqpW2
1780495142691200,31263,eyJhbGciOiJIUzM4NCJ9.eyJzdWIiOiJwZXJmX3VzZXJfMTI1OSIsInVzZXJJZCI6MzEyNjMsImlhdCI6MTc4MDQ5NTA3OCwiZXhwIjoxNzgwNTAyMjc4fQ.cz-Nr9GoLRyhlEO9lZxPcGl_7OXtQTsUrdJGU-i1h4V2EDW0C7LMA5Eo8BWhQd19
1780495144893841,31363,eyJhbGciOiJIUzM4NCJ9.eyJzdWIiOiJwZXJmX3VzZXJfMTM1OSIsInVzZXJJZCI6MzEzNjMsImlhdCI6MTc4MDQ5NTA3OCwiZXhwIjoxNzgwNTAyMjc4fQ.MwB20St2CNrCLER2KGicAiQekTWAKVlPpXjTuXE6wICyMOYdT-_BeCVgG_jXHDkC
1780495147099053,31463,eyJhbGciOiJIUzM4NCJ9.eyJzdWIiOiJwZXJmX3VzZXJfMTQ1OSIsInVzZXJJZCI6MzE0NjMsImlhdCI6MTc4MDQ5NTA3OCwiZXhwIjoxNzgwNTAyMjc4fQ.HHaL9tXavjqQx3BvLXBFvba1SUzA0vFHzg1WVQnDUAkwb6dfWaMMmW922J-Kl5ml
1780495149376540,31563,eyJhbGciOiJIUzM4NCJ9.eyJzdWIiOiJwZXJmX3VzZXJfMTU1OSIsInVzZXJJZCI6MzE1NjMsImlhdCI6MTc4MDQ5NTA3OCwiZXhwIjoxNzgwNTAyMjc4fQ.LxjtcOZ4fvqajTDuZ5FT_VXeJbpzKU4xdmwRJaFjSuJ7avCuzQm5m7bEY2jdU-ZA
1780495115697720,30064,eyJhbGciOiJIUzM4NCJ9.eyJzdWIiOiJwZXJmX3VzZXJfNjAiLCJ1c2VySWQiOjMwMDY0LCJpYXQiOjE3ODA0OTUwNzYsImV4cCI6MTc4MDUwMjI3Nn0.Oi39qOpFNvJeOJYfQnw8ITYIGvvlECQS09TGSR8c8k0xxkPSKAIdGoRZp8dthU3h
1780495117892200,30164,eyJhbGciOiJIUzM4NCJ9.eyJzdWIiOiJwZXJmX3VzZXJfMTYwIiwidXNlcklkIjozMDE2NCwiaWF0IjoxNzgwNDk1MDc3LCJleHAiOjE3ODA1MDIyNzd9.PWZc5FXqr9zryaRfacY9WS-RSURGKfMfPkU2LnM_HfaY2Dq5ZHNmwZj0oDCDP3N8
1780495120168279,30264,eyJhbGciOiJIUzM4NCJ9.eyJzdWIiOiJwZXJmX3VzZXJfMjYwIiwidXNlcklkIjozMDI2NCwiaWF0IjoxNzgwNDk1MDc3LCJleHAiOjE3ODA1MDIyNzd9.DGLKQAmgbEGawqY6LTqkj5LRK6NWhMfx6rL9EjVh4vRm_8mXWEo8GJNe06gX3O6l
1780495122399886,30364,eyJhbGciOiJIUzM4NCJ9.eyJzdWIiOiJwZXJmX3VzZXJfMzYwIiwidXNlcklkIjozMDM2NCwiaWF0IjoxNzgwNDk1MDc3LCJleHAiOjE3ODA1MDIyNzd9.--qhtgExQnDDGmSQDyTWe3X80ht4yngFseoRA6wFHoCLXgnLlhaadchpBKBuOc6T
1780495124624826,30464,eyJhbGciOiJIUzM4NCJ9.eyJzdWIiOiJwZXJmX3VzZXJfNDYwIiwidXNlcklkIjozMDQ2NCwiaWF0IjoxNzgwNDk1MDc3LCJleHAiOjE3ODA1MDIyNzd9.2CgkAFtt92RfvCwPTXkuShbfeNy_4gA_3pwroMzAPbjHV39ZX1rELD6-1pbJT4QH
1780495126897911,30564,eyJhbGciOiJIUzM4NCJ9.eyJzdWIiOiJwZXJmX3VzZXJfNTYwIiwidXNlcklkIjozMDU2NCwiaWF0IjoxNzgwNDk1MDc3LCJleHAiOjE3ODA1MDIyNzd9.-V0bmSVxgaRvXduahtIeWmZIBG99nLT5rYzUnUUaAQb71ilG8d0czO7qBA_dRS4n
1780495129156031,30664,eyJhbGciOiJIUzM4NCJ9.eyJzdWIiOiJwZXJmX3VzZXJfNjYwIiwidXNlcklkIjozMDY2NCwiaWF0IjoxNzgwNDk1MDc3LCJleHAiOjE3ODA1MDIyNzd9.qWEb4pZgmgtID-CtG5JxePOJrdtgAl99at1p-fvhLlB7Iau1E8KQQeLnOiIJnGOO
1780495131432629,30764,eyJhbGciOiJIUzM4NCJ9.eyJzdWIiOiJwZXJmX3VzZXJfNzYwIiwidXNlcklkIjozMDc2NCwiaWF0IjoxNzgwNDk1MDc3LCJleHAiOjE3ODA1MDIyNzd9.gl8nuJGk89k0toKNw5y9Xg9O9W2xEMJH9xqRdaKXmWvJpmQmAAfQtLrDhJJMajim
1780495133685802,30864,eyJhbGciOiJIUzM4NCJ9.eyJzdWIiOiJwZXJmX3VzZXJfODYwIiwidXNlcklkIjozMDg2NCwiaWF0IjoxNzgwNDk1MDc4LCJleHAiOjE3ODA1MDIyNzh9.ZIxJgtl3PpDFo7CaBscor_0QX_CSDcywT66iHdLFLubEg90IFnhsZwVImbPyhwCq
1780495135919783,30964,eyJhbGciOiJIUzM4NCJ9.eyJzdWIiOiJwZXJmX3VzZXJfOTYwIiwidXNlcklkIjozMDk2NCwiaWF0IjoxNzgwNDk1MDc4LCJleHAiOjE3ODA1MDIyNzh9.RoqKYY5Mct3wejQI1XoW87ZJLP7xhoHfWXtH-MndTkj8xlDVTpbQJVppeJwGutfe
1780495138276921,31064,eyJhbGciOiJIUzM4NCJ9.eyJzdWIiOiJwZXJmX3VzZXJfMTA2MCIsInVzZXJJZCI6MzEwNjQsImlhdCI6MTc4MDQ5NTA3OCwiZXhwIjoxNzgwNTAyMjc4fQ._mxULh09OWHFXnc4znHHX8ym3GK0kf5O6DI_e0ep71xHLBagd80eKuTOHmMwYhYS
1780495140509003,31164,eyJhbGciOiJIUzM4NCJ9.eyJzdWIiOiJwZXJmX3VzZXJfMTE2MCIsInVzZXJJZCI6MzExNjQsImlhdCI6MTc4MDQ5NTA3OCwiZXhwIjoxNzgwNTAyMjc4fQ.uRPv2dml_OrBh8O67S9VJKSXt8sAKrmGsbciSurWO52Sv5VxZZ5wExZ4tXb5PE5I
1780495142691200,31264,eyJhbGciOiJIUzM4NCJ9.eyJzdWIiOiJwZXJmX3VzZXJfMTI2MCIsInVzZXJJZCI6MzEyNjQsImlhdCI6MTc4MDQ5NTA3OCwiZXhwIjoxNzgwNTAyMjc4fQ.pwaYk8TX0S6OeZYOLy-4omOe_0hzL0VXJrRM6NsxR9V6KGBmXA7D0T1MgF-yC_TM
1780495144893841,31364,eyJhbGciOiJIUzM4NCJ9.eyJzdWIiOiJwZXJmX3VzZXJfMTM2MCIsInVzZXJJZCI6MzEzNjQsImlhdCI6MTc4MDQ5NTA3OCwiZXhwIjoxNzgwNTAyMjc4fQ.bF_vX7LDOCvXxLAiu9hKDjMVffBgk5T2DniQrDaxafbK_yFuM8Zv-LUVH_VH2vnZ
1780495147099053,31464,eyJhbGciOiJIUzM4NCJ9.eyJzdWIiOiJwZXJmX3VzZXJfMTQ2MCIsInVzZXJJZCI6MzE0NjQsImlhdCI6MTc4MDQ5NTA3OCwiZXhwIjoxNzgwNTAyMjc4fQ.dGGabKo_Ta97Q2YmIJNo3ASFVa7dJSpny9_0iv2s5saMmarLY7hf-NLJifkWoZPj
1780495149376540,31564,eyJhbGciOiJIUzM4NCJ9.eyJzdWIiOiJwZXJmX3VzZXJfMTU2MCIsInVzZXJJZCI6MzE1NjQsImlhdCI6MTc4MDQ5NTA3OCwiZXhwIjoxNzgwNTAyMjc4fQ.C2C_EAt6POcWIyRxsnOr8bshpGfmYPeQWCfeyH6VNtEeTIB-5k3II4hrwnhpLlNP
1780495115697720,30065,eyJhbGciOiJIUzM4NCJ9.eyJzdWIiOiJwZXJmX3VzZXJfNjEiLCJ1c2VySWQiOjMwMDY1LCJpYXQiOjE3ODA0OTUwNzYsImV4cCI6MTc4MDUwMjI3Nn0.RKQaPhrnZnfBC7gm2E_hBuKLK6aL4ZOVcBowr5I6B2CS53YY-AHIqBNUReRKsevX
1780495117892200,30165,eyJhbGciOiJIUzM4NCJ9.eyJzdWIiOiJwZXJmX3VzZXJfMTYxIiwidXNlcklkIjozMDE2NSwiaWF0IjoxNzgwNDk1MDc3LCJleHAiOjE3ODA1MDIyNzd9.7pYt1MrUJQRwVaXDIB0THqfe_vk82rd8qPp1m3BznzMFGs5N1jz_UokTGvTdjl5Z
1780495120168279,30265,eyJhbGciOiJIUzM4NCJ9.eyJzdWIiOiJwZXJmX3VzZXJfMjYxIiwidXNlcklkIjozMDI2NSwiaWF0IjoxNzgwNDk1MDc3LCJleHAiOjE3ODA1MDIyNzd9.NezNYw2NCYI5SpcVZQ7zOfFfirW8WXL5mUymQLG9vqwrk4akU4ase1VRLvSntQko
1780495122399886,30365,eyJhbGciOiJIUzM4NCJ9.eyJzdWIiOiJwZXJmX3VzZXJfMzYxIiwidXNlcklkIjozMDM2NSwiaWF0IjoxNzgwNDk1MDc3LCJleHAiOjE3ODA1MDIyNzd9.zqOJc-K5UKjp9W-UtjoVg4fSwHzMzLax1xrrRrwuOspf49A8oQgESDllhQz4gnlX
1780495124624826,30465,eyJhbGciOiJIUzM4NCJ9.eyJzdWIiOiJwZXJmX3VzZXJfNDYxIiwidXNlcklkIjozMDQ2NSwiaWF0IjoxNzgwNDk1MDc3LCJleHAiOjE3ODA1MDIyNzd9.1qLzVtafTEzkaUKPL8T73SF0g0KLQWRFIJN1hKTx7PldxLJufFyN4Z6kLtPnxZB8
1780495126897911,30565,eyJhbGciOiJIUzM4NCJ9.eyJzdWIiOiJwZXJmX3VzZXJfNTYxIiwidXNlcklkIjozMDU2NSwiaWF0IjoxNzgwNDk1MDc3LCJleHAiOjE3ODA1MDIyNzd9.wEceW_FhPAJU-9-JOXayFZjcjLO4FznG-U7uxYzQgjR7dyugwlDzFTXw3I4hnKDz
1780495129156031,30665,eyJhbGciOiJIUzM4NCJ9.eyJzdWIiOiJwZXJmX3VzZXJfNjYxIiwidXNlcklkIjozMDY2NSwiaWF0IjoxNzgwNDk1MDc3LCJleHAiOjE3ODA1MDIyNzd9.S1dPSI4ZTdadV8w77dO34jTgMbLSCFW7XDIAyRdqDQnYOFLEEbNh-f4MjM0OyN_x
1780495131432629,30765,eyJhbGciOiJIUzM4NCJ9.eyJzdWIiOiJwZXJmX3VzZXJfNzYxIiwidXNlcklkIjozMDc2NSwiaWF0IjoxNzgwNDk1MDc3LCJleHAiOjE3ODA1MDIyNzd9.Eby7oRt_dp8BXUcEwR0wOIsEqDbhkw4tbvG4END_I-ig739YAOqoL501jt-iQT8M
1780495133685802,30865,eyJhbGciOiJIUzM4NCJ9.eyJzdWIiOiJwZXJmX3VzZXJfODYxIiwidXNlcklkIjozMDg2NSwiaWF0IjoxNzgwNDk1MDc4LCJleHAiOjE3ODA1MDIyNzh9.UJ-MmeauW7q3rpaQVCUEb7KHzOKfWwm4jEz1RvlKk7rl9RD_cEs0FvzMENoarNwz
1780495135919783,30965,eyJhbGciOiJIUzM4NCJ9.eyJzdWIiOiJwZXJmX3VzZXJfOTYxIiwidXNlcklkIjozMDk2NSwiaWF0IjoxNzgwNDk1MDc4LCJleHAiOjE3ODA1MDIyNzh9.9XYD1gRIFqngjFz1yl9XhsRBqRH80pMpMob17SBcQLcyDez08klXa0x6vAUieg_5
1780495138276921,31065,eyJhbGciOiJIUzM4NCJ9.eyJzdWIiOiJwZXJmX3VzZXJfMTA2MSIsInVzZXJJZCI6MzEwNjUsImlhdCI6MTc4MDQ5NTA3OCwiZXhwIjoxNzgwNTAyMjc4fQ.MzvadE6vgp9ivJc9ShQinDX2gN5UaXclU2zZOlhHaRpd2vbVugxjORjq5BfZweQv
1780495140509003,31165,eyJhbGciOiJIUzM4NCJ9.eyJzdWIiOiJwZXJmX3VzZXJfMTE2MSIsInVzZXJJZCI6MzExNjUsImlhdCI6MTc4MDQ5NTA3OCwiZXhwIjoxNzgwNTAyMjc4fQ.OySzDpZjCT_jeIT3iy1E11hjJ56O3Ki7EttP9a9eyqnCqAxY6hmF2w2zU6TUUMcv
1780495142691200,31265,eyJhbGciOiJIUzM4NCJ9.eyJzdWIiOiJwZXJmX3VzZXJfMTI2MSIsInVzZXJJZCI6MzEyNjUsImlhdCI6MTc4MDQ5NTA3OCwiZXhwIjoxNzgwNTAyMjc4fQ.cBBV-yrXx5fBcoGtlQ2M2MYXmuKuxvfN3XkKd7505blqqC92gL-cA49PHhmvPD8D
1780495144893841,31365,eyJhbGciOiJIUzM4NCJ9.eyJzdWIiOiJwZXJmX3VzZXJfMTM2MSIsInVzZXJJZCI6MzEzNjUsImlhdCI6MTc4MDQ5NTA3OCwiZXhwIjoxNzgwNTAyMjc4fQ.aDX6ymVnqp4DxeCnGU77PfO9xElw-OG87gYO4q7GtIWt9t4eR0MqN_Z-g2MhPhLS
1780495147099053,31465,eyJhbGciOiJIUzM4NCJ9.eyJzdWIiOiJwZXJmX3VzZXJfMTQ2MSIsInVzZXJJZCI6MzE0NjUsImlhdCI6MTc4MDQ5NTA3OCwiZXhwIjoxNzgwNTAyMjc4fQ.WY7O1Vs5anUh1yQBMvvSTquGClfx7szbtIyKY83KmS73P5d1IQr3zNBIRQQw3Oqi
1780495149376540,31565,eyJhbGciOiJIUzM4NCJ9.eyJzdWIiOiJwZXJmX3VzZXJfMTU2MSIsInVzZXJJZCI6MzE1NjUsImlhdCI6MTc4MDQ5NTA3OCwiZXhwIjoxNzgwNTAyMjc4fQ.3VqlDvRY9W66TZdKaDdyOLiegiHG58rbcaPPM9KJpjwPZEHYSLT_pWID-8snSzC5
1780495115697720,30066,eyJhbGciOiJIUzM4NCJ9.eyJzdWIiOiJwZXJmX3VzZXJfNjIiLCJ1c2VySWQiOjMwMDY2LCJpYXQiOjE3ODA0OTUwNzYsImV4cCI6MTc4MDUwMjI3Nn0.MpWOehhbx04og9ka4fqFTRkKI45KEcum5GSAoi8cC28-AGWFWCoD4bqeGNVvyMGz
1780495117892200,30166,eyJhbGciOiJIUzM4NCJ9.eyJzdWIiOiJwZXJmX3VzZXJfMTYyIiwidXNlcklkIjozMDE2NiwiaWF0IjoxNzgwNDk1MDc3LCJleHAiOjE3ODA1MDIyNzd9.izpZ6BREw_tqRhsijwWDVvlMIpxuipdJoQ24mHnGqw9oDbV1YIk3hAuOFpOtaoOg
1780495120168279,30266,eyJhbGciOiJIUzM4NCJ9.eyJzdWIiOiJwZXJmX3VzZXJfMjYyIiwidXNlcklkIjozMDI2NiwiaWF0IjoxNzgwNDk1MDc3LCJleHAiOjE3ODA1MDIyNzd9.5eAbfcGapjoWQVmY6j7Y2dQLAANynea-_jviAedJ9YDtKyLmldQp-jX_P8T8X9Vx
1780495122399886,30366,eyJhbGciOiJIUzM4NCJ9.eyJzdWIiOiJwZXJmX3VzZXJfMzYyIiwidXNlcklkIjozMDM2NiwiaWF0IjoxNzgwNDk1MDc3LCJleHAiOjE3ODA1MDIyNzd9.wchu3PyCTDxtnZliOtZ3yTRt1NpS6-nAtTrN3iSh3T2aNttgiRIrmha2DXJr6YmS
1780495124624826,30466,eyJhbGciOiJIUzM4NCJ9.eyJzdWIiOiJwZXJmX3VzZXJfNDYyIiwidXNlcklkIjozMDQ2NiwiaWF0IjoxNzgwNDk1MDc3LCJleHAiOjE3ODA1MDIyNzd9.xhbfgy9BnzvwFO_iQwYWf_uJ0jxFp2jleU48jywPif4TP5NW-lmHCCiexcF409Dp
1780495126897911,30566,eyJhbGciOiJIUzM4NCJ9.eyJzdWIiOiJwZXJmX3VzZXJfNTYyIiwidXNlcklkIjozMDU2NiwiaWF0IjoxNzgwNDk1MDc3LCJleHAiOjE3ODA1MDIyNzd9.ssRfS2F8fsZevrzrVU--Quy9fKW4o3NaaNPRF9SembGmQRye_YI_KDq9gt9T00EQ
1780495129156031,30666,eyJhbGciOiJIUzM4NCJ9.eyJzdWIiOiJwZXJmX3VzZXJfNjYyIiwidXNlcklkIjozMDY2NiwiaWF0IjoxNzgwNDk1MDc3LCJleHAiOjE3ODA1MDIyNzd9.OC9U85EOr3sA1Bj08gpQXlnzs-Yo2e5WUtm1OQ1KDfaLeHM-SrfwA2n6v7b0LHGS
1780495131432629,30766,eyJhbGciOiJIUzM4NCJ9.eyJzdWIiOiJwZXJmX3VzZXJfNzYyIiwidXNlcklkIjozMDc2NiwiaWF0IjoxNzgwNDk1MDc3LCJleHAiOjE3ODA1MDIyNzd9.NKHRozlhv407BfRdddsnwk1eR6_tE91Eb3qqCl40r0WbhLmM95VPotIv0YR5jrAK
1780495133685802,30866,eyJhbGciOiJIUzM4NCJ9.eyJzdWIiOiJwZXJmX3VzZXJfODYyIiwidXNlcklkIjozMDg2NiwiaWF0IjoxNzgwNDk1MDc4LCJleHAiOjE3ODA1MDIyNzh9.vT0o3wqYwK8-VIJmv71swM-Fsyi58QCVyQHydNMg4QZ_EjG2aPzQVXzSQ1bifFdu
1780495135919783,30966,eyJhbGciOiJIUzM4NCJ9.eyJzdWIiOiJwZXJmX3VzZXJfOTYyIiwidXNlcklkIjozMDk2NiwiaWF0IjoxNzgwNDk1MDc4LCJleHAiOjE3ODA1MDIyNzh9.qgFbrvjJ31DJ4EYkLIrw-igWmn0YSP7p0g2saH0T995ePjux6swK_Z-RJLY81ZAN
1780495138276921,31066,eyJhbGciOiJIUzM4NCJ9.eyJzdWIiOiJwZXJmX3VzZXJfMTA2MiIsInVzZXJJZCI6MzEwNjYsImlhdCI6MTc4MDQ5NTA3OCwiZXhwIjoxNzgwNTAyMjc4fQ.4gHNq2M1N8Gq60bl83ZgkFxNDf_0Y4yFyNBl9_KLrsLNifeVlCGj6CU42A5kayNn
1780495140509003,31166,eyJhbGciOiJIUzM4NCJ9.eyJzdWIiOiJwZXJmX3VzZXJfMTE2MiIsInVzZXJJZCI6MzExNjYsImlhdCI6MTc4MDQ5NTA3OCwiZXhwIjoxNzgwNTAyMjc4fQ.gH_ENITxOJ30gq16u0YqoZU0CcsyCSuSCQJmcIXhH7XG4KuXpi-4a8jjsIE8BpPb
1780495142691200,31266,eyJhbGciOiJIUzM4NCJ9.eyJzdWIiOiJwZXJmX3VzZXJfMTI2MiIsInVzZXJJZCI6MzEyNjYsImlhdCI6MTc4MDQ5NTA3OCwiZXhwIjoxNzgwNTAyMjc4fQ.iSpOQM78_o5pSxeePXWzqCdDTm09LArdzr7aIP_26wIOTBJIZzEqWV_GD3Uy6xd0
1780495144893841,31366,eyJhbGciOiJIUzM4NCJ9.eyJzdWIiOiJwZXJmX3VzZXJfMTM2MiIsInVzZXJJZCI6MzEzNjYsImlhdCI6MTc4MDQ5NTA3OCwiZXhwIjoxNzgwNTAyMjc4fQ.noWT6eFXGrDH-r3dA5NRMxIYe6Qnmk7eNWLW8efZATzUpFiVTQw4tdQxK-SES-g0
1780495147099053,31466,eyJhbGciOiJIUzM4NCJ9.eyJzdWIiOiJwZXJmX3VzZXJfMTQ2MiIsInVzZXJJZCI6MzE0NjYsImlhdCI6MTc4MDQ5NTA3OCwiZXhwIjoxNzgwNTAyMjc4fQ.4RgFgc-zFlX4CmYWs2vv8nzgUA_bYnPatqJvMTc6YiiQ1cu_IIrH8A-2SRZEsq-i
1780495149376540,31566,eyJhbGciOiJIUzM4NCJ9.eyJzdWIiOiJwZXJmX3VzZXJfMTU2MiIsInVzZXJJZCI6MzE1NjYsImlhdCI6MTc4MDQ5NTA3OCwiZXhwIjoxNzgwNTAyMjc4fQ.UbrSnuA41Q-H_r-fZ_d4N9eOKViOhGUauzYWULkZT2Gm09Ji7YIx-yaNXpPF5IQf
1780495115697720,30067,eyJhbGciOiJIUzM4NCJ9.eyJzdWIiOiJwZXJmX3VzZXJfNjMiLCJ1c2VySWQiOjMwMDY3LCJpYXQiOjE3ODA0OTUwNzYsImV4cCI6MTc4MDUwMjI3Nn0.uipROS1fs_bU9qNqLjrKjyNH2VE-NWfa859cPHD6sM6K332fQhrr20VXtmgjfuQL
1780495117892200,30167,eyJhbGciOiJIUzM4NCJ9.eyJzdWIiOiJwZXJmX3VzZXJfMTYzIiwidXNlcklkIjozMDE2NywiaWF0IjoxNzgwNDk1MDc3LCJleHAiOjE3ODA1MDIyNzd9.0OahhtXbMtWHYv1SKugLfpkUOcVWiv0skPFtZS7sWlpuVZKMO0LW3XJqfArZOFRE
1780495120168279,30267,eyJhbGciOiJIUzM4NCJ9.eyJzdWIiOiJwZXJmX3VzZXJfMjYzIiwidXNlcklkIjozMDI2NywiaWF0IjoxNzgwNDk1MDc3LCJleHAiOjE3ODA1MDIyNzd9.oP-lERfv47kPajr75_oMYMc4uSNatFj1vEgxBOJLNEx89sQzg_e0OthwAqgQnjso
1780495122399886,30367,eyJhbGciOiJIUzM4NCJ9.eyJzdWIiOiJwZXJmX3VzZXJfMzYzIiwidXNlcklkIjozMDM2NywiaWF0IjoxNzgwNDk1MDc3LCJleHAiOjE3ODA1MDIyNzd9.mOc4ba3Or6DKsjJVlBTeNR5Oc8DAIWP55H19tHMKySzg5_luPt68w4fxlixz-CMs
1780495124624826,30467,eyJhbGciOiJIUzM4NCJ9.eyJzdWIiOiJwZXJmX3VzZXJfNDYzIiwidXNlcklkIjozMDQ2NywiaWF0IjoxNzgwNDk1MDc3LCJleHAiOjE3ODA1MDIyNzd9.itSAsGRF4mbiCp5Euw77qWeB-xK0nrTTxWG3Tl3xI4kgvPlF-qShIY4ouyHVxggP
1780495126897911,30567,eyJhbGciOiJIUzM4NCJ9.eyJzdWIiOiJwZXJmX3VzZXJfNTYzIiwidXNlcklkIjozMDU2NywiaWF0IjoxNzgwNDk1MDc3LCJleHAiOjE3ODA1MDIyNzd9.9Qhd9tzMRjVUKbqkXxTbuP8tTgc3J94s3I5OxB-EeTmYCag77VYUdbwSpurpMgLR
1780495129156031,30667,eyJhbGciOiJIUzM4NCJ9.eyJzdWIiOiJwZXJmX3VzZXJfNjYzIiwidXNlcklkIjozMDY2NywiaWF0IjoxNzgwNDk1MDc3LCJleHAiOjE3ODA1MDIyNzd9.jUF05qkFw4ja5ibNz41S6KHrlgHUlbCaX8IjEvA169IJy27hzWpWx2W6kZ0NCfTR
1780495131432629,30767,eyJhbGciOiJIUzM4NCJ9.eyJzdWIiOiJwZXJmX3VzZXJfNzYzIiwidXNlcklkIjozMDc2NywiaWF0IjoxNzgwNDk1MDc3LCJleHAiOjE3ODA1MDIyNzd9.u30RETbJBfbLS859aKAXmQLcTdrpUSjVq-6CVQ1RwP-KWNYArql5ZSEN7XX-CNMK
1780495133685802,30867,eyJhbGciOiJIUzM4NCJ9.eyJzdWIiOiJwZXJmX3VzZXJfODYzIiwidXNlcklkIjozMDg2NywiaWF0IjoxNzgwNDk1MDc4LCJleHAiOjE3ODA1MDIyNzh9.vWY7Gmy626nsxN9se50_qBZyqiEjdn8rCezgs4XvxSGpAs9QbETpRJVL-5fOrbi_
1780495135919783,30967,eyJhbGciOiJIUzM4NCJ9.eyJzdWIiOiJwZXJmX3VzZXJfOTYzIiwidXNlcklkIjozMDk2NywiaWF0IjoxNzgwNDk1MDc4LCJleHAiOjE3ODA1MDIyNzh9.1WFPX-8U0m8CxPxm5Wf1Yz9gNAHBXBEKHvEMUDb2S_kpsaVWoexw7xIysYrYjvmB
1780495138276921,31067,eyJhbGciOiJIUzM4NCJ9.eyJzdWIiOiJwZXJmX3VzZXJfMTA2MyIsInVzZXJJZCI6MzEwNjcsImlhdCI6MTc4MDQ5NTA3OCwiZXhwIjoxNzgwNTAyMjc4fQ.2fSpG-RnHjBAT3-Awkk0gm4LDiHPPMfjKLN8gQ3fuJYF4QgUghaOOd5E5u36wT-x
1780495140509003,31167,eyJhbGciOiJIUzM4NCJ9.eyJzdWIiOiJwZXJmX3VzZXJfMTE2MyIsInVzZXJJZCI6MzExNjcsImlhdCI6MTc4MDQ5NTA3OCwiZXhwIjoxNzgwNTAyMjc4fQ.KZ3tNmX_VlNwbKjXbsc485wfelMFfYB8d21XLj8dZWrq9KPeLbGktn3W2RVggTGW
1780495142691200,31267,eyJhbGciOiJIUzM4NCJ9.eyJzdWIiOiJwZXJmX3VzZXJfMTI2MyIsInVzZXJJZCI6MzEyNjcsImlhdCI6MTc4MDQ5NTA3OCwiZXhwIjoxNzgwNTAyMjc4fQ.9_LWRZ9qMwRNvRLbF3_jsX8gbmqXx8MlE8-KTqlkFA2cN-N-xaQMsyygdMtu-zNy
1780495144893841,31367,eyJhbGciOiJIUzM4NCJ9.eyJzdWIiOiJwZXJmX3VzZXJfMTM2MyIsInVzZXJJZCI6MzEzNjcsImlhdCI6MTc4MDQ5NTA3OCwiZXhwIjoxNzgwNTAyMjc4fQ.G4joYIjZAyEXlpMdWH0bSyUv6-CvDjBnQ-qZCmxdSC8hCY5yU_ut1F54r4hejYO_
1780495147099053,31467,eyJhbGciOiJIUzM4NCJ9.eyJzdWIiOiJwZXJmX3VzZXJfMTQ2MyIsInVzZXJJZCI6MzE0NjcsImlhdCI6MTc4MDQ5NTA3OCwiZXhwIjoxNzgwNTAyMjc4fQ.VnWk3PyntdZsdr2wefv-3-PnkOQSaHKSiZ76tDhq7SVd1aQshjidJMXWRHILq7xN
1780495149376540,31567,eyJhbGciOiJIUzM4NCJ9.eyJzdWIiOiJwZXJmX3VzZXJfMTU2MyIsInVzZXJJZCI6MzE1NjcsImlhdCI6MTc4MDQ5NTA3OCwiZXhwIjoxNzgwNTAyMjc4fQ.ZObhAI3QomVOkPwD89UdQZflew-bVyyDdmutK4HTr3Er_fEvUl32ptYBt6DnCAsq
1780495115697720,30068,eyJhbGciOiJIUzM4NCJ9.eyJzdWIiOiJwZXJmX3VzZXJfNjQiLCJ1c2VySWQiOjMwMDY4LCJpYXQiOjE3ODA0OTUwNzYsImV4cCI6MTc4MDUwMjI3Nn0.7Gkz7DInUs0ivmT4OvJh5VB_tRfsSyelmAXPZNdsQTp0EvVSZBQsQ27Enk1Vk_X0
1780495117892200,30168,eyJhbGciOiJIUzM4NCJ9.eyJzdWIiOiJwZXJmX3VzZXJfMTY0IiwidXNlcklkIjozMDE2OCwiaWF0IjoxNzgwNDk1MDc3LCJleHAiOjE3ODA1MDIyNzd9.Zrq_A_EUCt13dZNT3MOjC0BMQ4Oa7Y7ciON9T-nuFIhHtftrK_cAOp7CWlapNFyZ
1780495120168279,30268,eyJhbGciOiJIUzM4NCJ9.eyJzdWIiOiJwZXJmX3VzZXJfMjY0IiwidXNlcklkIjozMDI2OCwiaWF0IjoxNzgwNDk1MDc3LCJleHAiOjE3ODA1MDIyNzd9.u9xYKiezccB3bZnS2eLJ2mRNTo2X8WyeiBkzFQZure8FA0qFHkQZgLnZM33akVSW
1780495122399886,30368,eyJhbGciOiJIUzM4NCJ9.eyJzdWIiOiJwZXJmX3VzZXJfMzY0IiwidXNlcklkIjozMDM2OCwiaWF0IjoxNzgwNDk1MDc3LCJleHAiOjE3ODA1MDIyNzd9.VB9LuEkobPUIsuvsu1wlZXtXXLHfNveASBVcW91zfHFF-L4jRLjfnApDZfjW_NO5
1780495124624826,30468,eyJhbGciOiJIUzM4NCJ9.eyJzdWIiOiJwZXJmX3VzZXJfNDY0IiwidXNlcklkIjozMDQ2OCwiaWF0IjoxNzgwNDk1MDc3LCJleHAiOjE3ODA1MDIyNzd9.I-iosCsDum4L09-r_yzyB-p6WDTBXQqLgnTJtVTTZQjba-n39pjeZtzGFkNt65tn
1780495126897911,30568,eyJhbGciOiJIUzM4NCJ9.eyJzdWIiOiJwZXJmX3VzZXJfNTY0IiwidXNlcklkIjozMDU2OCwiaWF0IjoxNzgwNDk1MDc3LCJleHAiOjE3ODA1MDIyNzd9.3vCIZkIXb5mgAM78FX3WAd22d1lmLvDOFpil_n_6yzbuY71tMT9-RB-7MY1ycfV-
1780495129156031,30668,eyJhbGciOiJIUzM4NCJ9.eyJzdWIiOiJwZXJmX3VzZXJfNjY0IiwidXNlcklkIjozMDY2OCwiaWF0IjoxNzgwNDk1MDc3LCJleHAiOjE3ODA1MDIyNzd9.dI3l4dXVHOtP_b4Zfcr5QrHqslNLvKu5xKfhes9s5CsNDbCAiGzzrqJ0j_Hwc9ir
1780495131432629,30768,eyJhbGciOiJIUzM4NCJ9.eyJzdWIiOiJwZXJmX3VzZXJfNzY0IiwidXNlcklkIjozMDc2OCwiaWF0IjoxNzgwNDk1MDc3LCJleHAiOjE3ODA1MDIyNzd9.bFZ2JIZyp0dd6iaR7CUmQMUPWw7c2pDy7D7SEY1eNEPfgiJ-i8Z7rsFU4tEEIcxM
1780495133685802,30868,eyJhbGciOiJIUzM4NCJ9.eyJzdWIiOiJwZXJmX3VzZXJfODY0IiwidXNlcklkIjozMDg2OCwiaWF0IjoxNzgwNDk1MDc4LCJleHAiOjE3ODA1MDIyNzh9.EtYxvJFwk76bTuXZoXuBwskbUMSl-pfpMb4ZFDDhgRTyM9TJCYcyM4E3cgAjpJsz
1780495135919783,30968,eyJhbGciOiJIUzM4NCJ9.eyJzdWIiOiJwZXJmX3VzZXJfOTY0IiwidXNlcklkIjozMDk2OCwiaWF0IjoxNzgwNDk1MDc4LCJleHAiOjE3ODA1MDIyNzh9.Un8hKjAFsd79Ow8EnxcHdAblW9irX_84IJcvzaWorjfpiq6qAodsg0zUGxQkQ1KF
1780495138276921,31068,eyJhbGciOiJIUzM4NCJ9.eyJzdWIiOiJwZXJmX3VzZXJfMTA2NCIsInVzZXJJZCI6MzEwNjgsImlhdCI6MTc4MDQ5NTA3OCwiZXhwIjoxNzgwNTAyMjc4fQ.O9szuHUZ-Lm8eBHn4dPVff3NCQjmgIxbfaDVBe3Nn5pUnFGfhTtzOQzX7yc7-_F0
1780495140509003,31168,eyJhbGciOiJIUzM4NCJ9.eyJzdWIiOiJwZXJmX3VzZXJfMTE2NCIsInVzZXJJZCI6MzExNjgsImlhdCI6MTc4MDQ5NTA3OCwiZXhwIjoxNzgwNTAyMjc4fQ.PoTEAWgmKhf2jZMt04dYt1xUEbkAEuv-UEGRbN18ZBzgLfHXCfdzPQNwD1VzjaIx
1780495142691200,31268,eyJhbGciOiJIUzM4NCJ9.eyJzdWIiOiJwZXJmX3VzZXJfMTI2NCIsInVzZXJJZCI6MzEyNjgsImlhdCI6MTc4MDQ5NTA3OCwiZXhwIjoxNzgwNTAyMjc4fQ.VEtCJsK8tavi-aJBcwYQuqEQroMxKODTkZjAAZD6H2H_n9aQkhU8agKsQ92kU-Sm
1780495144893841,31368,eyJhbGciOiJIUzM4NCJ9.eyJzdWIiOiJwZXJmX3VzZXJfMTM2NCIsInVzZXJJZCI6MzEzNjgsImlhdCI6MTc4MDQ5NTA3OCwiZXhwIjoxNzgwNTAyMjc4fQ.TtlX4zQIxOmyvTxxLd7STCu_06wa0lvZG6zORfIktKpvLjZec6ATLALaRjbRjjuN
1780495147099053,31468,eyJhbGciOiJIUzM4NCJ9.eyJzdWIiOiJwZXJmX3VzZXJfMTQ2NCIsInVzZXJJZCI6MzE0NjgsImlhdCI6MTc4MDQ5NTA3OCwiZXhwIjoxNzgwNTAyMjc4fQ.VUwAAY44LnOeFvqvd5ndjRue8hmwjwX65-bBp3bllO4G5S5sJM-7BDd9X36EmRjD
1780495149376540,31568,eyJhbGciOiJIUzM4NCJ9.eyJzdWIiOiJwZXJmX3VzZXJfMTU2NCIsInVzZXJJZCI6MzE1NjgsImlhdCI6MTc4MDQ5NTA3OCwiZXhwIjoxNzgwNTAyMjc4fQ.iN06b7BfU2XtV8rVAcOLBgwfw05BjhcbQDuHaYnJc6khVyxwvr93GI1JWJ3WVcro
1780495115697720,30069,eyJhbGciOiJIUzM4NCJ9.eyJzdWIiOiJwZXJmX3VzZXJfNjUiLCJ1c2VySWQiOjMwMDY5LCJpYXQiOjE3ODA0OTUwNzYsImV4cCI6MTc4MDUwMjI3Nn0.yuAifA5hCbfJzhxauW-6LZ6CpOoTVX_XOhOm2EEvDooI60QwrHqb9DiSEttR_O3_
1780495117892200,30169,eyJhbGciOiJIUzM4NCJ9.eyJzdWIiOiJwZXJmX3VzZXJfMTY1IiwidXNlcklkIjozMDE2OSwiaWF0IjoxNzgwNDk1MDc3LCJleHAiOjE3ODA1MDIyNzd9.bbGrGyI6oXfi4J1cZGafBLanDRb4U5ILxxtcYRkdTuhTf63ozWFfudjMdTnzDoRQ
1780495120168279,30269,eyJhbGciOiJIUzM4NCJ9.eyJzdWIiOiJwZXJmX3VzZXJfMjY1IiwidXNlcklkIjozMDI2OSwiaWF0IjoxNzgwNDk1MDc3LCJleHAiOjE3ODA1MDIyNzd9.BSaNH9mKIbjJIYXjJ0G4WWFFPENrSLZQp_jc8zRRI1mmafO-aj2bG2SqLM-T7Nbt
1780495122399886,30369,eyJhbGciOiJIUzM4NCJ9.eyJzdWIiOiJwZXJmX3VzZXJfMzY1IiwidXNlcklkIjozMDM2OSwiaWF0IjoxNzgwNDk1MDc3LCJleHAiOjE3ODA1MDIyNzd9.BuCkdlaLoCNJEHZn76eZl1M8k_WMiGPrFowcXkUIPtCzERfQp_UCH6U3NdXG8TQh
1780495124624826,30469,eyJhbGciOiJIUzM4NCJ9.eyJzdWIiOiJwZXJmX3VzZXJfNDY1IiwidXNlcklkIjozMDQ2OSwiaWF0IjoxNzgwNDk1MDc3LCJleHAiOjE3ODA1MDIyNzd9.HwpNQ2SDPGUyKX_3mhashmo-fmFiTyvDolKkHPiFYsJXKOFhhlQQ_9q57f-wYbyp
1780495126897911,30569,eyJhbGciOiJIUzM4NCJ9.eyJzdWIiOiJwZXJmX3VzZXJfNTY1IiwidXNlcklkIjozMDU2OSwiaWF0IjoxNzgwNDk1MDc3LCJleHAiOjE3ODA1MDIyNzd9.kOut80QPpFgAtx1A1ijwolW8cNuCPPPqO-_h7B1o3NALSjW_lOYfz29UbSc3tT45
1780495129156031,30669,eyJhbGciOiJIUzM4NCJ9.eyJzdWIiOiJwZXJmX3VzZXJfNjY1IiwidXNlcklkIjozMDY2OSwiaWF0IjoxNzgwNDk1MDc3LCJleHAiOjE3ODA1MDIyNzd9.XDFZMwW7PYevnEQVjRT7NSLfN02ujKztNQtxaQMWZbL-oI06RkFbEsrDuV9gCjIU
1780495131432629,30769,eyJhbGciOiJIUzM4NCJ9.eyJzdWIiOiJwZXJmX3VzZXJfNzY1IiwidXNlcklkIjozMDc2OSwiaWF0IjoxNzgwNDk1MDc3LCJleHAiOjE3ODA1MDIyNzd9.xeKBxGmBg5Kb9E--1ObnORVaxTzJso_tUZhnQyF8nw4VT6tqEBE4MJ2ui-fHr3Vt
1780495133685802,30869,eyJhbGciOiJIUzM4NCJ9.eyJzdWIiOiJwZXJmX3VzZXJfODY1IiwidXNlcklkIjozMDg2OSwiaWF0IjoxNzgwNDk1MDc4LCJleHAiOjE3ODA1MDIyNzh9.aYyfb8NwymJqTx2ctScFp7unw-W8q_1_i82gGpHnj_vA-TEYMikYHycmht22g7-9
1780495135919783,30969,eyJhbGciOiJIUzM4NCJ9.eyJzdWIiOiJwZXJmX3VzZXJfOTY1IiwidXNlcklkIjozMDk2OSwiaWF0IjoxNzgwNDk1MDc4LCJleHAiOjE3ODA1MDIyNzh9.EhaqxMnfvpvICeAZV3qsaykmgStsTStWFW5H6c4yZ0hJTV1BvN9bxlJ3XVlf44Ra
1780495138276921,31069,eyJhbGciOiJIUzM4NCJ9.eyJzdWIiOiJwZXJmX3VzZXJfMTA2NSIsInVzZXJJZCI6MzEwNjksImlhdCI6MTc4MDQ5NTA3OCwiZXhwIjoxNzgwNTAyMjc4fQ.uleTqKvK78WHEdTzSnt2WbGR3sP9Qb0chg4gTsK12yOQg9ruxk8vDCZQzMRkz2df
1780495140509003,31169,eyJhbGciOiJIUzM4NCJ9.eyJzdWIiOiJwZXJmX3VzZXJfMTE2NSIsInVzZXJJZCI6MzExNjksImlhdCI6MTc4MDQ5NTA3OCwiZXhwIjoxNzgwNTAyMjc4fQ.yItBkXUYiuG_l04kg4lDinQLG_mbVLuLDr5UKxVrT6G_uDxCcUUJytJMhYZyvmxB
1780495142691200,31269,eyJhbGciOiJIUzM4NCJ9.eyJzdWIiOiJwZXJmX3VzZXJfMTI2NSIsInVzZXJJZCI6MzEyNjksImlhdCI6MTc4MDQ5NTA3OCwiZXhwIjoxNzgwNTAyMjc4fQ.yaLdeYbC5Xmrh6JWVg1lNSibUloviWac3358J70C1_e71xbt-1kRqT8HAQPzS9jH
1780495144893841,31369,eyJhbGciOiJIUzM4NCJ9.eyJzdWIiOiJwZXJmX3VzZXJfMTM2NSIsInVzZXJJZCI6MzEzNjksImlhdCI6MTc4MDQ5NTA3OCwiZXhwIjoxNzgwNTAyMjc4fQ.uboDIU1eiiAZrv7d9_AJLKqBSpo2lbWPgnXKegVyChCuqKKwK_Uvkh9bLRgvwdxR
1780495147099053,31469,eyJhbGciOiJIUzM4NCJ9.eyJzdWIiOiJwZXJmX3VzZXJfMTQ2NSIsInVzZXJJZCI6MzE0NjksImlhdCI6MTc4MDQ5NTA3OCwiZXhwIjoxNzgwNTAyMjc4fQ.-PzJ8raZ3cy-7tqI9Yz5LtKOPLftHGl8ZcFGrYXfDPJVp7GoqCRNQgpyTWcfNfuy
1780495149376540,31569,eyJhbGciOiJIUzM4NCJ9.eyJzdWIiOiJwZXJmX3VzZXJfMTU2NSIsInVzZXJJZCI6MzE1NjksImlhdCI6MTc4MDQ5NTA3OCwiZXhwIjoxNzgwNTAyMjc4fQ.65sADE37mpKSwKbceDS52S3XEVit7rp3Cet-OMyYYOpIdXwGy0CX_4QFTPxBs8J2
1780495115697720,30070,eyJhbGciOiJIUzM4NCJ9.eyJzdWIiOiJwZXJmX3VzZXJfNjYiLCJ1c2VySWQiOjMwMDcwLCJpYXQiOjE3ODA0OTUwNzYsImV4cCI6MTc4MDUwMjI3Nn0.AalZBToaswuI_QEpKfUm2CDr2fMTFWnyZAXltJs7a01nGWNpjBdXHoJ42pitAz1h
1780495117892200,30170,eyJhbGciOiJIUzM4NCJ9.eyJzdWIiOiJwZXJmX3VzZXJfMTY2IiwidXNlcklkIjozMDE3MCwiaWF0IjoxNzgwNDk1MDc3LCJleHAiOjE3ODA1MDIyNzd9.I7M2z5W4GFwcVFCtx-7oyflp87YHN_FozeN3G51SulxN0v7CSyTvnMkxtbo7nhv4
1780495120168279,30270,eyJhbGciOiJIUzM4NCJ9.eyJzdWIiOiJwZXJmX3VzZXJfMjY2IiwidXNlcklkIjozMDI3MCwiaWF0IjoxNzgwNDk1MDc3LCJleHAiOjE3ODA1MDIyNzd9.0ouvFrS0-pmli-fYXnK7C6GObpyV_1XNxAtjIRKePYdpCdEbOfB8MMWaVJUfrY3l
1780495122399886,30370,eyJhbGciOiJIUzM4NCJ9.eyJzdWIiOiJwZXJmX3VzZXJfMzY2IiwidXNlcklkIjozMDM3MCwiaWF0IjoxNzgwNDk1MDc3LCJleHAiOjE3ODA1MDIyNzd9.0zLbJwacvcHCZAH7tsIdn-cKWmclC2BgYwtceaGYdzp0ihXJ6csZSBP9a_HQtHtQ
1780495124624826,30470,eyJhbGciOiJIUzM4NCJ9.eyJzdWIiOiJwZXJmX3VzZXJfNDY2IiwidXNlcklkIjozMDQ3MCwiaWF0IjoxNzgwNDk1MDc3LCJleHAiOjE3ODA1MDIyNzd9.LWTEW_dRL9zyP9LDZuxHzqmc5FJlWxYFpAEh0ywYCCBFE3pUEPuP0hRg02ojHsob
1780495126897911,30570,eyJhbGciOiJIUzM4NCJ9.eyJzdWIiOiJwZXJmX3VzZXJfNTY2IiwidXNlcklkIjozMDU3MCwiaWF0IjoxNzgwNDk1MDc3LCJleHAiOjE3ODA1MDIyNzd9.O_W4EvW3Opx4J7ILlbUoqnISM1tkMYa4XCRkJ8yHKZMUCLSmn2IJIDlAU9irD4f-
1780495129156031,30670,eyJhbGciOiJIUzM4NCJ9.eyJzdWIiOiJwZXJmX3VzZXJfNjY2IiwidXNlcklkIjozMDY3MCwiaWF0IjoxNzgwNDk1MDc3LCJleHAiOjE3ODA1MDIyNzd9.i4gAUZva-k7AVPb8CjH9Wa1nkj6vckVfm71B6G3FLmLPXZhSULN-LJ9qySRsHPqd
1780495131432629,30770,eyJhbGciOiJIUzM4NCJ9.eyJzdWIiOiJwZXJmX3VzZXJfNzY2IiwidXNlcklkIjozMDc3MCwiaWF0IjoxNzgwNDk1MDc3LCJleHAiOjE3ODA1MDIyNzd9.cj6T_28zQUEAGTv6CbWrAsU1POKLHvmjDdoZ2ilztmq9uo7Wh40vZQjzm-vkICJj
1780495133685802,30870,eyJhbGciOiJIUzM4NCJ9.eyJzdWIiOiJwZXJmX3VzZXJfODY2IiwidXNlcklkIjozMDg3MCwiaWF0IjoxNzgwNDk1MDc4LCJleHAiOjE3ODA1MDIyNzh9.OLgQPgk5nayIh7RMuhbs-RTMUZtOPUK6l2mvTavY0n5D8Em8WHB1IObd9McLl7vo
1780495135919783,30970,eyJhbGciOiJIUzM4NCJ9.eyJzdWIiOiJwZXJmX3VzZXJfOTY2IiwidXNlcklkIjozMDk3MCwiaWF0IjoxNzgwNDk1MDc4LCJleHAiOjE3ODA1MDIyNzh9.fJKbqH7jg1uuirkRjcLIh9TDaDJn0ABBkS6jc0jY6Clqc885j31C0uUdv06gZTWG
1780495138276921,31070,eyJhbGciOiJIUzM4NCJ9.eyJzdWIiOiJwZXJmX3VzZXJfMTA2NiIsInVzZXJJZCI6MzEwNzAsImlhdCI6MTc4MDQ5NTA3OCwiZXhwIjoxNzgwNTAyMjc4fQ.DxloczDuBl5tshGpmMDT17pP2ChQyLco3T9ilhwOThGwMB7_wPV1QsrDZMO7SHIL
1780495140509003,31170,eyJhbGciOiJIUzM4NCJ9.eyJzdWIiOiJwZXJmX3VzZXJfMTE2NiIsInVzZXJJZCI6MzExNzAsImlhdCI6MTc4MDQ5NTA3OCwiZXhwIjoxNzgwNTAyMjc4fQ.3wtt9PxlePGWkOCyEJx-LVsjBlfI3cHYFHQmyszH7INFH9cX-X-UKmRvVlFwmYoZ
1780495142691200,31270,eyJhbGciOiJIUzM4NCJ9.eyJzdWIiOiJwZXJmX3VzZXJfMTI2NiIsInVzZXJJZCI6MzEyNzAsImlhdCI6MTc4MDQ5NTA3OCwiZXhwIjoxNzgwNTAyMjc4fQ.aDsgJdRIpcWlZp0VCAt-yjBfrS0hE9hCOhd58yDcCSIcY7A4HABeAfayVNvTz-Nc
1780495144893841,31370,eyJhbGciOiJIUzM4NCJ9.eyJzdWIiOiJwZXJmX3VzZXJfMTM2NiIsInVzZXJJZCI6MzEzNzAsImlhdCI6MTc4MDQ5NTA3OCwiZXhwIjoxNzgwNTAyMjc4fQ.ouVNvO4PVJuym2F0WuxZPHLaAgARBcMSVfHCthxk0RxMvZTs1lx76AATbUMgFkRT
1780495147099053,31470,eyJhbGciOiJIUzM4NCJ9.eyJzdWIiOiJwZXJmX3VzZXJfMTQ2NiIsInVzZXJJZCI6MzE0NzAsImlhdCI6MTc4MDQ5NTA3OCwiZXhwIjoxNzgwNTAyMjc4fQ.pct6cTsmTnuY92BOuGJTOAUSdOk6TapKfGfwzzVimsZVhPRoK0mm9hvI8_UD7Aqw
1780495149376540,31570,eyJhbGciOiJIUzM4NCJ9.eyJzdWIiOiJwZXJmX3VzZXJfMTU2NiIsInVzZXJJZCI6MzE1NzAsImlhdCI6MTc4MDQ5NTA3OCwiZXhwIjoxNzgwNTAyMjc4fQ.R69BoyvHFdap5Co2n8a9QHtAiYD7SoIdnHf5XJCqUM9ZESfq5Thtc8SMHCyUF7w1
1780495115697720,30071,eyJhbGciOiJIUzM4NCJ9.eyJzdWIiOiJwZXJmX3VzZXJfNjciLCJ1c2VySWQiOjMwMDcxLCJpYXQiOjE3ODA0OTUwNzYsImV4cCI6MTc4MDUwMjI3Nn0.tK7o_wzrACpgth0Cpl0Fx5o4Hvr23Aip3eNmDZ0vDD-ekxbS_hHjuRmVHFudCBT8
1780495117892200,30171,eyJhbGciOiJIUzM4NCJ9.eyJzdWIiOiJwZXJmX3VzZXJfMTY3IiwidXNlcklkIjozMDE3MSwiaWF0IjoxNzgwNDk1MDc3LCJleHAiOjE3ODA1MDIyNzd9.bNazPnXvWCFzXZA3SypzQrGCqGS7ZOnyIZZETL0XriW89UYTMbl6_upImzKSBYRJ
1780495120168279,30271,eyJhbGciOiJIUzM4NCJ9.eyJzdWIiOiJwZXJmX3VzZXJfMjY3IiwidXNlcklkIjozMDI3MSwiaWF0IjoxNzgwNDk1MDc3LCJleHAiOjE3ODA1MDIyNzd9.Cwsrw1XA7dL6D5yF3xb95tUUbXV9kO9fqEWxa-_3X5JyUZSaGDVGjfxm3nDBkcfy
1780495122399886,30371,eyJhbGciOiJIUzM4NCJ9.eyJzdWIiOiJwZXJmX3VzZXJfMzY3IiwidXNlcklkIjozMDM3MSwiaWF0IjoxNzgwNDk1MDc3LCJleHAiOjE3ODA1MDIyNzd9.W0t7VCrEZJAT223juLRNv8DeFIkKELRVpmddQuJlYp9TPrmKWPSTTrxAL-_qqFqb
1780495124624826,30471,eyJhbGciOiJIUzM4NCJ9.eyJzdWIiOiJwZXJmX3VzZXJfNDY3IiwidXNlcklkIjozMDQ3MSwiaWF0IjoxNzgwNDk1MDc3LCJleHAiOjE3ODA1MDIyNzd9.UmPWSxyTc3Bk8cvJb2jPlLQ7mg2IJB1r-ib5SNInD2fvN3xyC_zqR5tExcx-n5fx
1780495126897911,30571,eyJhbGciOiJIUzM4NCJ9.eyJzdWIiOiJwZXJmX3VzZXJfNTY3IiwidXNlcklkIjozMDU3MSwiaWF0IjoxNzgwNDk1MDc3LCJleHAiOjE3ODA1MDIyNzd9.-0ldolVjqqlotces9Ib7yCkHXIz8MEw5jb_DyHUHeulwSqpbGWUGJoqRGi7SRgdS
1780495129156031,30671,eyJhbGciOiJIUzM4NCJ9.eyJzdWIiOiJwZXJmX3VzZXJfNjY3IiwidXNlcklkIjozMDY3MSwiaWF0IjoxNzgwNDk1MDc3LCJleHAiOjE3ODA1MDIyNzd9.ZPdJ5pgN19KRACeWK9tmiawMnf3BuG8imMtt34L1OPHtU0sTX1xN66MqI3bRgM1e
1780495131432629,30771,eyJhbGciOiJIUzM4NCJ9.eyJzdWIiOiJwZXJmX3VzZXJfNzY3IiwidXNlcklkIjozMDc3MSwiaWF0IjoxNzgwNDk1MDc3LCJleHAiOjE3ODA1MDIyNzd9.BFNWosYDGNoIbejpi8SnjQOAvZXPgxREx4X89cXeDvwslzFt-cmcawbWnyaGulPw
1780495133685802,30871,eyJhbGciOiJIUzM4NCJ9.eyJzdWIiOiJwZXJmX3VzZXJfODY3IiwidXNlcklkIjozMDg3MSwiaWF0IjoxNzgwNDk1MDc4LCJleHAiOjE3ODA1MDIyNzh9.kt5JiNQFToUbA3N2JGHSyJ8y0e24WcbwHtASCZiFF50UDVwL-gIUCqyAFBZfuszC
1780495135919783,30971,eyJhbGciOiJIUzM4NCJ9.eyJzdWIiOiJwZXJmX3VzZXJfOTY3IiwidXNlcklkIjozMDk3MSwiaWF0IjoxNzgwNDk1MDc4LCJleHAiOjE3ODA1MDIyNzh9.BXX58vkLH0DdTc-tLRfMcgYL89sQjDcYJRHf6LEMPInFqBikLwV-vlnjtY0533eR
1780495138276921,31071,eyJhbGciOiJIUzM4NCJ9.eyJzdWIiOiJwZXJmX3VzZXJfMTA2NyIsInVzZXJJZCI6MzEwNzEsImlhdCI6MTc4MDQ5NTA3OCwiZXhwIjoxNzgwNTAyMjc4fQ.T-qmmw38j_JXO6GHZ5q_uFapfqv-rbaRTrIeuK7WwVa14jkG0cas3kct_l1jcLq9
1780495140509003,31171,eyJhbGciOiJIUzM4NCJ9.eyJzdWIiOiJwZXJmX3VzZXJfMTE2NyIsInVzZXJJZCI6MzExNzEsImlhdCI6MTc4MDQ5NTA3OCwiZXhwIjoxNzgwNTAyMjc4fQ.VJ27NNi7Ih53KC9LS9X-4s519JOUJzMhop2zEXsznZnbno-HIHZ-qrVsYhd_Dqo8
1780495142691200,31271,eyJhbGciOiJIUzM4NCJ9.eyJzdWIiOiJwZXJmX3VzZXJfMTI2NyIsInVzZXJJZCI6MzEyNzEsImlhdCI6MTc4MDQ5NTA3OCwiZXhwIjoxNzgwNTAyMjc4fQ.H-MwHheRLVV509jN8CfB3AszGhsyu6bGfAWB5coy4woqe2cu77RnROEKNbPotONy
1780495144893841,31371,eyJhbGciOiJIUzM4NCJ9.eyJzdWIiOiJwZXJmX3VzZXJfMTM2NyIsInVzZXJJZCI6MzEzNzEsImlhdCI6MTc4MDQ5NTA3OCwiZXhwIjoxNzgwNTAyMjc4fQ.oLZPCIyghPU9O5h1cNieEC30g1F-6Rcv1i7zOEC7kT5HbZMrRc-0i_cKxoSU3rjT
1780495147099053,31471,eyJhbGciOiJIUzM4NCJ9.eyJzdWIiOiJwZXJmX3VzZXJfMTQ2NyIsInVzZXJJZCI6MzE0NzEsImlhdCI6MTc4MDQ5NTA3OCwiZXhwIjoxNzgwNTAyMjc4fQ.RH03XbdSGO6Lthotl5X9tn2z8poqrQBPV9JLD5peXt9mS65H5xFUOeTdd0xJQU5J
1780495149376540,31571,eyJhbGciOiJIUzM4NCJ9.eyJzdWIiOiJwZXJmX3VzZXJfMTU2NyIsInVzZXJJZCI6MzE1NzEsImlhdCI6MTc4MDQ5NTA3OCwiZXhwIjoxNzgwNTAyMjc4fQ.PuVsB7K8884hK3unfup-3n4Nr6fDtjaAxaWub3lO8qjmwOPSzFJJFu6ig6WBgUt6
1780495115697720,30072,eyJhbGciOiJIUzM4NCJ9.eyJzdWIiOiJwZXJmX3VzZXJfNjgiLCJ1c2VySWQiOjMwMDcyLCJpYXQiOjE3ODA0OTUwNzYsImV4cCI6MTc4MDUwMjI3Nn0.2UJXtZAsZ9ccl1WAeeFQ43162kbYQnc_tbAve-1-Pw1iadM0ZyK6TMBMhHovYQrE
1780495117892200,30172,eyJhbGciOiJIUzM4NCJ9.eyJzdWIiOiJwZXJmX3VzZXJfMTY4IiwidXNlcklkIjozMDE3MiwiaWF0IjoxNzgwNDk1MDc3LCJleHAiOjE3ODA1MDIyNzd9.51XbyDHUCU53kYwuJTLdBrbS-tqod2S1yHN6DYRNelaCbLZIPnd8fCQ6uAwPQ7sr
1780495120168279,30272,eyJhbGciOiJIUzM4NCJ9.eyJzdWIiOiJwZXJmX3VzZXJfMjY4IiwidXNlcklkIjozMDI3MiwiaWF0IjoxNzgwNDk1MDc3LCJleHAiOjE3ODA1MDIyNzd9.2qFFUamZAF3aq_zKtcbmjAlogELPdIxIAvONe6mnESyJpiU_Ym4Emsxf3hsRNx64
1780495122399886,30372,eyJhbGciOiJIUzM4NCJ9.eyJzdWIiOiJwZXJmX3VzZXJfMzY4IiwidXNlcklkIjozMDM3MiwiaWF0IjoxNzgwNDk1MDc3LCJleHAiOjE3ODA1MDIyNzd9.ASV6Lwt3TSc9G9Mg08Bcl_sxOOHHAVbmDpR0cmwd-0mVSsSJS08N9FEctPX0d8lB
1780495124624826,30472,eyJhbGciOiJIUzM4NCJ9.eyJzdWIiOiJwZXJmX3VzZXJfNDY4IiwidXNlcklkIjozMDQ3MiwiaWF0IjoxNzgwNDk1MDc3LCJleHAiOjE3ODA1MDIyNzd9.rmbVQ139lV2IlJeOZ6ip2_WR16vVOy0HNAEd8EYc8ogAkYdyZbNGsF-cwy7aa68u
1780495126897911,30572,eyJhbGciOiJIUzM4NCJ9.eyJzdWIiOiJwZXJmX3VzZXJfNTY4IiwidXNlcklkIjozMDU3MiwiaWF0IjoxNzgwNDk1MDc3LCJleHAiOjE3ODA1MDIyNzd9.Iaw4IhWu7fLnG_tTGkemOczC2I0a6HRoTas7OGynNHt-eK6aW5zOx-2StdGfPbjI
1780495129156031,30672,eyJhbGciOiJIUzM4NCJ9.eyJzdWIiOiJwZXJmX3VzZXJfNjY4IiwidXNlcklkIjozMDY3MiwiaWF0IjoxNzgwNDk1MDc3LCJleHAiOjE3ODA1MDIyNzd9.kTuvokuK_LJE-25zjaXt_AJ_jWMW89rKo9Chjx8k8YjE9fD_D94roZHPEcDex4vG
1780495131432629,30772,eyJhbGciOiJIUzM4NCJ9.eyJzdWIiOiJwZXJmX3VzZXJfNzY4IiwidXNlcklkIjozMDc3MiwiaWF0IjoxNzgwNDk1MDc3LCJleHAiOjE3ODA1MDIyNzd9.-5kIY9-Vv17pC_IfquNapOlbH0OTOOxX4K0xOzKlnvoOmB00DGWg86WjSagral5M
1780495133685802,30872,eyJhbGciOiJIUzM4NCJ9.eyJzdWIiOiJwZXJmX3VzZXJfODY4IiwidXNlcklkIjozMDg3MiwiaWF0IjoxNzgwNDk1MDc4LCJleHAiOjE3ODA1MDIyNzh9.tDz9ZA-8r_9Zf0AxwGt9shkvTrTPsi0R4WFZdqRfGRYhXJzbkKoU2OmdIp_Ig3WX
1780495135919783,30972,eyJhbGciOiJIUzM4NCJ9.eyJzdWIiOiJwZXJmX3VzZXJfOTY4IiwidXNlcklkIjozMDk3MiwiaWF0IjoxNzgwNDk1MDc4LCJleHAiOjE3ODA1MDIyNzh9.nPYMfMxK61BGPy9UBf8QkeR4WyeTJRRuXl_a84vO5KtDLKv0gzKCOMdiZT1aOPtV
1780495138276921,31072,eyJhbGciOiJIUzM4NCJ9.eyJzdWIiOiJwZXJmX3VzZXJfMTA2OCIsInVzZXJJZCI6MzEwNzIsImlhdCI6MTc4MDQ5NTA3OCwiZXhwIjoxNzgwNTAyMjc4fQ.r0H_GGCll-51F6q4XWQQHHFXTq4kGiJJIeUDb6sJ_u1ujmQbM6XQMJxOFVYcIPOV
1780495140509003,31172,eyJhbGciOiJIUzM4NCJ9.eyJzdWIiOiJwZXJmX3VzZXJfMTE2OCIsInVzZXJJZCI6MzExNzIsImlhdCI6MTc4MDQ5NTA3OCwiZXhwIjoxNzgwNTAyMjc4fQ.cf3kzxMvJOKj_J4OKoyxWREvQt7JrWakNvIP8OF4q44BI8fIlhJl8Zv71qLQnI2B
1780495142691200,31272,eyJhbGciOiJIUzM4NCJ9.eyJzdWIiOiJwZXJmX3VzZXJfMTI2OCIsInVzZXJJZCI6MzEyNzIsImlhdCI6MTc4MDQ5NTA3OCwiZXhwIjoxNzgwNTAyMjc4fQ.2NgRi90P9G6LAXZuYrdA9CLXN-RHjS5HN4358pScXoVIwNZCJQAjpLW6I2uvbiny
1780495144893841,31372,eyJhbGciOiJIUzM4NCJ9.eyJzdWIiOiJwZXJmX3VzZXJfMTM2OCIsInVzZXJJZCI6MzEzNzIsImlhdCI6MTc4MDQ5NTA3OCwiZXhwIjoxNzgwNTAyMjc4fQ.AFo6VBXomRKRq-S9kD4uif63nJZ1d2rXt3yovdrPgjDrHPMtFiLX7iep6bVdDJJ0
1780495147099053,31472,eyJhbGciOiJIUzM4NCJ9.eyJzdWIiOiJwZXJmX3VzZXJfMTQ2OCIsInVzZXJJZCI6MzE0NzIsImlhdCI6MTc4MDQ5NTA3OCwiZXhwIjoxNzgwNTAyMjc4fQ.4Zb28ahFOShXAtr_vKMYfdJr82CXEIUSFKz9tDZvUFkjGG0kG2bUIR0ZmDUAwknr
1780495149376540,31572,eyJhbGciOiJIUzM4NCJ9.eyJzdWIiOiJwZXJmX3VzZXJfMTU2OCIsInVzZXJJZCI6MzE1NzIsImlhdCI6MTc4MDQ5NTA3OCwiZXhwIjoxNzgwNTAyMjc4fQ._-swpXPN-Bu2eNGAv0Trfdtk7TjAjRFTujTkEJmVETnHsGgmPdmyGBHNw3efTq18
1780495115697720,30073,eyJhbGciOiJIUzM4NCJ9.eyJzdWIiOiJwZXJmX3VzZXJfNjkiLCJ1c2VySWQiOjMwMDczLCJpYXQiOjE3ODA0OTUwNzYsImV4cCI6MTc4MDUwMjI3Nn0.A8XuZ7h1whOFmKce5QY3NSpbd4ICAz8vyVc6EAq3SZ3LsJ3yGB5fQ_D0OuHmFoju
1780495117892200,30173,eyJhbGciOiJIUzM4NCJ9.eyJzdWIiOiJwZXJmX3VzZXJfMTY5IiwidXNlcklkIjozMDE3MywiaWF0IjoxNzgwNDk1MDc3LCJleHAiOjE3ODA1MDIyNzd9.z_8RgCC1H5MUykk1pVpp326LsX-FEAkamwg_IYe9aODGs7edSQQamGj_p_cCdCJv
1780495120168279,30273,eyJhbGciOiJIUzM4NCJ9.eyJzdWIiOiJwZXJmX3VzZXJfMjY5IiwidXNlcklkIjozMDI3MywiaWF0IjoxNzgwNDk1MDc3LCJleHAiOjE3ODA1MDIyNzd9.yXuIQORZwp2pttLT1Doxs1m7CAiIfAfzKX08lBjIhAcAL1-xl03FvmaAMS_WQh0V
1780495122399886,30373,eyJhbGciOiJIUzM4NCJ9.eyJzdWIiOiJwZXJmX3VzZXJfMzY5IiwidXNlcklkIjozMDM3MywiaWF0IjoxNzgwNDk1MDc3LCJleHAiOjE3ODA1MDIyNzd9.zZa6EfUEjM7KmEM_1LcLWQFxmdT02KyKzr2aSOcBRM-96K_h9XYrmdqkc2nMI7_y
1780495124624826,30473,eyJhbGciOiJIUzM4NCJ9.eyJzdWIiOiJwZXJmX3VzZXJfNDY5IiwidXNlcklkIjozMDQ3MywiaWF0IjoxNzgwNDk1MDc3LCJleHAiOjE3ODA1MDIyNzd9.QF_mR9SRgO1D_qmQs9ioFEpaiQQSRzAob2emrAhHlW1-T8-gG498nbMl72567kF3
1780495126897911,30573,eyJhbGciOiJIUzM4NCJ9.eyJzdWIiOiJwZXJmX3VzZXJfNTY5IiwidXNlcklkIjozMDU3MywiaWF0IjoxNzgwNDk1MDc3LCJleHAiOjE3ODA1MDIyNzd9.pEW8E6VntnGHYOa_deG6A22vZXQXI3ZHWe5d8lBokkTS1wqU0FhicPwrXgdOhw0I
1780495129156031,30673,eyJhbGciOiJIUzM4NCJ9.eyJzdWIiOiJwZXJmX3VzZXJfNjY5IiwidXNlcklkIjozMDY3MywiaWF0IjoxNzgwNDk1MDc3LCJleHAiOjE3ODA1MDIyNzd9.OwVWjfthKaoXlDhtnbmJePqhGWb6kp3WI328IfODj5Iw7mBO-z46Ke6QcHu5m3NZ
1780495131432629,30773,eyJhbGciOiJIUzM4NCJ9.eyJzdWIiOiJwZXJmX3VzZXJfNzY5IiwidXNlcklkIjozMDc3MywiaWF0IjoxNzgwNDk1MDc3LCJleHAiOjE3ODA1MDIyNzd9.-PCwoT10OZPkd0nYhGtjPp9Q749gD155ba-adCKO7aNlzK3KfgyGBl6VWWxpr87D
1780495133685802,30873,eyJhbGciOiJIUzM4NCJ9.eyJzdWIiOiJwZXJmX3VzZXJfODY5IiwidXNlcklkIjozMDg3MywiaWF0IjoxNzgwNDk1MDc4LCJleHAiOjE3ODA1MDIyNzh9.BjhOZ0U1doYqRfuusxBjP_x5Oib3dIGseG7U06cALG7fZmHt_q24ZocYMe5jxQZy
1780495135919783,30973,eyJhbGciOiJIUzM4NCJ9.eyJzdWIiOiJwZXJmX3VzZXJfOTY5IiwidXNlcklkIjozMDk3MywiaWF0IjoxNzgwNDk1MDc4LCJleHAiOjE3ODA1MDIyNzh9._fsbsO6DlzvncJoyWvx2QwCoDSrfCiqqFj6WGs6pc8H4vOBe0APW6ucnaZ979l7g
1780495138276921,31073,eyJhbGciOiJIUzM4NCJ9.eyJzdWIiOiJwZXJmX3VzZXJfMTA2OSIsInVzZXJJZCI6MzEwNzMsImlhdCI6MTc4MDQ5NTA3OCwiZXhwIjoxNzgwNTAyMjc4fQ.SkPdWM8z6nmJAhMaD-yTcxfimaYQw80vAk5CDK0_lEGqO-rG3aj1lYzPl5Isiq-4
1780495140509003,31173,eyJhbGciOiJIUzM4NCJ9.eyJzdWIiOiJwZXJmX3VzZXJfMTE2OSIsInVzZXJJZCI6MzExNzMsImlhdCI6MTc4MDQ5NTA3OCwiZXhwIjoxNzgwNTAyMjc4fQ.Ywox9dpfnTvmul6ATjFKl7iwlgBVwQRBPEepte8uzSuBba5CtaRSTlC41-lJCA9Y
1780495142691200,31273,eyJhbGciOiJIUzM4NCJ9.eyJzdWIiOiJwZXJmX3VzZXJfMTI2OSIsInVzZXJJZCI6MzEyNzMsImlhdCI6MTc4MDQ5NTA3OCwiZXhwIjoxNzgwNTAyMjc4fQ.55aLxj2YQM2fO7DT0m9rMMdFcTsplx19J6vE138tyHrwTDCXWahNT_g-uMEtYPZx
1780495144893841,31373,eyJhbGciOiJIUzM4NCJ9.eyJzdWIiOiJwZXJmX3VzZXJfMTM2OSIsInVzZXJJZCI6MzEzNzMsImlhdCI6MTc4MDQ5NTA3OCwiZXhwIjoxNzgwNTAyMjc4fQ.BaqsUuPxqkSMKARKaEOyyh45dQehNLCWCyDc6MbYc6vw5mQHGNz5Gzhv-C_ti8T9
1780495147099053,31473,eyJhbGciOiJIUzM4NCJ9.eyJzdWIiOiJwZXJmX3VzZXJfMTQ2OSIsInVzZXJJZCI6MzE0NzMsImlhdCI6MTc4MDQ5NTA3OCwiZXhwIjoxNzgwNTAyMjc4fQ.Xwg2TI5Jxxb8XuVuvVge3dK9KPa7iKDBmcy_F8nwUKtJeQBZ0XKPURCpSbfwpo6O
1780495149376540,31573,eyJhbGciOiJIUzM4NCJ9.eyJzdWIiOiJwZXJmX3VzZXJfMTU2OSIsInVzZXJJZCI6MzE1NzMsImlhdCI6MTc4MDQ5NTA3OCwiZXhwIjoxNzgwNTAyMjc4fQ.HV9CEG4XCSke1GLwwC-HXdMcnXqK8sqhwbPqcc41hpYJyh3HWwLEEhr6SDb7KeFp
1780495115697720,30074,eyJhbGciOiJIUzM4NCJ9.eyJzdWIiOiJwZXJmX3VzZXJfNzAiLCJ1c2VySWQiOjMwMDc0LCJpYXQiOjE3ODA0OTUwNzYsImV4cCI6MTc4MDUwMjI3Nn0.Aii4DvWt3n_KDB8bPrPQj7Cei5EKLJ4-kJ5yaHe5Bw_ndxtmaFop36OoPM0SwiaE
1780495117892200,30174,eyJhbGciOiJIUzM4NCJ9.eyJzdWIiOiJwZXJmX3VzZXJfMTcwIiwidXNlcklkIjozMDE3NCwiaWF0IjoxNzgwNDk1MDc3LCJleHAiOjE3ODA1MDIyNzd9.OTr-YazilTTWOmNZCr9hEwF19AbX0dbW_R1LaOnBugfedjpYHXs7_IzUCLZg190Z
1780495120168279,30274,eyJhbGciOiJIUzM4NCJ9.eyJzdWIiOiJwZXJmX3VzZXJfMjcwIiwidXNlcklkIjozMDI3NCwiaWF0IjoxNzgwNDk1MDc3LCJleHAiOjE3ODA1MDIyNzd9.qGbN7eVcXthmPPEqhq-LazIG4cAWnYcskJEdVkuE2GJ0j4KKxLRJNw7F-aM_iCqN
1780495122399886,30374,eyJhbGciOiJIUzM4NCJ9.eyJzdWIiOiJwZXJmX3VzZXJfMzcwIiwidXNlcklkIjozMDM3NCwiaWF0IjoxNzgwNDk1MDc3LCJleHAiOjE3ODA1MDIyNzd9.TIFJ7MKaxbbUSvDbsW_2VUGw8F6SoCU_YJ82glliyYZiXhnhfETOrMGKXq12Luk2
1780495124624826,30474,eyJhbGciOiJIUzM4NCJ9.eyJzdWIiOiJwZXJmX3VzZXJfNDcwIiwidXNlcklkIjozMDQ3NCwiaWF0IjoxNzgwNDk1MDc3LCJleHAiOjE3ODA1MDIyNzd9._kt9Nsww08LOPPIthockjYnkUz4hgORGNtUqYAZedExbvKmdHnBq_pHAfD4fxg6U
1780495126897911,30574,eyJhbGciOiJIUzM4NCJ9.eyJzdWIiOiJwZXJmX3VzZXJfNTcwIiwidXNlcklkIjozMDU3NCwiaWF0IjoxNzgwNDk1MDc3LCJleHAiOjE3ODA1MDIyNzd9.jsl_3G3TB-To69Bec4a0zKtKtj652X-g3wIf_QLqAFeJYplfJ7RkIwyzm_myNavn
1780495129156031,30674,eyJhbGciOiJIUzM4NCJ9.eyJzdWIiOiJwZXJmX3VzZXJfNjcwIiwidXNlcklkIjozMDY3NCwiaWF0IjoxNzgwNDk1MDc3LCJleHAiOjE3ODA1MDIyNzd9.U9wb35JvxPCkQ_n3UIo4Jh8af4qiLhtrAxrcGMwy9Ad3JUKrgvSzKS3LigfxH84q
1780495131432629,30774,eyJhbGciOiJIUzM4NCJ9.eyJzdWIiOiJwZXJmX3VzZXJfNzcwIiwidXNlcklkIjozMDc3NCwiaWF0IjoxNzgwNDk1MDc3LCJleHAiOjE3ODA1MDIyNzd9.COhj0wC_OxZORNSC1EhFuutGcEqjf60jCQMuF_QOdXnDBdwHEyAY7lvXdMIheWXb
1780495133685802,30874,eyJhbGciOiJIUzM4NCJ9.eyJzdWIiOiJwZXJmX3VzZXJfODcwIiwidXNlcklkIjozMDg3NCwiaWF0IjoxNzgwNDk1MDc4LCJleHAiOjE3ODA1MDIyNzh9.XD4OrapxyTWb8m5rfAGDbWOQpyPT_iPZ_AopmI-JN1HQ-xdwF-ajH5leFgjUz09e
1780495135919783,30974,eyJhbGciOiJIUzM4NCJ9.eyJzdWIiOiJwZXJmX3VzZXJfOTcwIiwidXNlcklkIjozMDk3NCwiaWF0IjoxNzgwNDk1MDc4LCJleHAiOjE3ODA1MDIyNzh9.RFKOLy_AaN7UyPGqWABb85LR0iPp4yUlvkDw-Zuue5V96zv9Cno5smiVugRN5yFK
1780495138276921,31074,eyJhbGciOiJIUzM4NCJ9.eyJzdWIiOiJwZXJmX3VzZXJfMTA3MCIsInVzZXJJZCI6MzEwNzQsImlhdCI6MTc4MDQ5NTA3OCwiZXhwIjoxNzgwNTAyMjc4fQ.VDP94QEnjXYlTH7b4tdYUvNUF84hAjFPmoWgVpDRgEA6t-5cqas7oe-8MGSfd4JU
1780495140509003,31174,eyJhbGciOiJIUzM4NCJ9.eyJzdWIiOiJwZXJmX3VzZXJfMTE3MCIsInVzZXJJZCI6MzExNzQsImlhdCI6MTc4MDQ5NTA3OCwiZXhwIjoxNzgwNTAyMjc4fQ.jLGWqfVg3x9MTA6m0kKIzPAx0rnrPIbf8yXKsJvXz3OI15skf7fhD5BCDOGJnbw5
1780495142691200,31274,eyJhbGciOiJIUzM4NCJ9.eyJzdWIiOiJwZXJmX3VzZXJfMTI3MCIsInVzZXJJZCI6MzEyNzQsImlhdCI6MTc4MDQ5NTA3OCwiZXhwIjoxNzgwNTAyMjc4fQ.uqH3LnTVtXKfDBR9RDZa3bl6_2CK0qKSSX7fK4j3uvZJc0IoBC2tXMxhi7u4d0E0
1780495144893841,31374,eyJhbGciOiJIUzM4NCJ9.eyJzdWIiOiJwZXJmX3VzZXJfMTM3MCIsInVzZXJJZCI6MzEzNzQsImlhdCI6MTc4MDQ5NTA3OCwiZXhwIjoxNzgwNTAyMjc4fQ.A9wzoiZYaHNu7FPRXdRDDvrZ4pfroXGwAAuOIY0xFxywPP_BQGwEO_NYA70Mtmoi
1780495147099053,31474,eyJhbGciOiJIUzM4NCJ9.eyJzdWIiOiJwZXJmX3VzZXJfMTQ3MCIsInVzZXJJZCI6MzE0NzQsImlhdCI6MTc4MDQ5NTA3OCwiZXhwIjoxNzgwNTAyMjc4fQ.Lmvile0qKB3tAVkXqxpnIJzwErDyic9QBm0F0ha4z1gF7pWeXv63gNQUNks7uE-0
1780495149376540,31574,eyJhbGciOiJIUzM4NCJ9.eyJzdWIiOiJwZXJmX3VzZXJfMTU3MCIsInVzZXJJZCI6MzE1NzQsImlhdCI6MTc4MDQ5NTA3OCwiZXhwIjoxNzgwNTAyMjc4fQ.LN_S5i3X9AozgKqMcBBN5ZZZvQWLNV2nMnxRtD5djg41p_4zqhz7oiHokGoQe0AQ
1780495115697720,30075,eyJhbGciOiJIUzM4NCJ9.eyJzdWIiOiJwZXJmX3VzZXJfNzEiLCJ1c2VySWQiOjMwMDc1LCJpYXQiOjE3ODA0OTUwNzYsImV4cCI6MTc4MDUwMjI3Nn0.T_xRb66nK8gWFhokNzHP7yh7wlGW_y9QNL8jUqRD2CUzgh0_2qI8XmWhl1Ezj-RA
1780495117892200,30175,eyJhbGciOiJIUzM4NCJ9.eyJzdWIiOiJwZXJmX3VzZXJfMTcxIiwidXNlcklkIjozMDE3NSwiaWF0IjoxNzgwNDk1MDc3LCJleHAiOjE3ODA1MDIyNzd9.iPXl7hDqsF3HXCvjd8sUgT9ozPSNaYXB2OmUCkoBnB_BPt3DXwqLNWBlzuhZzaFK
1780495120168279,30275,eyJhbGciOiJIUzM4NCJ9.eyJzdWIiOiJwZXJmX3VzZXJfMjcxIiwidXNlcklkIjozMDI3NSwiaWF0IjoxNzgwNDk1MDc3LCJleHAiOjE3ODA1MDIyNzd9.1mh-Xcunpvaqo7FU3r7tx89GYxVycxUjLvvtpWXyG_RcoZL6tt3EzLTceW5RtktM
1780495122399886,30375,eyJhbGciOiJIUzM4NCJ9.eyJzdWIiOiJwZXJmX3VzZXJfMzcxIiwidXNlcklkIjozMDM3NSwiaWF0IjoxNzgwNDk1MDc3LCJleHAiOjE3ODA1MDIyNzd9.qpq1kIhVBgRmxHk_uW8yb27RWX_URgm6w-StJnQFJVqhFS2ZuYl87xGR1u5YqctU
1780495124624826,30475,eyJhbGciOiJIUzM4NCJ9.eyJzdWIiOiJwZXJmX3VzZXJfNDcxIiwidXNlcklkIjozMDQ3NSwiaWF0IjoxNzgwNDk1MDc3LCJleHAiOjE3ODA1MDIyNzd9.jQYGZETaQVTc83CF8PseYaSoB4FLqr3gmlWejslSVb5iqTlDLh0Ao3yLXbQLEAOg
1780495126897911,30575,eyJhbGciOiJIUzM4NCJ9.eyJzdWIiOiJwZXJmX3VzZXJfNTcxIiwidXNlcklkIjozMDU3NSwiaWF0IjoxNzgwNDk1MDc3LCJleHAiOjE3ODA1MDIyNzd9.26nkoTZ0C-6MwR_8a2UHUel7vY1lkHgsaaRv5yx3FO55cA2XEq0svTiU2w_bJe83
1780495129156031,30675,eyJhbGciOiJIUzM4NCJ9.eyJzdWIiOiJwZXJmX3VzZXJfNjcxIiwidXNlcklkIjozMDY3NSwiaWF0IjoxNzgwNDk1MDc3LCJleHAiOjE3ODA1MDIyNzd9.BLcj0UYWvxMD0jjXbPv1wGnuHYQsZxBg93OueelveSG_zywSOQlwRSNRiJaRF5Zx
1780495131432629,30775,eyJhbGciOiJIUzM4NCJ9.eyJzdWIiOiJwZXJmX3VzZXJfNzcxIiwidXNlcklkIjozMDc3NSwiaWF0IjoxNzgwNDk1MDc3LCJleHAiOjE3ODA1MDIyNzd9.3dx_yBkDEfkiboGlSn4sxlN32FUlDiVGBKqn3lohtrwjf9x6RlQhI_L-_GWjbcGn
1780495133685802,30875,eyJhbGciOiJIUzM4NCJ9.eyJzdWIiOiJwZXJmX3VzZXJfODcxIiwidXNlcklkIjozMDg3NSwiaWF0IjoxNzgwNDk1MDc4LCJleHAiOjE3ODA1MDIyNzh9.Hg_cok8LoCTo-JuJq_P7m9I6M8toeQ3qNtKQjCKF0xpSGPkMpOmMTd1QBjYBm6Ge
1780495135919783,30975,eyJhbGciOiJIUzM4NCJ9.eyJzdWIiOiJwZXJmX3VzZXJfOTcxIiwidXNlcklkIjozMDk3NSwiaWF0IjoxNzgwNDk1MDc4LCJleHAiOjE3ODA1MDIyNzh9.cV8crmvmfA0ra3yIkqF7L8rH8wWroxJN02RkJRbwrlOM1vMJkIuHltVzqReyodEu
1780495138276921,31075,eyJhbGciOiJIUzM4NCJ9.eyJzdWIiOiJwZXJmX3VzZXJfMTA3MSIsInVzZXJJZCI6MzEwNzUsImlhdCI6MTc4MDQ5NTA3OCwiZXhwIjoxNzgwNTAyMjc4fQ.mbASbQlW93-vEVPcFM8bkMkiz09Lu_6s94S8Tv48DjT-YJMIO10yIYQtBXSpTN4G
1780495140509003,31175,eyJhbGciOiJIUzM4NCJ9.eyJzdWIiOiJwZXJmX3VzZXJfMTE3MSIsInVzZXJJZCI6MzExNzUsImlhdCI6MTc4MDQ5NTA3OCwiZXhwIjoxNzgwNTAyMjc4fQ.tkUzfPRl71nkSUgHLXg56zWZPwWj5_So08PK6llpzgToeo7KbTfp1uUpYhqvX8td
1780495142691200,31275,eyJhbGciOiJIUzM4NCJ9.eyJzdWIiOiJwZXJmX3VzZXJfMTI3MSIsInVzZXJJZCI6MzEyNzUsImlhdCI6MTc4MDQ5NTA3OCwiZXhwIjoxNzgwNTAyMjc4fQ.RtNLer-PZHaaE2bAy-QNAU3XErjDVvGbIFhDBh5_ClktQJ6olY5GfBzZ8o7s37JZ
1780495144893841,31375,eyJhbGciOiJIUzM4NCJ9.eyJzdWIiOiJwZXJmX3VzZXJfMTM3MSIsInVzZXJJZCI6MzEzNzUsImlhdCI6MTc4MDQ5NTA3OCwiZXhwIjoxNzgwNTAyMjc4fQ.4V2J3l2mVJY0DJK3FctKNhZ0Vtx7u0b9zx31t7FKw8iVdULz51AvchGlrrmxPth1
1780495147099053,31475,eyJhbGciOiJIUzM4NCJ9.eyJzdWIiOiJwZXJmX3VzZXJfMTQ3MSIsInVzZXJJZCI6MzE0NzUsImlhdCI6MTc4MDQ5NTA3OCwiZXhwIjoxNzgwNTAyMjc4fQ.wlASDoO31ZwzUKy1eXQM4bHZFdXi7XAsRt-6hvLvuE6BcL4tXo29iT_p8qrYg855
1780495149376540,31575,eyJhbGciOiJIUzM4NCJ9.eyJzdWIiOiJwZXJmX3VzZXJfMTU3MSIsInVzZXJJZCI6MzE1NzUsImlhdCI6MTc4MDQ5NTA3OCwiZXhwIjoxNzgwNTAyMjc4fQ.SNp4WgyN8_5axZVjp-DrJyiSgAWX65dEGApEDjMPi0Ls1pic0hyQIxEt61dmjZod
1780495115697720,30076,eyJhbGciOiJIUzM4NCJ9.eyJzdWIiOiJwZXJmX3VzZXJfNzIiLCJ1c2VySWQiOjMwMDc2LCJpYXQiOjE3ODA0OTUwNzYsImV4cCI6MTc4MDUwMjI3Nn0.7PidbT0oXlUOFko7BZI3TImliOs5y0GLfMkhNjEb2DKGUDsOLAylSNt7tu1cGDll
1780495117892200,30176,eyJhbGciOiJIUzM4NCJ9.eyJzdWIiOiJwZXJmX3VzZXJfMTcyIiwidXNlcklkIjozMDE3NiwiaWF0IjoxNzgwNDk1MDc3LCJleHAiOjE3ODA1MDIyNzd9.Gol26tYstDQtYKPWb4ns3WmBKXDU9GUL40wdB2wq8bDEDbCRx9VXvKUgsTojqHdQ
1780495120168279,30276,eyJhbGciOiJIUzM4NCJ9.eyJzdWIiOiJwZXJmX3VzZXJfMjcyIiwidXNlcklkIjozMDI3NiwiaWF0IjoxNzgwNDk1MDc3LCJleHAiOjE3ODA1MDIyNzd9.DZuxI-_hWTX8Aj9s3tvLgOt97Yx0VEug7XErMLE1zK3_zjTe0TnNFYW0vum1ab7x
1780495122399886,30376,eyJhbGciOiJIUzM4NCJ9.eyJzdWIiOiJwZXJmX3VzZXJfMzcyIiwidXNlcklkIjozMDM3NiwiaWF0IjoxNzgwNDk1MDc3LCJleHAiOjE3ODA1MDIyNzd9.JsgjWrKHpb3KolKbcXnJ-RN_xdQuLZyPm0B-ITLwk1W4MF31YB2Kt4dufAn_UgN4
1780495124624826,30476,eyJhbGciOiJIUzM4NCJ9.eyJzdWIiOiJwZXJmX3VzZXJfNDcyIiwidXNlcklkIjozMDQ3NiwiaWF0IjoxNzgwNDk1MDc3LCJleHAiOjE3ODA1MDIyNzd9.-tNFLO5Cr-KFkCGVQeg3fDHGtgzQ6uv0rpJTu-lekg9Xu6yYpoSV4D-rGN4dqgve
1780495126897911,30576,eyJhbGciOiJIUzM4NCJ9.eyJzdWIiOiJwZXJmX3VzZXJfNTcyIiwidXNlcklkIjozMDU3NiwiaWF0IjoxNzgwNDk1MDc3LCJleHAiOjE3ODA1MDIyNzd9.RrXl1QjwA2kt890arUK5rGCs0hk95AWKyZqKKQJZL7oxHrkAhhrnz2KYTSN3xRL0
1780495129156031,30676,eyJhbGciOiJIUzM4NCJ9.eyJzdWIiOiJwZXJmX3VzZXJfNjcyIiwidXNlcklkIjozMDY3NiwiaWF0IjoxNzgwNDk1MDc3LCJleHAiOjE3ODA1MDIyNzd9.znk1ldWkkPr9Oauxr1gxm5ze93au5nNXx0wweoG0P5h1pYzqqqf-iKYwJVpziey_
1780495131432629,30776,eyJhbGciOiJIUzM4NCJ9.eyJzdWIiOiJwZXJmX3VzZXJfNzcyIiwidXNlcklkIjozMDc3NiwiaWF0IjoxNzgwNDk1MDc3LCJleHAiOjE3ODA1MDIyNzd9.NWpL8aMk-sNRnnsm6Ed79D_9UMd2ND4Z3fEDkZ20ugHmFMMraVNcwQjaArIgRLLg
1780495133685802,30876,eyJhbGciOiJIUzM4NCJ9.eyJzdWIiOiJwZXJmX3VzZXJfODcyIiwidXNlcklkIjozMDg3NiwiaWF0IjoxNzgwNDk1MDc4LCJleHAiOjE3ODA1MDIyNzh9.pelyYrIyJtHvNc6szOqhhNMRaS7rzl3KfD2Tb3xGRhF6V1xktCgvTSufGm_g-uUI
1780495135919783,30976,eyJhbGciOiJIUzM4NCJ9.eyJzdWIiOiJwZXJmX3VzZXJfOTcyIiwidXNlcklkIjozMDk3NiwiaWF0IjoxNzgwNDk1MDc4LCJleHAiOjE3ODA1MDIyNzh9.EL8Yhd2VqaoSjpDzTpvPsSf2TDk3vDxE6lBFgaQh3rp_O69-JxPqhcx9gJE9kh0m
1780495138276921,31076,eyJhbGciOiJIUzM4NCJ9.eyJzdWIiOiJwZXJmX3VzZXJfMTA3MiIsInVzZXJJZCI6MzEwNzYsImlhdCI6MTc4MDQ5NTA3OCwiZXhwIjoxNzgwNTAyMjc4fQ.kU9zHZ6Ndx2Ac21-ziIa_85Vdw8hyCvfyjBH0SUP-dt3x18snfhfh5E0eB8GtwgR
1780495140509003,31176,eyJhbGciOiJIUzM4NCJ9.eyJzdWIiOiJwZXJmX3VzZXJfMTE3MiIsInVzZXJJZCI6MzExNzYsImlhdCI6MTc4MDQ5NTA3OCwiZXhwIjoxNzgwNTAyMjc4fQ.9bFp_I2uM097beuQSDdRABg0GN9wiXBcgS4mptwIxXlL2kQniwqScHpjNtguMsA_
1780495142691200,31276,eyJhbGciOiJIUzM4NCJ9.eyJzdWIiOiJwZXJmX3VzZXJfMTI3MiIsInVzZXJJZCI6MzEyNzYsImlhdCI6MTc4MDQ5NTA3OCwiZXhwIjoxNzgwNTAyMjc4fQ.IhRTvh_gDvWHoFWmvzV8CjpYblBZWRWoOBno6iPrziuXExryHHXOEKdJD7q9rWjl
1780495144893841,31376,eyJhbGciOiJIUzM4NCJ9.eyJzdWIiOiJwZXJmX3VzZXJfMTM3MiIsInVzZXJJZCI6MzEzNzYsImlhdCI6MTc4MDQ5NTA3OCwiZXhwIjoxNzgwNTAyMjc4fQ.sk6XGoacSTo4Iz7xN0cv3iDOcGchkjzu6KK-lxtYkDvR5r4lWVRS9YhJtRQ8GqvM
1780495147099053,31476,eyJhbGciOiJIUzM4NCJ9.eyJzdWIiOiJwZXJmX3VzZXJfMTQ3MiIsInVzZXJJZCI6MzE0NzYsImlhdCI6MTc4MDQ5NTA3OCwiZXhwIjoxNzgwNTAyMjc4fQ.n0NX00PLZqao2jOQvm0UCH_bsZmzWwZIzO9Tqf1JFF3P06l8NSZ06gGikc1HkgFA
1780495149376540,31576,eyJhbGciOiJIUzM4NCJ9.eyJzdWIiOiJwZXJmX3VzZXJfMTU3MiIsInVzZXJJZCI6MzE1NzYsImlhdCI6MTc4MDQ5NTA3OCwiZXhwIjoxNzgwNTAyMjc4fQ.VRxCrdvtNBLg0RDbTY6znDfdgSxYlwD5f9oNsG0ifwY1uTWkUSbcJs5ZYdB4W1zQ
1780495115697720,30077,eyJhbGciOiJIUzM4NCJ9.eyJzdWIiOiJwZXJmX3VzZXJfNzMiLCJ1c2VySWQiOjMwMDc3LCJpYXQiOjE3ODA0OTUwNzYsImV4cCI6MTc4MDUwMjI3Nn0.sDw-08lk8zCT5s_1j_ToSNp8M87V15E9vPb7LuPHhGMfg0vfPnLTxiT75vWeH1w0
1780495117892200,30177,eyJhbGciOiJIUzM4NCJ9.eyJzdWIiOiJwZXJmX3VzZXJfMTczIiwidXNlcklkIjozMDE3NywiaWF0IjoxNzgwNDk1MDc3LCJleHAiOjE3ODA1MDIyNzd9.qpuMXXwGyE9PQZGdrGfzYp4ETxxrGmgyyMcKMRxqg6wt95GlCmjTwNYt_5Nvdv20
1780495120168279,30277,eyJhbGciOiJIUzM4NCJ9.eyJzdWIiOiJwZXJmX3VzZXJfMjczIiwidXNlcklkIjozMDI3NywiaWF0IjoxNzgwNDk1MDc3LCJleHAiOjE3ODA1MDIyNzd9.n4F-GDjVk10nUzilEKCdbCjiDMFvyFoED8X9XQ1VDjYTugTBl5dfdMx5u2VcQ0Jg
1780495122399886,30377,eyJhbGciOiJIUzM4NCJ9.eyJzdWIiOiJwZXJmX3VzZXJfMzczIiwidXNlcklkIjozMDM3NywiaWF0IjoxNzgwNDk1MDc3LCJleHAiOjE3ODA1MDIyNzd9.-8oXGIrinqXsCqRgBHI5pnIHRTkoT-hrrnN2BkMKGlM99t-j2ZY5i1Ykrx6THT0d
1780495124624826,30477,eyJhbGciOiJIUzM4NCJ9.eyJzdWIiOiJwZXJmX3VzZXJfNDczIiwidXNlcklkIjozMDQ3NywiaWF0IjoxNzgwNDk1MDc3LCJleHAiOjE3ODA1MDIyNzd9.mspguzOGHckmSRFvuAdM_P44MSXYUoXfZ2USd3wNEiRMhCGRA6agWM6fvdOn5J7Y
1780495126897911,30577,eyJhbGciOiJIUzM4NCJ9.eyJzdWIiOiJwZXJmX3VzZXJfNTczIiwidXNlcklkIjozMDU3NywiaWF0IjoxNzgwNDk1MDc3LCJleHAiOjE3ODA1MDIyNzd9.SYBKOPQ3Ag2dnfh90kPH5SMtbqz3kHIEtEpuzzaWMQIWsmLZWwO2RLn8e_0U6Xld
1780495129156031,30677,eyJhbGciOiJIUzM4NCJ9.eyJzdWIiOiJwZXJmX3VzZXJfNjczIiwidXNlcklkIjozMDY3NywiaWF0IjoxNzgwNDk1MDc3LCJleHAiOjE3ODA1MDIyNzd9.EtnqGaM6lOXMDK0MLPiQqEKGPXEdncddALcgpBhAjB9R5P2gIrTYWgpBQy_50SAT
1780495131432629,30777,eyJhbGciOiJIUzM4NCJ9.eyJzdWIiOiJwZXJmX3VzZXJfNzczIiwidXNlcklkIjozMDc3NywiaWF0IjoxNzgwNDk1MDc3LCJleHAiOjE3ODA1MDIyNzd9.FhCrvxRebabyXXEqY3RI7eB4Na5MaWbWkvh2KwlIMJ8q6xLg6ComnS3NeX_Qw5fC
1780495133685802,30877,eyJhbGciOiJIUzM4NCJ9.eyJzdWIiOiJwZXJmX3VzZXJfODczIiwidXNlcklkIjozMDg3NywiaWF0IjoxNzgwNDk1MDc4LCJleHAiOjE3ODA1MDIyNzh9.QF8O3GrISF3zeH0u0qTCFiTq9Z9SEA5pX614VN5LryRtOo0MajAFME6U7eGkAX5I
1780495135919783,30977,eyJhbGciOiJIUzM4NCJ9.eyJzdWIiOiJwZXJmX3VzZXJfOTczIiwidXNlcklkIjozMDk3NywiaWF0IjoxNzgwNDk1MDc4LCJleHAiOjE3ODA1MDIyNzh9.RLVKjUve5dAVDm50X5yy2ITvjsIIgQ73QwRf4VUvtCDtbOb2IDRW41S55r_FsTF6
1780495138276921,31077,eyJhbGciOiJIUzM4NCJ9.eyJzdWIiOiJwZXJmX3VzZXJfMTA3MyIsInVzZXJJZCI6MzEwNzcsImlhdCI6MTc4MDQ5NTA3OCwiZXhwIjoxNzgwNTAyMjc4fQ.1KJ2ioBDELrxN32lwE-_dsk7dPPPeFF-luVZzN1IIedjt8JcPQmoXGvjOaKH9D18
1780495140509003,31177,eyJhbGciOiJIUzM4NCJ9.eyJzdWIiOiJwZXJmX3VzZXJfMTE3MyIsInVzZXJJZCI6MzExNzcsImlhdCI6MTc4MDQ5NTA3OCwiZXhwIjoxNzgwNTAyMjc4fQ.csnmXIA8K9SJxg1bRiKfdm8TLsSIeezTuKB6fISuY7bZjiWznEFd2ScMO5IR9VR5
1780495142691200,31277,eyJhbGciOiJIUzM4NCJ9.eyJzdWIiOiJwZXJmX3VzZXJfMTI3MyIsInVzZXJJZCI6MzEyNzcsImlhdCI6MTc4MDQ5NTA3OCwiZXhwIjoxNzgwNTAyMjc4fQ.d6b8lLOmeyRFMe8hm7YntiQT4HQiNB73-4f9nRKA1VTJtJ6gDTgNGSSe3Tc0ssLT
1780495144893841,31377,eyJhbGciOiJIUzM4NCJ9.eyJzdWIiOiJwZXJmX3VzZXJfMTM3MyIsInVzZXJJZCI6MzEzNzcsImlhdCI6MTc4MDQ5NTA3OCwiZXhwIjoxNzgwNTAyMjc4fQ.ol4HvWZBz_g_uI-Fe9AhUJMfVpYk1XLMtxrZxn8Gc0CJ6yIUf519LeFoFUcAJ0aH
1780495147099053,31477,eyJhbGciOiJIUzM4NCJ9.eyJzdWIiOiJwZXJmX3VzZXJfMTQ3MyIsInVzZXJJZCI6MzE0NzcsImlhdCI6MTc4MDQ5NTA3OCwiZXhwIjoxNzgwNTAyMjc4fQ.sFZnV4AqL1UviHVjejVzWCMO-qHigtILhl0cdA6-p3D8fkG8a6zF8KjLQq8QLY6V
1780495149376540,31577,eyJhbGciOiJIUzM4NCJ9.eyJzdWIiOiJwZXJmX3VzZXJfMTU3MyIsInVzZXJJZCI6MzE1NzcsImlhdCI6MTc4MDQ5NTA3OCwiZXhwIjoxNzgwNTAyMjc4fQ.zekIxMr35YgQGee99ITLPCeTXNSnXF6t3lmezZwcWLUtuOufaJhgjNzAT2Eae_0C
1780495115697720,30078,eyJhbGciOiJIUzM4NCJ9.eyJzdWIiOiJwZXJmX3VzZXJfNzQiLCJ1c2VySWQiOjMwMDc4LCJpYXQiOjE3ODA0OTUwNzYsImV4cCI6MTc4MDUwMjI3Nn0.5Dnc7e-_jpQhb56aRK8vJ69pYucmoBBtpHHCAEncH9uLaIwLoKA3dNoWgi2YF20A
1780495117892200,30178,eyJhbGciOiJIUzM4NCJ9.eyJzdWIiOiJwZXJmX3VzZXJfMTc0IiwidXNlcklkIjozMDE3OCwiaWF0IjoxNzgwNDk1MDc3LCJleHAiOjE3ODA1MDIyNzd9.k4h5xyIJNRlkg14HgiCysP0-Qm9gLA7A8ZWi6TllOqbZcO2BYMlbiQU5ehhY1cCI
1780495120168279,30278,eyJhbGciOiJIUzM4NCJ9.eyJzdWIiOiJwZXJmX3VzZXJfMjc0IiwidXNlcklkIjozMDI3OCwiaWF0IjoxNzgwNDk1MDc3LCJleHAiOjE3ODA1MDIyNzd9.mzGoGhpf9IjIGMaJHye2XO9slgoudGw0WG9ReNc5O9rgHfqQVuHVTINgNcyzUrlo
1780495122399886,30378,eyJhbGciOiJIUzM4NCJ9.eyJzdWIiOiJwZXJmX3VzZXJfMzc0IiwidXNlcklkIjozMDM3OCwiaWF0IjoxNzgwNDk1MDc3LCJleHAiOjE3ODA1MDIyNzd9.xsiXiN49lCCmizQaCZ-1-3xOBX8KEqjBt0rBrljUj-Y5Lx1UPXAuvVPnA75hQSR9
1780495124624826,30478,eyJhbGciOiJIUzM4NCJ9.eyJzdWIiOiJwZXJmX3VzZXJfNDc0IiwidXNlcklkIjozMDQ3OCwiaWF0IjoxNzgwNDk1MDc3LCJleHAiOjE3ODA1MDIyNzd9.EWgJyMTiWsDdt6ZjSUl3BTAQs8J9Lr76YRiP7iRdp7J6SbrfKaLR-DN4f_kxg560
1780495126897911,30578,eyJhbGciOiJIUzM4NCJ9.eyJzdWIiOiJwZXJmX3VzZXJfNTc0IiwidXNlcklkIjozMDU3OCwiaWF0IjoxNzgwNDk1MDc3LCJleHAiOjE3ODA1MDIyNzd9.bj8new7jQh9aLyM3O_b_r5uRj-7sbBNc8hioxzR3ZOPInYv0mc8GPQeKKJ2s1Tac
1780495129156031,30678,eyJhbGciOiJIUzM4NCJ9.eyJzdWIiOiJwZXJmX3VzZXJfNjc0IiwidXNlcklkIjozMDY3OCwiaWF0IjoxNzgwNDk1MDc3LCJleHAiOjE3ODA1MDIyNzd9.uZglo7WxxgmSnqIVaOTK47IeCBAbWIYNeEKY7lAYdlki8Sjw_ozbraepfXkrs7ui
1780495131432629,30778,eyJhbGciOiJIUzM4NCJ9.eyJzdWIiOiJwZXJmX3VzZXJfNzc0IiwidXNlcklkIjozMDc3OCwiaWF0IjoxNzgwNDk1MDc3LCJleHAiOjE3ODA1MDIyNzd9.jwf3DE5aHrwKmzoeNVeRJiv30SU7cX5RX6lp3yHYDVC7stV3AVnFAkS54Naxne7w
1780495133685802,30878,eyJhbGciOiJIUzM4NCJ9.eyJzdWIiOiJwZXJmX3VzZXJfODc0IiwidXNlcklkIjozMDg3OCwiaWF0IjoxNzgwNDk1MDc4LCJleHAiOjE3ODA1MDIyNzh9.zFOcewDiZkfEazsd3OhSyaI-oFXsvqSm2biz8AZoiRYWwUMlDRzn--0YClRzpaVb
1780495135919783,30978,eyJhbGciOiJIUzM4NCJ9.eyJzdWIiOiJwZXJmX3VzZXJfOTc0IiwidXNlcklkIjozMDk3OCwiaWF0IjoxNzgwNDk1MDc4LCJleHAiOjE3ODA1MDIyNzh9.hhSfOsAyTZeYa3HGnt18I7zyT_tslmTwfnYeXxZ-_n8YV7ORgNfgokXlKJcmK82h
1780495138276921,31078,eyJhbGciOiJIUzM4NCJ9.eyJzdWIiOiJwZXJmX3VzZXJfMTA3NCIsInVzZXJJZCI6MzEwNzgsImlhdCI6MTc4MDQ5NTA3OCwiZXhwIjoxNzgwNTAyMjc4fQ.CrXC24yg_S8kdc3cOsWrXcqvWFq2zeD5wqhD55ASTjSdyyhwZTZVmH-EcMefgOXq
1780495140509003,31178,eyJhbGciOiJIUzM4NCJ9.eyJzdWIiOiJwZXJmX3VzZXJfMTE3NCIsInVzZXJJZCI6MzExNzgsImlhdCI6MTc4MDQ5NTA3OCwiZXhwIjoxNzgwNTAyMjc4fQ.FhOgypevJ5WG2f1QHY_YK41Ea7vKcBBH0RcCpzgs6rCzqi2Ow7UVVC-tKlLX7p-p
1780495142691200,31278,eyJhbGciOiJIUzM4NCJ9.eyJzdWIiOiJwZXJmX3VzZXJfMTI3NCIsInVzZXJJZCI6MzEyNzgsImlhdCI6MTc4MDQ5NTA3OCwiZXhwIjoxNzgwNTAyMjc4fQ.58mzAOVQr_itMqdL5bmR_5BHa3-Sp9E_rZptfcCB5guDLLf4FsgQQd1PtctbNmIR
1780495144893841,31378,eyJhbGciOiJIUzM4NCJ9.eyJzdWIiOiJwZXJmX3VzZXJfMTM3NCIsInVzZXJJZCI6MzEzNzgsImlhdCI6MTc4MDQ5NTA3OCwiZXhwIjoxNzgwNTAyMjc4fQ.96IqDCsUpqLpu7DnQLkkBjV3y3WwSipc7mggcY4U3MPWB6F3I6Xc1LJ89x0inxzc
1780495147099053,31478,eyJhbGciOiJIUzM4NCJ9.eyJzdWIiOiJwZXJmX3VzZXJfMTQ3NCIsInVzZXJJZCI6MzE0NzgsImlhdCI6MTc4MDQ5NTA3OCwiZXhwIjoxNzgwNTAyMjc4fQ.Q2KUtLWsPBm2l2VPnPWinxmC2xUDkTx25fKe-ZxKvu_Z1PKyfvbAldXLHVIKBFpp
1780495149376540,31578,eyJhbGciOiJIUzM4NCJ9.eyJzdWIiOiJwZXJmX3VzZXJfMTU3NCIsInVzZXJJZCI6MzE1NzgsImlhdCI6MTc4MDQ5NTA3OCwiZXhwIjoxNzgwNTAyMjc4fQ.8D6R2rF4PgpNtFyxJlE640VKLE_1-a58tx12rMYrX6t3n7O9HydbgoRzmQxoiw0g
1780495115697720,30079,eyJhbGciOiJIUzM4NCJ9.eyJzdWIiOiJwZXJmX3VzZXJfNzUiLCJ1c2VySWQiOjMwMDc5LCJpYXQiOjE3ODA0OTUwNzYsImV4cCI6MTc4MDUwMjI3Nn0.PKPqQlXSqea1SNpWIELvTTb4mFdRL9uCODIEJHmeMrw1szM08FTS3GLHLOVXaQKa
1780495117892200,30179,eyJhbGciOiJIUzM4NCJ9.eyJzdWIiOiJwZXJmX3VzZXJfMTc1IiwidXNlcklkIjozMDE3OSwiaWF0IjoxNzgwNDk1MDc3LCJleHAiOjE3ODA1MDIyNzd9.fV8Bq9nShFNwvYmWnhxZwdYxjUlxZORTTcYAs_ECNu39KJ7aNId_q31v4LpBCqSg
1780495120168279,30279,eyJhbGciOiJIUzM4NCJ9.eyJzdWIiOiJwZXJmX3VzZXJfMjc1IiwidXNlcklkIjozMDI3OSwiaWF0IjoxNzgwNDk1MDc3LCJleHAiOjE3ODA1MDIyNzd9.FJGCX7lardSkxQWOo5o2Yj4YJy3PTfwxyqxA2dfQXApdiN9qUUOVH1OkSUNnbGa8
1780495122399886,30379,eyJhbGciOiJIUzM4NCJ9.eyJzdWIiOiJwZXJmX3VzZXJfMzc1IiwidXNlcklkIjozMDM3OSwiaWF0IjoxNzgwNDk1MDc3LCJleHAiOjE3ODA1MDIyNzd9.MGVN32AxfEJKeNJPXgue6JzFpVhDpcIOeOzYi8H6MNnoEg7n-UnHPZ1qlElkTwEn
1780495124624826,30479,eyJhbGciOiJIUzM4NCJ9.eyJzdWIiOiJwZXJmX3VzZXJfNDc1IiwidXNlcklkIjozMDQ3OSwiaWF0IjoxNzgwNDk1MDc3LCJleHAiOjE3ODA1MDIyNzd9.sep-9OiA6z_fF-iuwxJ3z4s1yjV27GppFwBP2DKINciyN5N4PkaYiZyuVExPFlKL
1780495126897911,30579,eyJhbGciOiJIUzM4NCJ9.eyJzdWIiOiJwZXJmX3VzZXJfNTc1IiwidXNlcklkIjozMDU3OSwiaWF0IjoxNzgwNDk1MDc3LCJleHAiOjE3ODA1MDIyNzd9.6zUOc4FuRlkxuA3jZ3xSukA4CB_IfoGG61SYellCu-mXsl8xGHXfDUhQtvUBbjYd
1780495129156031,30679,eyJhbGciOiJIUzM4NCJ9.eyJzdWIiOiJwZXJmX3VzZXJfNjc1IiwidXNlcklkIjozMDY3OSwiaWF0IjoxNzgwNDk1MDc3LCJleHAiOjE3ODA1MDIyNzd9.DF6ksh6jP6EoabiN4ZKiX37bywJmBuyMePiKWFjXFIzEGAd5Avp2Kb8Simij8JtC
1780495131432629,30779,eyJhbGciOiJIUzM4NCJ9.eyJzdWIiOiJwZXJmX3VzZXJfNzc1IiwidXNlcklkIjozMDc3OSwiaWF0IjoxNzgwNDk1MDc3LCJleHAiOjE3ODA1MDIyNzd9.ZplBYuMqxjEdXrP99a8sNvv0hz2rPWHr1H3iBZCA7DP4bq_Kw6kyWTNXyY68gcqd
1780495133685802,30879,eyJhbGciOiJIUzM4NCJ9.eyJzdWIiOiJwZXJmX3VzZXJfODc1IiwidXNlcklkIjozMDg3OSwiaWF0IjoxNzgwNDk1MDc4LCJleHAiOjE3ODA1MDIyNzh9.qQ6CA9LJvCdr1mbHvon7owrzrop8HycMGE-yxgdOrk3TrkZNEVdOhFdmLaaf5DZG
1780495135919783,30979,eyJhbGciOiJIUzM4NCJ9.eyJzdWIiOiJwZXJmX3VzZXJfOTc1IiwidXNlcklkIjozMDk3OSwiaWF0IjoxNzgwNDk1MDc4LCJleHAiOjE3ODA1MDIyNzh9.JWz69K0rqNcgU4-njjWHz4vklCxZNdqHme-QAYHfWaLZUmHbW22hogBNmuJLEn56
1780495138276921,31079,eyJhbGciOiJIUzM4NCJ9.eyJzdWIiOiJwZXJmX3VzZXJfMTA3NSIsInVzZXJJZCI6MzEwNzksImlhdCI6MTc4MDQ5NTA3OCwiZXhwIjoxNzgwNTAyMjc4fQ.v-DH5_J-ZUKOk_ml4I1OufplftXuHGt_XMETJXAHW16Xq25EW4mhvQWJ11Y8AWf8
1780495140509003,31179,eyJhbGciOiJIUzM4NCJ9.eyJzdWIiOiJwZXJmX3VzZXJfMTE3NSIsInVzZXJJZCI6MzExNzksImlhdCI6MTc4MDQ5NTA3OCwiZXhwIjoxNzgwNTAyMjc4fQ.TkW__Kqdk0ns85m-R_MN4tYgM9osOO-KUjrBWqtEn5vZz2bg_iQbGnQKOYlUABBb
1780495142691200,31279,eyJhbGciOiJIUzM4NCJ9.eyJzdWIiOiJwZXJmX3VzZXJfMTI3NSIsInVzZXJJZCI6MzEyNzksImlhdCI6MTc4MDQ5NTA3OCwiZXhwIjoxNzgwNTAyMjc4fQ.9bqIMCDkze2wzBJSfS89xcBhxgM0o99_a31f6GkqEoUXwepH782m0_qghtj0Hw7s
1780495144893841,31379,eyJhbGciOiJIUzM4NCJ9.eyJzdWIiOiJwZXJmX3VzZXJfMTM3NSIsInVzZXJJZCI6MzEzNzksImlhdCI6MTc4MDQ5NTA3OCwiZXhwIjoxNzgwNTAyMjc4fQ.1Hwp0CW6uI6bCIB5HLvXTt6c5dCEg_BLXavEFMy99-pY_Uy-OjksQcMDUOyQRxEW
1780495147099053,31479,eyJhbGciOiJIUzM4NCJ9.eyJzdWIiOiJwZXJmX3VzZXJfMTQ3NSIsInVzZXJJZCI6MzE0NzksImlhdCI6MTc4MDQ5NTA3OCwiZXhwIjoxNzgwNTAyMjc4fQ.wNcq2-BQVRdxW23r_pz0Lp8OAFAMFTFFdxoQpjXvI-VwteJqFZ4GKSqQpSOubDbd
1780495149376540,31579,eyJhbGciOiJIUzM4NCJ9.eyJzdWIiOiJwZXJmX3VzZXJfMTU3NSIsInVzZXJJZCI6MzE1NzksImlhdCI6MTc4MDQ5NTA3OCwiZXhwIjoxNzgwNTAyMjc4fQ.Ki-hP2puTg61uYksoaK261VCV7JX9c4Y8BF2dJc_gT6dWu2MKpklQcTeyXGKzklp
1780495115697720,30080,eyJhbGciOiJIUzM4NCJ9.eyJzdWIiOiJwZXJmX3VzZXJfNzYiLCJ1c2VySWQiOjMwMDgwLCJpYXQiOjE3ODA0OTUwNzYsImV4cCI6MTc4MDUwMjI3Nn0.EnwPbgJ5ZrAJ1K284Rn54I8RCXkc1ufpEzIR4N2wuGO-FxC0P1seUCNv5sa6Q9E_
1780495117892200,30180,eyJhbGciOiJIUzM4NCJ9.eyJzdWIiOiJwZXJmX3VzZXJfMTc2IiwidXNlcklkIjozMDE4MCwiaWF0IjoxNzgwNDk1MDc3LCJleHAiOjE3ODA1MDIyNzd9.SR509UNQwp0XZiRsUfLAfTR1lu0yKL-f5AQbJG8_IabGLsswOUbMhpM-K30FvVZp
1780495120168279,30280,eyJhbGciOiJIUzM4NCJ9.eyJzdWIiOiJwZXJmX3VzZXJfMjc2IiwidXNlcklkIjozMDI4MCwiaWF0IjoxNzgwNDk1MDc3LCJleHAiOjE3ODA1MDIyNzd9.-e-tiQWiuHKYfGwTWJYjR_Cyo2M8lrEYv_PH0pLlmN77Txg8DBtvIW7qucKqswEs
1780495122399886,30380,eyJhbGciOiJIUzM4NCJ9.eyJzdWIiOiJwZXJmX3VzZXJfMzc2IiwidXNlcklkIjozMDM4MCwiaWF0IjoxNzgwNDk1MDc3LCJleHAiOjE3ODA1MDIyNzd9.peGUPNvnEyECE75voFUJeW8jcw-xwCIFIltmsRq1X2gx8FtOmCeQJLnolhOG-KSJ
1780495124624826,30480,eyJhbGciOiJIUzM4NCJ9.eyJzdWIiOiJwZXJmX3VzZXJfNDc2IiwidXNlcklkIjozMDQ4MCwiaWF0IjoxNzgwNDk1MDc3LCJleHAiOjE3ODA1MDIyNzd9.K6xy76hY227vLHTQJVz7eE5Kj7oLm7z45W6Cf4msc2PepVGwwdZ-G5YW_9KX2QZh
1780495126897911,30580,eyJhbGciOiJIUzM4NCJ9.eyJzdWIiOiJwZXJmX3VzZXJfNTc2IiwidXNlcklkIjozMDU4MCwiaWF0IjoxNzgwNDk1MDc3LCJleHAiOjE3ODA1MDIyNzd9.qPePN_rfpIr4p7o-oMrcGCjnEtb7BQzwsNijdFCi2gQnJpv9Usp-JxUMWc-YmYTd
1780495129156031,30680,eyJhbGciOiJIUzM4NCJ9.eyJzdWIiOiJwZXJmX3VzZXJfNjc2IiwidXNlcklkIjozMDY4MCwiaWF0IjoxNzgwNDk1MDc3LCJleHAiOjE3ODA1MDIyNzd9.j9ONXgV9gx3tW2gcOYn_AJTYrrwhxm2LYQ5shLCEQMuXhS0t7WFtc-JBEPCzfann
1780495131432629,30780,eyJhbGciOiJIUzM4NCJ9.eyJzdWIiOiJwZXJmX3VzZXJfNzc2IiwidXNlcklkIjozMDc4MCwiaWF0IjoxNzgwNDk1MDc3LCJleHAiOjE3ODA1MDIyNzd9.hm5hnUeHTGYr1aJ8XlfASCXm_a1OLD4JlQqkdZ2w0lmIZhEl_2RVViEXqAY4buxX
1780495133685802,30880,eyJhbGciOiJIUzM4NCJ9.eyJzdWIiOiJwZXJmX3VzZXJfODc2IiwidXNlcklkIjozMDg4MCwiaWF0IjoxNzgwNDk1MDc4LCJleHAiOjE3ODA1MDIyNzh9.mcD6HYa7hteEEGpvxEAWE_6iMqBqljYfEMvdZ3oZQy-y9SVcl4c5P89H3VRicw8Z
1780495135919783,30980,eyJhbGciOiJIUzM4NCJ9.eyJzdWIiOiJwZXJmX3VzZXJfOTc2IiwidXNlcklkIjozMDk4MCwiaWF0IjoxNzgwNDk1MDc4LCJleHAiOjE3ODA1MDIyNzh9.iFn3g8bw0SwrtKGELEHhWLAXCVL0OHYJHoHOHRUL0PsRwDtP792sMLFbL_YUCBAm
1780495138276921,31080,eyJhbGciOiJIUzM4NCJ9.eyJzdWIiOiJwZXJmX3VzZXJfMTA3NiIsInVzZXJJZCI6MzEwODAsImlhdCI6MTc4MDQ5NTA3OCwiZXhwIjoxNzgwNTAyMjc4fQ.eYdFh9QQlFLKh2J9ML74mgOqUGdvs6csiOWO338iYRDlPOD49LSnFBXN0h8w8nBU
1780495140509003,31180,eyJhbGciOiJIUzM4NCJ9.eyJzdWIiOiJwZXJmX3VzZXJfMTE3NiIsInVzZXJJZCI6MzExODAsImlhdCI6MTc4MDQ5NTA3OCwiZXhwIjoxNzgwNTAyMjc4fQ.mty9xeJvmgI47VVj7pM1ORj1wBcnHnSU19tNTEMhxyZcO-vS6OWmho37UqnLwxo-
1780495142691200,31280,eyJhbGciOiJIUzM4NCJ9.eyJzdWIiOiJwZXJmX3VzZXJfMTI3NiIsInVzZXJJZCI6MzEyODAsImlhdCI6MTc4MDQ5NTA3OCwiZXhwIjoxNzgwNTAyMjc4fQ.y3HxObTGOPt57S65BOJ7Tosbu1b5q-heaxvlXm0C0WpWdUXemCUIC7PqaGC61Jyf
1780495144893841,31380,eyJhbGciOiJIUzM4NCJ9.eyJzdWIiOiJwZXJmX3VzZXJfMTM3NiIsInVzZXJJZCI6MzEzODAsImlhdCI6MTc4MDQ5NTA3OCwiZXhwIjoxNzgwNTAyMjc4fQ.5FeFuqwI9umxhJRBnbKMC2S51YimGb-0LiTijeIz0RVnDtnVsdYzj6NQE8ygoS47
1780495147099053,31480,eyJhbGciOiJIUzM4NCJ9.eyJzdWIiOiJwZXJmX3VzZXJfMTQ3NiIsInVzZXJJZCI6MzE0ODAsImlhdCI6MTc4MDQ5NTA3OCwiZXhwIjoxNzgwNTAyMjc4fQ.ue0Zj4JmqtyIyWIem4GNHnQOf1gX0tHoE8tfCJ5GRT9f7GpPglmSAP8gFNj-qwv-
1780495149376540,31580,eyJhbGciOiJIUzM4NCJ9.eyJzdWIiOiJwZXJmX3VzZXJfMTU3NiIsInVzZXJJZCI6MzE1ODAsImlhdCI6MTc4MDQ5NTA3OCwiZXhwIjoxNzgwNTAyMjc4fQ.JeHCZdQ43g69_OllbCD-3vq9pfeHQxVPtjuDDrkxmS2n1eCoADveNhPLqESlZKT0
1780495115697720,30081,eyJhbGciOiJIUzM4NCJ9.eyJzdWIiOiJwZXJmX3VzZXJfNzciLCJ1c2VySWQiOjMwMDgxLCJpYXQiOjE3ODA0OTUwNzYsImV4cCI6MTc4MDUwMjI3Nn0.KNKMyOD0pZNpkeo6X8olzGUWBlp6K-fh624LBmz62jWTrGU9ZYIkTcTrpwWuwv37
1780495117892200,30181,eyJhbGciOiJIUzM4NCJ9.eyJzdWIiOiJwZXJmX3VzZXJfMTc3IiwidXNlcklkIjozMDE4MSwiaWF0IjoxNzgwNDk1MDc3LCJleHAiOjE3ODA1MDIyNzd9.mFiL4sHvLJgHGyVa-YxZTHdyMMqTbcg5sYU3zI7Do4cSRhaqQsLpkZeWHceC3Zpv
1780495120168279,30281,eyJhbGciOiJIUzM4NCJ9.eyJzdWIiOiJwZXJmX3VzZXJfMjc3IiwidXNlcklkIjozMDI4MSwiaWF0IjoxNzgwNDk1MDc3LCJleHAiOjE3ODA1MDIyNzd9.srTsCEj-gxA3ThLAbT4lDiqNqYjUyMYjmiWeQPn1SFj4CiU2pwKwL7jAuFfQVKQP
1780495122399886,30381,eyJhbGciOiJIUzM4NCJ9.eyJzdWIiOiJwZXJmX3VzZXJfMzc3IiwidXNlcklkIjozMDM4MSwiaWF0IjoxNzgwNDk1MDc3LCJleHAiOjE3ODA1MDIyNzd9.nue2jC-X6UKscElhB5DRdHcHuvcXzB7QCVt6SPJJFA8ALC7_7BqjCcLRE6tiDAuE
1780495124624826,30481,eyJhbGciOiJIUzM4NCJ9.eyJzdWIiOiJwZXJmX3VzZXJfNDc3IiwidXNlcklkIjozMDQ4MSwiaWF0IjoxNzgwNDk1MDc3LCJleHAiOjE3ODA1MDIyNzd9.gd2lYfiVjMLbDBUoXoU36lOMPONy4ch2YLNyClf-1H1FHR1MjnTDW9qaaR9gr0bu
1780495126897911,30581,eyJhbGciOiJIUzM4NCJ9.eyJzdWIiOiJwZXJmX3VzZXJfNTc3IiwidXNlcklkIjozMDU4MSwiaWF0IjoxNzgwNDk1MDc3LCJleHAiOjE3ODA1MDIyNzd9.nYtV_gN-1sijDbnki9yxVuTZEflli5KeCgdTILrRBFFRMKjnuVAD1MdVkkXJTm4t
1780495129156031,30681,eyJhbGciOiJIUzM4NCJ9.eyJzdWIiOiJwZXJmX3VzZXJfNjc3IiwidXNlcklkIjozMDY4MSwiaWF0IjoxNzgwNDk1MDc3LCJleHAiOjE3ODA1MDIyNzd9.JD4Tyzv5nsHfHTxBEFDx7uDeuUbF2anOxtEusIyVraUzyr5yhSPGUwtk3bUvG5ur
1780495131432629,30781,eyJhbGciOiJIUzM4NCJ9.eyJzdWIiOiJwZXJmX3VzZXJfNzc3IiwidXNlcklkIjozMDc4MSwiaWF0IjoxNzgwNDk1MDc3LCJleHAiOjE3ODA1MDIyNzd9.45_zZZ0tIJkIUj3cDbNa9lSun9LRBHGBAeQAcibPvGX75OwuYL2DI_g_nl0Xk2w4
1780495133685802,30881,eyJhbGciOiJIUzM4NCJ9.eyJzdWIiOiJwZXJmX3VzZXJfODc3IiwidXNlcklkIjozMDg4MSwiaWF0IjoxNzgwNDk1MDc4LCJleHAiOjE3ODA1MDIyNzh9.mLcpePc-JdCNImMph3VgCzyz0BlWU8h13F7He-Ef2zKT0S_n1OS3cy-2zws6PqGT
1780495135919783,30981,eyJhbGciOiJIUzM4NCJ9.eyJzdWIiOiJwZXJmX3VzZXJfOTc3IiwidXNlcklkIjozMDk4MSwiaWF0IjoxNzgwNDk1MDc4LCJleHAiOjE3ODA1MDIyNzh9.fnYq-_ysIIAEs9YGvxoRbudmXfm4ZeaF57OEqtmIyWa5IFW1QrBAXbvAPz7Nrm2f
1780495138276921,31081,eyJhbGciOiJIUzM4NCJ9.eyJzdWIiOiJwZXJmX3VzZXJfMTA3NyIsInVzZXJJZCI6MzEwODEsImlhdCI6MTc4MDQ5NTA3OCwiZXhwIjoxNzgwNTAyMjc4fQ.VGYiNn8JnboqIfjCvlO9Nt_UFLJJHJ5ZREir9Uhg9HG4y4lq5O8ie9Rn1hi2Xy-B
1780495140509003,31181,eyJhbGciOiJIUzM4NCJ9.eyJzdWIiOiJwZXJmX3VzZXJfMTE3NyIsInVzZXJJZCI6MzExODEsImlhdCI6MTc4MDQ5NTA3OCwiZXhwIjoxNzgwNTAyMjc4fQ.0vjJLvO4OyNRL_PDo-FHTNgqbviDdjCQnrgdd1dGx69_UtxjE6x2cZWS0nxXozMK
1780495142691200,31281,eyJhbGciOiJIUzM4NCJ9.eyJzdWIiOiJwZXJmX3VzZXJfMTI3NyIsInVzZXJJZCI6MzEyODEsImlhdCI6MTc4MDQ5NTA3OCwiZXhwIjoxNzgwNTAyMjc4fQ.eIr_99E2fKXi2kfgjPQZDIHbn7Dr3NL9ONKs6LFRA358flOFxTUffaAf-s4SCPMu
1780495144893841,31381,eyJhbGciOiJIUzM4NCJ9.eyJzdWIiOiJwZXJmX3VzZXJfMTM3NyIsInVzZXJJZCI6MzEzODEsImlhdCI6MTc4MDQ5NTA3OCwiZXhwIjoxNzgwNTAyMjc4fQ.rt0Cbob8tCF-DdcUxByHJDPUY6CTLinmfE7OC3aFIwa-8wjk2df-s2iWc08-RK5v
1780495147099053,31481,eyJhbGciOiJIUzM4NCJ9.eyJzdWIiOiJwZXJmX3VzZXJfMTQ3NyIsInVzZXJJZCI6MzE0ODEsImlhdCI6MTc4MDQ5NTA3OCwiZXhwIjoxNzgwNTAyMjc4fQ.lO3G6p57Vkhg_H1MFe02SMLJ0G0gAzd1KKSFsw2YzLoyf6hwnibg7ipsNPGWer02
1780495149376540,31581,eyJhbGciOiJIUzM4NCJ9.eyJzdWIiOiJwZXJmX3VzZXJfMTU3NyIsInVzZXJJZCI6MzE1ODEsImlhdCI6MTc4MDQ5NTA3OCwiZXhwIjoxNzgwNTAyMjc4fQ.vU7GGudstVxAP3AOB4ms3TZNxgubfcZcTs422Oi5RSGxoTUFLlvgrC61Eqh5qfpr
1780495115697720,30082,eyJhbGciOiJIUzM4NCJ9.eyJzdWIiOiJwZXJmX3VzZXJfNzgiLCJ1c2VySWQiOjMwMDgyLCJpYXQiOjE3ODA0OTUwNzYsImV4cCI6MTc4MDUwMjI3Nn0.hV6v_JRG62eBPbFJftkd4kucFr4qWi01yj7LU0CY7eoZKsTurI4MdRF4Fje_Njpa
1780495117892200,30182,eyJhbGciOiJIUzM4NCJ9.eyJzdWIiOiJwZXJmX3VzZXJfMTc4IiwidXNlcklkIjozMDE4MiwiaWF0IjoxNzgwNDk1MDc3LCJleHAiOjE3ODA1MDIyNzd9.FPsOAjdm3PrqNMwX3KKzDkZwNo20315bb2Y-Abi7NeR4JrNRXycRgZ-W6_lNnc-X
1780495120168279,30282,eyJhbGciOiJIUzM4NCJ9.eyJzdWIiOiJwZXJmX3VzZXJfMjc4IiwidXNlcklkIjozMDI4MiwiaWF0IjoxNzgwNDk1MDc3LCJleHAiOjE3ODA1MDIyNzd9.0TtBrxBsVbQdKiqWbMXNuenqc5ETj3ytid0N1T7f8O-_GKPDiujcuTHajHSNYaUF
1780495122399886,30382,eyJhbGciOiJIUzM4NCJ9.eyJzdWIiOiJwZXJmX3VzZXJfMzc4IiwidXNlcklkIjozMDM4MiwiaWF0IjoxNzgwNDk1MDc3LCJleHAiOjE3ODA1MDIyNzd9.2xLixYgrnExaXdpPPhLkBMpURQc_UAOSRuIrPuUyxUdb3nIVHGAj1TSAF1tggsui
1780495124624826,30482,eyJhbGciOiJIUzM4NCJ9.eyJzdWIiOiJwZXJmX3VzZXJfNDc4IiwidXNlcklkIjozMDQ4MiwiaWF0IjoxNzgwNDk1MDc3LCJleHAiOjE3ODA1MDIyNzd9.X_TJVBPSyecgfolLL3FrCBntHFXIE7B3akUC1s_sk2hgEEaaO79IqE7JwI6Xt7yp
1780495126897911,30582,eyJhbGciOiJIUzM4NCJ9.eyJzdWIiOiJwZXJmX3VzZXJfNTc4IiwidXNlcklkIjozMDU4MiwiaWF0IjoxNzgwNDk1MDc3LCJleHAiOjE3ODA1MDIyNzd9.5dO2nNX6kW4xjRCZC-DIuG_vL4nFpKQgjYrChL405tm43xq5bFBW2YnoNEyno28h
1780495129156031,30682,eyJhbGciOiJIUzM4NCJ9.eyJzdWIiOiJwZXJmX3VzZXJfNjc4IiwidXNlcklkIjozMDY4MiwiaWF0IjoxNzgwNDk1MDc3LCJleHAiOjE3ODA1MDIyNzd9.UNRcibASelpefNm9mPWBz_ceK323paI8Cr1BaTBNXfS_fXODZED6EAUHDFFoard8
1780495131432629,30782,eyJhbGciOiJIUzM4NCJ9.eyJzdWIiOiJwZXJmX3VzZXJfNzc4IiwidXNlcklkIjozMDc4MiwiaWF0IjoxNzgwNDk1MDc3LCJleHAiOjE3ODA1MDIyNzd9.G3-Eg8DJGH8YIkCWFCZ0Q0VexPDmxjWzElEKnrlHsbKCyXz07I869rHWGUm15T6I
1780495133685802,30882,eyJhbGciOiJIUzM4NCJ9.eyJzdWIiOiJwZXJmX3VzZXJfODc4IiwidXNlcklkIjozMDg4MiwiaWF0IjoxNzgwNDk1MDc4LCJleHAiOjE3ODA1MDIyNzh9.sJ31xQTl3_z6dPfB1ZREExz7VOct2Z42rxVjafd7lPQ0k_SEwztTNpHSvYoFMy1S
1780495135919783,30982,eyJhbGciOiJIUzM4NCJ9.eyJzdWIiOiJwZXJmX3VzZXJfOTc4IiwidXNlcklkIjozMDk4MiwiaWF0IjoxNzgwNDk1MDc4LCJleHAiOjE3ODA1MDIyNzh9.kFZyO3C7kBQEbAb2DHYLUrtVMBMJUIuj7giNMAhJRd_ut4H5yXichCMW0B26CfTm
1780495138276921,31082,eyJhbGciOiJIUzM4NCJ9.eyJzdWIiOiJwZXJmX3VzZXJfMTA3OCIsInVzZXJJZCI6MzEwODIsImlhdCI6MTc4MDQ5NTA3OCwiZXhwIjoxNzgwNTAyMjc4fQ.D2hH_uGJth8k6C4GTXJBMZMyqZ0hrCNU0AM66fRovk6_FDHhRGjIlb_65qOPMRSV
1780495140509003,31182,eyJhbGciOiJIUzM4NCJ9.eyJzdWIiOiJwZXJmX3VzZXJfMTE3OCIsInVzZXJJZCI6MzExODIsImlhdCI6MTc4MDQ5NTA3OCwiZXhwIjoxNzgwNTAyMjc4fQ.hq6IpXR6-8mkZAfnRbBVZ30Za_mB7V3NfafwApNCZZZP3EjMknMIzkylSncLxtqC
1780495142691200,31282,eyJhbGciOiJIUzM4NCJ9.eyJzdWIiOiJwZXJmX3VzZXJfMTI3OCIsInVzZXJJZCI6MzEyODIsImlhdCI6MTc4MDQ5NTA3OCwiZXhwIjoxNzgwNTAyMjc4fQ.lKIXuI3vyDWPafyJtTrhm0lfxXfGwx5NptWlNIn0ftehI0koQoW_inp7V1DVRcqJ
1780495144893841,31382,eyJhbGciOiJIUzM4NCJ9.eyJzdWIiOiJwZXJmX3VzZXJfMTM3OCIsInVzZXJJZCI6MzEzODIsImlhdCI6MTc4MDQ5NTA3OCwiZXhwIjoxNzgwNTAyMjc4fQ.JeMcr6BEg3y4QUnMn7qm7KyZlY3H7GoQS3pl6aF0XfubgwhJpI7_wOAwTwdPKejU
1780495147099053,31482,eyJhbGciOiJIUzM4NCJ9.eyJzdWIiOiJwZXJmX3VzZXJfMTQ3OCIsInVzZXJJZCI6MzE0ODIsImlhdCI6MTc4MDQ5NTA3OCwiZXhwIjoxNzgwNTAyMjc4fQ.mkeLwl5zAIwGj0P4gMwfeyYPQeQrDJph80eTaXPtHQCYn_NL2t1yxd_7gJ8rcbb9
1780495149376540,31582,eyJhbGciOiJIUzM4NCJ9.eyJzdWIiOiJwZXJmX3VzZXJfMTU3OCIsInVzZXJJZCI6MzE1ODIsImlhdCI6MTc4MDQ5NTA3OCwiZXhwIjoxNzgwNTAyMjc4fQ.qRT1CkB7GCk3tH1zm4gn9Psk7LKpZO51Te5A8Xg-9SnE4PPV6HyhcNyR0Fj3s29f
1780495115697720,30083,eyJhbGciOiJIUzM4NCJ9.eyJzdWIiOiJwZXJmX3VzZXJfNzkiLCJ1c2VySWQiOjMwMDgzLCJpYXQiOjE3ODA0OTUwNzYsImV4cCI6MTc4MDUwMjI3Nn0.Gx1uYfTs-E-ni1diVEu-bX7JrABtmVi25N1rJfU9Mgi8BJ1MhAzaVDXPlP2_MPq4
1780495117892200,30183,eyJhbGciOiJIUzM4NCJ9.eyJzdWIiOiJwZXJmX3VzZXJfMTc5IiwidXNlcklkIjozMDE4MywiaWF0IjoxNzgwNDk1MDc3LCJleHAiOjE3ODA1MDIyNzd9.puIOIhqNcdnIdoi_-73YwpjPNim1Z61e3XHCrjPLIfUok7uNb8WQ3pBg5n3hbddN
1780495120168279,30283,eyJhbGciOiJIUzM4NCJ9.eyJzdWIiOiJwZXJmX3VzZXJfMjc5IiwidXNlcklkIjozMDI4MywiaWF0IjoxNzgwNDk1MDc3LCJleHAiOjE3ODA1MDIyNzd9.Vy25_wkLmSGjHONOAuD_CSaRzTwC6bxmZKX_J4HxdwFaN0FLgpQS1Jpau-4HHJ_g
1780495122399886,30383,eyJhbGciOiJIUzM4NCJ9.eyJzdWIiOiJwZXJmX3VzZXJfMzc5IiwidXNlcklkIjozMDM4MywiaWF0IjoxNzgwNDk1MDc3LCJleHAiOjE3ODA1MDIyNzd9.dXzHmdka_zJzIQlEcIM5o8Awr7lH-pADrdEQBy6OOCEL6lfHCd2limHLgc2Eqjiv
1780495124624826,30483,eyJhbGciOiJIUzM4NCJ9.eyJzdWIiOiJwZXJmX3VzZXJfNDc5IiwidXNlcklkIjozMDQ4MywiaWF0IjoxNzgwNDk1MDc3LCJleHAiOjE3ODA1MDIyNzd9.IgqrYJHh8edgX198IK39TKNTm8Pj4HtYbwkGQ2gB0b37PpMIgjqLrSjraa3JaGpd
1780495126897911,30583,eyJhbGciOiJIUzM4NCJ9.eyJzdWIiOiJwZXJmX3VzZXJfNTc5IiwidXNlcklkIjozMDU4MywiaWF0IjoxNzgwNDk1MDc3LCJleHAiOjE3ODA1MDIyNzd9.Efo3AtAT5QqZG1ME4XRId-KHokBw8mdQsIYSJatx-fPS9zsbd32320D_qiw-c65V
1780495129156031,30683,eyJhbGciOiJIUzM4NCJ9.eyJzdWIiOiJwZXJmX3VzZXJfNjc5IiwidXNlcklkIjozMDY4MywiaWF0IjoxNzgwNDk1MDc3LCJleHAiOjE3ODA1MDIyNzd9.kZikbUnxB5wMnnuzkHpRmOXbPeMm1oqGGSCoXBpcBaEuwR8O97eR9qgzCme__9wC
1780495131432629,30783,eyJhbGciOiJIUzM4NCJ9.eyJzdWIiOiJwZXJmX3VzZXJfNzc5IiwidXNlcklkIjozMDc4MywiaWF0IjoxNzgwNDk1MDc3LCJleHAiOjE3ODA1MDIyNzd9.emZnymlkS4nP9d9C93ro53obSeyqSsB9Flej0Tjo7RJTx5WmD_rJy6h4isefrqdh
1780495133685802,30883,eyJhbGciOiJIUzM4NCJ9.eyJzdWIiOiJwZXJmX3VzZXJfODc5IiwidXNlcklkIjozMDg4MywiaWF0IjoxNzgwNDk1MDc4LCJleHAiOjE3ODA1MDIyNzh9.1ZZxiyHuOP251OYU0tGpeq8tMLeS3kelWA51BM20Hwf87uCktdHfiR7hi-efk_6M
1780495135919783,30983,eyJhbGciOiJIUzM4NCJ9.eyJzdWIiOiJwZXJmX3VzZXJfOTc5IiwidXNlcklkIjozMDk4MywiaWF0IjoxNzgwNDk1MDc4LCJleHAiOjE3ODA1MDIyNzh9.gRCdr6a8eR7CjUSR3Z0uCmWh0zkZqCWte338R1gmNnrb7l3nAxZrdGvpmNpNTjaH
1780495138276921,31083,eyJhbGciOiJIUzM4NCJ9.eyJzdWIiOiJwZXJmX3VzZXJfMTA3OSIsInVzZXJJZCI6MzEwODMsImlhdCI6MTc4MDQ5NTA3OCwiZXhwIjoxNzgwNTAyMjc4fQ.8kMLjZcqrbQXSZYf7_9IzQzu8utyqSZ_kuPisUtnyjVzCmu5LqGbz4VoRbxKcB0t
1780495140509003,31183,eyJhbGciOiJIUzM4NCJ9.eyJzdWIiOiJwZXJmX3VzZXJfMTE3OSIsInVzZXJJZCI6MzExODMsImlhdCI6MTc4MDQ5NTA3OCwiZXhwIjoxNzgwNTAyMjc4fQ.6QcZluCpQpvBXtdlK_mm5g5oaPutKkBwesR4r-wiHnOj_pOjMJRhPqVKeBiQVoC1
1780495142691200,31283,eyJhbGciOiJIUzM4NCJ9.eyJzdWIiOiJwZXJmX3VzZXJfMTI3OSIsInVzZXJJZCI6MzEyODMsImlhdCI6MTc4MDQ5NTA3OCwiZXhwIjoxNzgwNTAyMjc4fQ.DsPFltLWDtK7LK5wtuyapdMLXyD9BBArbNRAbl6u8HxAOC7IgKZUli6jApWb1HrX
1780495144893841,31383,eyJhbGciOiJIUzM4NCJ9.eyJzdWIiOiJwZXJmX3VzZXJfMTM3OSIsInVzZXJJZCI6MzEzODMsImlhdCI6MTc4MDQ5NTA3OCwiZXhwIjoxNzgwNTAyMjc4fQ.D_X3CS0FEaGvc_nnfLl_HOMXHeMVco5FweoGVIUJGZdgn4tnZOwTnCNMQ4x0GOVA
1780495147099053,31483,eyJhbGciOiJIUzM4NCJ9.eyJzdWIiOiJwZXJmX3VzZXJfMTQ3OSIsInVzZXJJZCI6MzE0ODMsImlhdCI6MTc4MDQ5NTA3OCwiZXhwIjoxNzgwNTAyMjc4fQ.TFSTB3twDEXyC290qxu40bIrfJ-SDEHZP79c-eGnNFR5U_ONGVy6OVvODIziWEgE
1780495149376540,31583,eyJhbGciOiJIUzM4NCJ9.eyJzdWIiOiJwZXJmX3VzZXJfMTU3OSIsInVzZXJJZCI6MzE1ODMsImlhdCI6MTc4MDQ5NTA3OCwiZXhwIjoxNzgwNTAyMjc4fQ.567h-ulWR0jhcAcZ0pMJxtLQxEaX0IWVp8FKVYmiBeWql6hnw6GY0vje4wvmNWWC
1780495115697720,30084,eyJhbGciOiJIUzM4NCJ9.eyJzdWIiOiJwZXJmX3VzZXJfODAiLCJ1c2VySWQiOjMwMDg0LCJpYXQiOjE3ODA0OTUwNzYsImV4cCI6MTc4MDUwMjI3Nn0.TTsnINtGhtWqESqD-xTVOneIJv_GTsKC20EItdjcsdIwNG4g8IdQGRCGhi4l-AQK
1780495117892200,30184,eyJhbGciOiJIUzM4NCJ9.eyJzdWIiOiJwZXJmX3VzZXJfMTgwIiwidXNlcklkIjozMDE4NCwiaWF0IjoxNzgwNDk1MDc3LCJleHAiOjE3ODA1MDIyNzd9.TJE0AvPOoKYmlTWkr8I5FovR_Nb2oF5L542VPajddu2OJgz88zMoORgk-WjGJR8J
1780495120168279,30284,eyJhbGciOiJIUzM4NCJ9.eyJzdWIiOiJwZXJmX3VzZXJfMjgwIiwidXNlcklkIjozMDI4NCwiaWF0IjoxNzgwNDk1MDc3LCJleHAiOjE3ODA1MDIyNzd9.jA9JCHTVSaOLgBhEJIGy1ActmkpwVSCyydl3pDGYxat8KPc_F09oSItrSbWj5fsf
1780495122399886,30384,eyJhbGciOiJIUzM4NCJ9.eyJzdWIiOiJwZXJmX3VzZXJfMzgwIiwidXNlcklkIjozMDM4NCwiaWF0IjoxNzgwNDk1MDc3LCJleHAiOjE3ODA1MDIyNzd9.s7fkMjXmvCWKvW2pQvnlHlIyzqhIqAuRN8Eglnxx0IAA8ZHri7osV3U2BDVGauub
1780495124624826,30484,eyJhbGciOiJIUzM4NCJ9.eyJzdWIiOiJwZXJmX3VzZXJfNDgwIiwidXNlcklkIjozMDQ4NCwiaWF0IjoxNzgwNDk1MDc3LCJleHAiOjE3ODA1MDIyNzd9.L-IMVtlZXKxdFrAb_Nyv0kkgtXCjS4JNIsrFbsD0I_SMyY0vPQ-DfFUVaMYImF3l
1780495126897911,30584,eyJhbGciOiJIUzM4NCJ9.eyJzdWIiOiJwZXJmX3VzZXJfNTgwIiwidXNlcklkIjozMDU4NCwiaWF0IjoxNzgwNDk1MDc3LCJleHAiOjE3ODA1MDIyNzd9.iW6Z7XqVFppcqK_gPAbU2LfAoTUcMB2BU5UqhHr_u4OpxGYDZ7yjf3wYuqKiK2t0
1780495129156031,30684,eyJhbGciOiJIUzM4NCJ9.eyJzdWIiOiJwZXJmX3VzZXJfNjgwIiwidXNlcklkIjozMDY4NCwiaWF0IjoxNzgwNDk1MDc3LCJleHAiOjE3ODA1MDIyNzd9.7ogRciet8nGIda2dFXH2Ua9yL56eEy_Ae7rdWMYJw5UJjcVZ-w3ZUTHzYV4kAbGG
1780495131432629,30784,eyJhbGciOiJIUzM4NCJ9.eyJzdWIiOiJwZXJmX3VzZXJfNzgwIiwidXNlcklkIjozMDc4NCwiaWF0IjoxNzgwNDk1MDc3LCJleHAiOjE3ODA1MDIyNzd9.3ryzxKAgjAQyOmE0Btw6XmijX2vy54JrTwQhMrC1Qo29CEPN-bjTdEdXYatSKJZ1
1780495133685802,30884,eyJhbGciOiJIUzM4NCJ9.eyJzdWIiOiJwZXJmX3VzZXJfODgwIiwidXNlcklkIjozMDg4NCwiaWF0IjoxNzgwNDk1MDc4LCJleHAiOjE3ODA1MDIyNzh9.y0k8VdLkA_LYmv3z_jyisIQshv9YGOm_eU0Tgg7t5tB9DPD3nHNjRcodhQuW1gTX
1780495135919783,30984,eyJhbGciOiJIUzM4NCJ9.eyJzdWIiOiJwZXJmX3VzZXJfOTgwIiwidXNlcklkIjozMDk4NCwiaWF0IjoxNzgwNDk1MDc4LCJleHAiOjE3ODA1MDIyNzh9.yJnKJU4uNV7Xa7DypspOQYtBSxYVoR4lSVTRXAjF8msSCXJtUB7v-NHUiA2ymjX-
1780495138276921,31084,eyJhbGciOiJIUzM4NCJ9.eyJzdWIiOiJwZXJmX3VzZXJfMTA4MCIsInVzZXJJZCI6MzEwODQsImlhdCI6MTc4MDQ5NTA3OCwiZXhwIjoxNzgwNTAyMjc4fQ.3beuxKjSJ_lc2Rp4MZZjmQ-Icw1AN3J2GH_HDNgG18W9hzgJ8Rwc0ppDiY_tC3zb
1780495140509003,31184,eyJhbGciOiJIUzM4NCJ9.eyJzdWIiOiJwZXJmX3VzZXJfMTE4MCIsInVzZXJJZCI6MzExODQsImlhdCI6MTc4MDQ5NTA3OCwiZXhwIjoxNzgwNTAyMjc4fQ.MFOcz0rNL9Af2j6CZGPBj_FfYqT2AYzWzvoHtMWYvXRTN91ZulHJGL1vFGwjdwsh
1780495142691200,31284,eyJhbGciOiJIUzM4NCJ9.eyJzdWIiOiJwZXJmX3VzZXJfMTI4MCIsInVzZXJJZCI6MzEyODQsImlhdCI6MTc4MDQ5NTA3OCwiZXhwIjoxNzgwNTAyMjc4fQ.WAd7vAVRFH5q_2Qb-f4QHBNEKYhZqwPPrIt4E6DIo-vNA3EVhEovf6uAHVvmGUOM
1780495144893841,31384,eyJhbGciOiJIUzM4NCJ9.eyJzdWIiOiJwZXJmX3VzZXJfMTM4MCIsInVzZXJJZCI6MzEzODQsImlhdCI6MTc4MDQ5NTA3OCwiZXhwIjoxNzgwNTAyMjc4fQ.xPIjk4w5cA8bR86PdT2leVtcJ0ird-vCkvRsjQFmElPbxammvDRv4xLay9FPPoIT
1780495147099053,31484,eyJhbGciOiJIUzM4NCJ9.eyJzdWIiOiJwZXJmX3VzZXJfMTQ4MCIsInVzZXJJZCI6MzE0ODQsImlhdCI6MTc4MDQ5NTA3OCwiZXhwIjoxNzgwNTAyMjc4fQ.e_bOWvQyVcp3t9cmWs8KEhNGlSglYyQLBS2TwVALQUhND5Jm_KRdwjpcZbjMmEj-
1780495149376540,31584,eyJhbGciOiJIUzM4NCJ9.eyJzdWIiOiJwZXJmX3VzZXJfMTU4MCIsInVzZXJJZCI6MzE1ODQsImlhdCI6MTc4MDQ5NTA3OCwiZXhwIjoxNzgwNTAyMjc4fQ.aU7m9gpvNHqDzNaDK6PZnsDTdwuQ_eC3U-ISN7DmKWyMl3EhUw1m0i-K1hyRtywt
1780495115697720,30085,eyJhbGciOiJIUzM4NCJ9.eyJzdWIiOiJwZXJmX3VzZXJfODEiLCJ1c2VySWQiOjMwMDg1LCJpYXQiOjE3ODA0OTUwNzYsImV4cCI6MTc4MDUwMjI3Nn0.ylo4hoiiZz9Lb5A8005zQqmQhjUWGzabUMonpW-z51JNfCWBtc40qKNEhLQHakf1
1780495117892200,30185,eyJhbGciOiJIUzM4NCJ9.eyJzdWIiOiJwZXJmX3VzZXJfMTgxIiwidXNlcklkIjozMDE4NSwiaWF0IjoxNzgwNDk1MDc3LCJleHAiOjE3ODA1MDIyNzd9.HFLl3W6_LPh1Z7dY-MajvHF_7eMuFKxz364Z6ippN-urgdtZLYE7NPr8ejxgHWj8
1780495120168279,30285,eyJhbGciOiJIUzM4NCJ9.eyJzdWIiOiJwZXJmX3VzZXJfMjgxIiwidXNlcklkIjozMDI4NSwiaWF0IjoxNzgwNDk1MDc3LCJleHAiOjE3ODA1MDIyNzd9.MfYJbzis3E4k32_brzaLg0qGr_ZyZFDR7CtyzGXXpAuVI8ekuEaQDnACXckSGKe5
1780495122399886,30385,eyJhbGciOiJIUzM4NCJ9.eyJzdWIiOiJwZXJmX3VzZXJfMzgxIiwidXNlcklkIjozMDM4NSwiaWF0IjoxNzgwNDk1MDc3LCJleHAiOjE3ODA1MDIyNzd9.49EiHdVhA4eFvXx53AcMsj6KthuTjtl9zaTITIQyAemkUFW2yEBOfn76kjcWSeAK
1780495124624826,30485,eyJhbGciOiJIUzM4NCJ9.eyJzdWIiOiJwZXJmX3VzZXJfNDgxIiwidXNlcklkIjozMDQ4NSwiaWF0IjoxNzgwNDk1MDc3LCJleHAiOjE3ODA1MDIyNzd9.flYDolSOuPjmVKtYrZS9EO4yvsdN5k1OfeOlNAP9c-nGhmeOdDQVij2uFXdeAGm9
1780495126897911,30585,eyJhbGciOiJIUzM4NCJ9.eyJzdWIiOiJwZXJmX3VzZXJfNTgxIiwidXNlcklkIjozMDU4NSwiaWF0IjoxNzgwNDk1MDc3LCJleHAiOjE3ODA1MDIyNzd9.u7s_lzvE5_Uezkl6r7CCPriYBa2ErcGXViD1GMoUXTra6GFPaIBND88nkkEqtbr3
1780495129156031,30685,eyJhbGciOiJIUzM4NCJ9.eyJzdWIiOiJwZXJmX3VzZXJfNjgxIiwidXNlcklkIjozMDY4NSwiaWF0IjoxNzgwNDk1MDc3LCJleHAiOjE3ODA1MDIyNzd9.A7R5O3XlvbLwmEzndFP8z1duAEVVTsmJAFhwhrwz4rKNX5-KgI84eCHXK_nu5Q3_
1780495131432629,30785,eyJhbGciOiJIUzM4NCJ9.eyJzdWIiOiJwZXJmX3VzZXJfNzgxIiwidXNlcklkIjozMDc4NSwiaWF0IjoxNzgwNDk1MDc3LCJleHAiOjE3ODA1MDIyNzd9.Bhr977flkCQMfaLabFsY51obgL_bOh8L41mh6aa7r_g7Y8DtweMv7ZO7fjWSPvJS
1780495133685802,30885,eyJhbGciOiJIUzM4NCJ9.eyJzdWIiOiJwZXJmX3VzZXJfODgxIiwidXNlcklkIjozMDg4NSwiaWF0IjoxNzgwNDk1MDc4LCJleHAiOjE3ODA1MDIyNzh9.I-C4iHdSSy8X4_B6WAjdglfdN82B83NisdyPw3ADNW4wfL-bsoSF3WB0NhtI-Kav
1780495135919783,30985,eyJhbGciOiJIUzM4NCJ9.eyJzdWIiOiJwZXJmX3VzZXJfOTgxIiwidXNlcklkIjozMDk4NSwiaWF0IjoxNzgwNDk1MDc4LCJleHAiOjE3ODA1MDIyNzh9.990zdp9g_5o4pjtsDwpmKDD3uKFxPVGHW053xeiNOs8OPzVFGC-3mTYV6BUcGRQS
1780495138276921,31085,eyJhbGciOiJIUzM4NCJ9.eyJzdWIiOiJwZXJmX3VzZXJfMTA4MSIsInVzZXJJZCI6MzEwODUsImlhdCI6MTc4MDQ5NTA3OCwiZXhwIjoxNzgwNTAyMjc4fQ.3pK_UEDK8_dM3KH6hh3anpdqNWwZNWd-Ymic47cv43L3CtW2HjOD_wqS83ZSQ-9A
1780495140509003,31185,eyJhbGciOiJIUzM4NCJ9.eyJzdWIiOiJwZXJmX3VzZXJfMTE4MSIsInVzZXJJZCI6MzExODUsImlhdCI6MTc4MDQ5NTA3OCwiZXhwIjoxNzgwNTAyMjc4fQ.jaEDGYS28Xb9ix5cM_jIRayJASglKbdPNTdJOcerSuD5X_sl9J8V1rGLz59foSer
1780495142691200,31285,eyJhbGciOiJIUzM4NCJ9.eyJzdWIiOiJwZXJmX3VzZXJfMTI4MSIsInVzZXJJZCI6MzEyODUsImlhdCI6MTc4MDQ5NTA3OCwiZXhwIjoxNzgwNTAyMjc4fQ.TAlhRMXyg00nWC-HN855xxT2GoaKf64tyE2O7AClfIXQoFrXzvwOP-wW1q8FXkhE
1780495144893841,31385,eyJhbGciOiJIUzM4NCJ9.eyJzdWIiOiJwZXJmX3VzZXJfMTM4MSIsInVzZXJJZCI6MzEzODUsImlhdCI6MTc4MDQ5NTA3OCwiZXhwIjoxNzgwNTAyMjc4fQ.sUTEcx2mpOuHN4EfdqZNcdBCpQXzRv6Mw3D2VcGmeATv6wjD3dFB59oHGwv6ef8M
1780495147099053,31485,eyJhbGciOiJIUzM4NCJ9.eyJzdWIiOiJwZXJmX3VzZXJfMTQ4MSIsInVzZXJJZCI6MzE0ODUsImlhdCI6MTc4MDQ5NTA3OCwiZXhwIjoxNzgwNTAyMjc4fQ.pC-r9t6jybTWsBc5V5n00ljTBDYQsaa_ng4rw9jGDWiGlimM6BhkZ-49eJOh0ZhJ
1780495149376540,31585,eyJhbGciOiJIUzM4NCJ9.eyJzdWIiOiJwZXJmX3VzZXJfMTU4MSIsInVzZXJJZCI6MzE1ODUsImlhdCI6MTc4MDQ5NTA3OCwiZXhwIjoxNzgwNTAyMjc4fQ.XU6F-eRNwl-9iaQI33dvWRzZ35_xKlX2ftMiBSNIlJMoDCL5AQbIlxz6vjKjojc_
1780495115697720,30086,eyJhbGciOiJIUzM4NCJ9.eyJzdWIiOiJwZXJmX3VzZXJfODIiLCJ1c2VySWQiOjMwMDg2LCJpYXQiOjE3ODA0OTUwNzYsImV4cCI6MTc4MDUwMjI3Nn0.v0w7LJzWjsjWY9J2vvYN4aPpxU0OTHxoo_2YI7JZfegI7qxgdzj-ssNmXNXyTJz-
1780495117892200,30186,eyJhbGciOiJIUzM4NCJ9.eyJzdWIiOiJwZXJmX3VzZXJfMTgyIiwidXNlcklkIjozMDE4NiwiaWF0IjoxNzgwNDk1MDc3LCJleHAiOjE3ODA1MDIyNzd9.pgHB7V-FKyZiaarYtBW8sHNP0Mc7Ek0Xn1uaikaGM7eO1cKN7jOmO5btyFeG8psd
1780495120168279,30286,eyJhbGciOiJIUzM4NCJ9.eyJzdWIiOiJwZXJmX3VzZXJfMjgyIiwidXNlcklkIjozMDI4NiwiaWF0IjoxNzgwNDk1MDc3LCJleHAiOjE3ODA1MDIyNzd9.Dy92uTkkd1HYUs9O4GWmqynzCUvL6bSg9f19G60vNirogfgSqqR9cq96m8L_tDYG
1780495122399886,30386,eyJhbGciOiJIUzM4NCJ9.eyJzdWIiOiJwZXJmX3VzZXJfMzgyIiwidXNlcklkIjozMDM4NiwiaWF0IjoxNzgwNDk1MDc3LCJleHAiOjE3ODA1MDIyNzd9.DHs_joFGaWxPu_5gcSp52H2A2F9p_ZwnqQOTFqgsSCAXaHqt14Vx9DHgAJ8DWuVi
1780495124624826,30486,eyJhbGciOiJIUzM4NCJ9.eyJzdWIiOiJwZXJmX3VzZXJfNDgyIiwidXNlcklkIjozMDQ4NiwiaWF0IjoxNzgwNDk1MDc3LCJleHAiOjE3ODA1MDIyNzd9.9gqtK5NR9xoqUPdU92tvqT7_EFm2WOPisKjHN00l2_oI68SRjcRJqe8fAW9vKoCm
1780495126897911,30586,eyJhbGciOiJIUzM4NCJ9.eyJzdWIiOiJwZXJmX3VzZXJfNTgyIiwidXNlcklkIjozMDU4NiwiaWF0IjoxNzgwNDk1MDc3LCJleHAiOjE3ODA1MDIyNzd9.gzm8aDgWkYkkyp_KeDfmJYEdvSZ8KvM-L_vhnUYigEyMwtb_83_vIUDipnQo6uEj
1780495129156031,30686,eyJhbGciOiJIUzM4NCJ9.eyJzdWIiOiJwZXJmX3VzZXJfNjgyIiwidXNlcklkIjozMDY4NiwiaWF0IjoxNzgwNDk1MDc3LCJleHAiOjE3ODA1MDIyNzd9.tvWhrPBI6XMnfD0vXHZcL8rrRzjdJ4VN9yaaAEkZrDJmvucC-VlNfpNTSn-GM0Nd
1780495131432629,30786,eyJhbGciOiJIUzM4NCJ9.eyJzdWIiOiJwZXJmX3VzZXJfNzgyIiwidXNlcklkIjozMDc4NiwiaWF0IjoxNzgwNDk1MDc3LCJleHAiOjE3ODA1MDIyNzd9.rch_-3H2GQ8_f3mz5ss-gLgksUyG40r3EHJZKdISSiF4Q_-CW8EokPk4PCXMi9HY
1780495133685802,30886,eyJhbGciOiJIUzM4NCJ9.eyJzdWIiOiJwZXJmX3VzZXJfODgyIiwidXNlcklkIjozMDg4NiwiaWF0IjoxNzgwNDk1MDc4LCJleHAiOjE3ODA1MDIyNzh9.ocPrKZxfdry0u3AxPSqZb6kGm6dsxIhoxLzEVD43zH5Sc7KkKsSOeCowQTH5yX1h
1780495135919783,30986,eyJhbGciOiJIUzM4NCJ9.eyJzdWIiOiJwZXJmX3VzZXJfOTgyIiwidXNlcklkIjozMDk4NiwiaWF0IjoxNzgwNDk1MDc4LCJleHAiOjE3ODA1MDIyNzh9.mIBpRikRlgUN8aOXilsYAXdll8EZehxtgMhe0fUJMTDZFTVm4QrBmwJRDijkyfpP
1780495138276921,31086,eyJhbGciOiJIUzM4NCJ9.eyJzdWIiOiJwZXJmX3VzZXJfMTA4MiIsInVzZXJJZCI6MzEwODYsImlhdCI6MTc4MDQ5NTA3OCwiZXhwIjoxNzgwNTAyMjc4fQ.cM36yPdvrXqQc2_KHEP1rn_OJBiHMjRz7D-nOlsFZ892cHBJALuU15HbQQ37BvR6
1780495140509003,31186,eyJhbGciOiJIUzM4NCJ9.eyJzdWIiOiJwZXJmX3VzZXJfMTE4MiIsInVzZXJJZCI6MzExODYsImlhdCI6MTc4MDQ5NTA3OCwiZXhwIjoxNzgwNTAyMjc4fQ.b0LURpcAFRCbfTWcsQw23WjnySAnAsfwsB1eZfJ8aoYu8SaVWgmBZavsySxwa6Jg
1780495142691200,31286,eyJhbGciOiJIUzM4NCJ9.eyJzdWIiOiJwZXJmX3VzZXJfMTI4MiIsInVzZXJJZCI6MzEyODYsImlhdCI6MTc4MDQ5NTA3OCwiZXhwIjoxNzgwNTAyMjc4fQ.b5eQEy7HRR6hgPAczqWfelDKLKNzxit_s25HI17_X0r6dtqBiwuPgH8ndfeGCmjH
1780495144893841,31386,eyJhbGciOiJIUzM4NCJ9.eyJzdWIiOiJwZXJmX3VzZXJfMTM4MiIsInVzZXJJZCI6MzEzODYsImlhdCI6MTc4MDQ5NTA3OCwiZXhwIjoxNzgwNTAyMjc4fQ.sl0ugclsAyJ3r-NWCGV9hcRe8a6ci9iCEKgFc6_sHzGImU5v0oKKTidZHxooo8YO
1780495147099053,31486,eyJhbGciOiJIUzM4NCJ9.eyJzdWIiOiJwZXJmX3VzZXJfMTQ4MiIsInVzZXJJZCI6MzE0ODYsImlhdCI6MTc4MDQ5NTA3OCwiZXhwIjoxNzgwNTAyMjc4fQ.F-EY5XduVCvNoma1LBxKkGIj-5RSM1H3mJ1kbc0j6GRfbrhUZJqQJABx11XexCVD
1780495149376540,31586,eyJhbGciOiJIUzM4NCJ9.eyJzdWIiOiJwZXJmX3VzZXJfMTU4MiIsInVzZXJJZCI6MzE1ODYsImlhdCI6MTc4MDQ5NTA3OCwiZXhwIjoxNzgwNTAyMjc4fQ.nJTOskCuQulcHPlRnNHNFm2Y3-cXrHYnPIOcr-_ggn_BJFYpSK-poyGfzfng7brF
1780495115697720,30087,eyJhbGciOiJIUzM4NCJ9.eyJzdWIiOiJwZXJmX3VzZXJfODMiLCJ1c2VySWQiOjMwMDg3LCJpYXQiOjE3ODA0OTUwNzYsImV4cCI6MTc4MDUwMjI3Nn0.DfMvWxGRghIgOEsDORflv4kSyug1TOucuJ9qC6Kbd4pJ6g9KPH_zlOfu-fAWml7F
1780495117892200,30187,eyJhbGciOiJIUzM4NCJ9.eyJzdWIiOiJwZXJmX3VzZXJfMTgzIiwidXNlcklkIjozMDE4NywiaWF0IjoxNzgwNDk1MDc3LCJleHAiOjE3ODA1MDIyNzd9.vRrwU_G4LRYoNgmMaHnAzsn61AIhlXTkamar6DNB1imaspulAvjvafUc8kuorvTH
1780495120168279,30287,eyJhbGciOiJIUzM4NCJ9.eyJzdWIiOiJwZXJmX3VzZXJfMjgzIiwidXNlcklkIjozMDI4NywiaWF0IjoxNzgwNDk1MDc3LCJleHAiOjE3ODA1MDIyNzd9.Cf-fxfLR7I7O77M-KKm_LTTwSUnXh3SH54J8dhd-U_wYb8lgmCveUFgfNTcIkAJX
1780495122399886,30387,eyJhbGciOiJIUzM4NCJ9.eyJzdWIiOiJwZXJmX3VzZXJfMzgzIiwidXNlcklkIjozMDM4NywiaWF0IjoxNzgwNDk1MDc3LCJleHAiOjE3ODA1MDIyNzd9.rGvJ_tQSC027BRW01cpChmPn7_Au5CPCPAvloX95WfkxpT39THe8fBdpGkzFTdXj
1780495124624826,30487,eyJhbGciOiJIUzM4NCJ9.eyJzdWIiOiJwZXJmX3VzZXJfNDgzIiwidXNlcklkIjozMDQ4NywiaWF0IjoxNzgwNDk1MDc3LCJleHAiOjE3ODA1MDIyNzd9.pC1N4gkSTxzi_X9NHJQAw_-uPN3Oo2gMUp3d8eAYxwxOs6jY_6uzzv0LAGTLvyA4
1780495126897911,30587,eyJhbGciOiJIUzM4NCJ9.eyJzdWIiOiJwZXJmX3VzZXJfNTgzIiwidXNlcklkIjozMDU4NywiaWF0IjoxNzgwNDk1MDc3LCJleHAiOjE3ODA1MDIyNzd9.WMQKTX0fpqvL1ibgijbQZ7vmWK5Q5pqAsZs9GkJjE2HlrmfHc0x6xZcafEoK5fzE
1780495129156031,30687,eyJhbGciOiJIUzM4NCJ9.eyJzdWIiOiJwZXJmX3VzZXJfNjgzIiwidXNlcklkIjozMDY4NywiaWF0IjoxNzgwNDk1MDc3LCJleHAiOjE3ODA1MDIyNzd9.NAi0xZxwYFkIR174bW9fk21tzf_XOgug1AnZThOuGgqnsdQpPw1gfNr5W540fhNV
1780495131432629,30787,eyJhbGciOiJIUzM4NCJ9.eyJzdWIiOiJwZXJmX3VzZXJfNzgzIiwidXNlcklkIjozMDc4NywiaWF0IjoxNzgwNDk1MDc3LCJleHAiOjE3ODA1MDIyNzd9.OJKBSsL3a6aAgHs-PGispBYuigO8hwSGkWLp318jo9U3xipZ3ar5ong21ddIjh3i
1780495133685802,30887,eyJhbGciOiJIUzM4NCJ9.eyJzdWIiOiJwZXJmX3VzZXJfODgzIiwidXNlcklkIjozMDg4NywiaWF0IjoxNzgwNDk1MDc4LCJleHAiOjE3ODA1MDIyNzh9.43aF3SLEeWfrjabyfCymJToWhu9R9UWElqJ5Qmff5rEPDobNd_2c27fbywlO2BIf
1780495135919783,30987,eyJhbGciOiJIUzM4NCJ9.eyJzdWIiOiJwZXJmX3VzZXJfOTgzIiwidXNlcklkIjozMDk4NywiaWF0IjoxNzgwNDk1MDc4LCJleHAiOjE3ODA1MDIyNzh9.Gn_kHYvG2NfaMqVT0JTHZtMLnfBrfcCNWjI0-dxnDyk40hfa6HrQbrSDx9lk6hWl
1780495138276921,31087,eyJhbGciOiJIUzM4NCJ9.eyJzdWIiOiJwZXJmX3VzZXJfMTA4MyIsInVzZXJJZCI6MzEwODcsImlhdCI6MTc4MDQ5NTA3OCwiZXhwIjoxNzgwNTAyMjc4fQ.FlYSHfqrrdy6vedhLFL_tAc5SP0ODn_yKLSZU7fQ138ykko9zybiDwodYdSnNAa4
1780495140509003,31187,eyJhbGciOiJIUzM4NCJ9.eyJzdWIiOiJwZXJmX3VzZXJfMTE4MyIsInVzZXJJZCI6MzExODcsImlhdCI6MTc4MDQ5NTA3OCwiZXhwIjoxNzgwNTAyMjc4fQ.K0nlZpnSL_apm5-vsTfvroO0nVTK2vwPsVvhp-8RsUx3tBFRcngLLSj4eydiB5XF
1780495142691200,31287,eyJhbGciOiJIUzM4NCJ9.eyJzdWIiOiJwZXJmX3VzZXJfMTI4MyIsInVzZXJJZCI6MzEyODcsImlhdCI6MTc4MDQ5NTA3OCwiZXhwIjoxNzgwNTAyMjc4fQ.PJ4AKqM3tzigdI3d2VgTxZSCVmubH5ZEttSeKL6ZjoZxoyYhg0mWKkGxrhUD46nY
1780495144893841,31387,eyJhbGciOiJIUzM4NCJ9.eyJzdWIiOiJwZXJmX3VzZXJfMTM4MyIsInVzZXJJZCI6MzEzODcsImlhdCI6MTc4MDQ5NTA3OCwiZXhwIjoxNzgwNTAyMjc4fQ.EYJZSz8axCgfcNim3gByife5WlGzKn096wrUOMIzxcSMV4KjVskfnZ-ubYCkPj24
1780495147099053,31487,eyJhbGciOiJIUzM4NCJ9.eyJzdWIiOiJwZXJmX3VzZXJfMTQ4MyIsInVzZXJJZCI6MzE0ODcsImlhdCI6MTc4MDQ5NTA3OCwiZXhwIjoxNzgwNTAyMjc4fQ.FQ2xt65YlxwRVIHn09Llh4rE3Ye4jIAw60fQIUDxjTSVZboOujT7bHFAJf1rtCj5
1780495149376540,31587,eyJhbGciOiJIUzM4NCJ9.eyJzdWIiOiJwZXJmX3VzZXJfMTU4MyIsInVzZXJJZCI6MzE1ODcsImlhdCI6MTc4MDQ5NTA3OCwiZXhwIjoxNzgwNTAyMjc4fQ.FJ08P6zL3tLaYCy0oTWwqcwe7SZsUYQmHnmmBgYK1YHYpAb_TKBLTtbB-s7qJvkA
1780495115697720,30088,eyJhbGciOiJIUzM4NCJ9.eyJzdWIiOiJwZXJmX3VzZXJfODQiLCJ1c2VySWQiOjMwMDg4LCJpYXQiOjE3ODA0OTUwNzYsImV4cCI6MTc4MDUwMjI3Nn0.zBG1sjhSTFiPEUcW0HRoPrPVc9-p7mgM8w3Agp42YQjZQbqXLvJk8kuqGWCLwtUr
1780495117892200,30188,eyJhbGciOiJIUzM4NCJ9.eyJzdWIiOiJwZXJmX3VzZXJfMTg0IiwidXNlcklkIjozMDE4OCwiaWF0IjoxNzgwNDk1MDc3LCJleHAiOjE3ODA1MDIyNzd9.JYzccdMcsT831On16u99XlcQLPGJm2ldJLcJbn5PbLUtZXEPX9SWoL8UyX2SuXKS
1780495120168279,30288,eyJhbGciOiJIUzM4NCJ9.eyJzdWIiOiJwZXJmX3VzZXJfMjg0IiwidXNlcklkIjozMDI4OCwiaWF0IjoxNzgwNDk1MDc3LCJleHAiOjE3ODA1MDIyNzd9.q2B7S9slSsnMclro0r3hPxQKGuWEGfIfiEh54z7PoGnvXO04YCBu5Sm1qrGuvYUN
1780495122399886,30388,eyJhbGciOiJIUzM4NCJ9.eyJzdWIiOiJwZXJmX3VzZXJfMzg0IiwidXNlcklkIjozMDM4OCwiaWF0IjoxNzgwNDk1MDc3LCJleHAiOjE3ODA1MDIyNzd9.7VgIM8pev-_VrxTtwUmZeKJRaHrVENwHzD_vsiy1xg4VXg9RL7ylmI8KwCtLuqbD
1780495124624826,30488,eyJhbGciOiJIUzM4NCJ9.eyJzdWIiOiJwZXJmX3VzZXJfNDg0IiwidXNlcklkIjozMDQ4OCwiaWF0IjoxNzgwNDk1MDc3LCJleHAiOjE3ODA1MDIyNzd9.p5k3s30RHyug1ejyTHhE2f9AroUGM3Vf3ef6jMgn9gnBuA1GQSFsQ8eCGOGAisSq
1780495126897911,30588,eyJhbGciOiJIUzM4NCJ9.eyJzdWIiOiJwZXJmX3VzZXJfNTg0IiwidXNlcklkIjozMDU4OCwiaWF0IjoxNzgwNDk1MDc3LCJleHAiOjE3ODA1MDIyNzd9.ObsgSBcXhyFVaBBQqChbpkIpoilsPX_Nm0UecYbPDXY-OfxRhfDNp4t0aHwiUZzw
1780495129156031,30688,eyJhbGciOiJIUzM4NCJ9.eyJzdWIiOiJwZXJmX3VzZXJfNjg0IiwidXNlcklkIjozMDY4OCwiaWF0IjoxNzgwNDk1MDc3LCJleHAiOjE3ODA1MDIyNzd9.u0kCJbxyZg20cWSwN_lc8xCYKTegjd3w9yqWvbWf-G_UTP3GKR_n43SW5SXuoJrW
1780495131432629,30788,eyJhbGciOiJIUzM4NCJ9.eyJzdWIiOiJwZXJmX3VzZXJfNzg0IiwidXNlcklkIjozMDc4OCwiaWF0IjoxNzgwNDk1MDc3LCJleHAiOjE3ODA1MDIyNzd9.KA0fWS5yRXvXCwHti4D6g8wtouBaku6nPFSQDUGy9l7zEtPuhmIn0Q8xk6UzLf5K
1780495133685802,30888,eyJhbGciOiJIUzM4NCJ9.eyJzdWIiOiJwZXJmX3VzZXJfODg0IiwidXNlcklkIjozMDg4OCwiaWF0IjoxNzgwNDk1MDc4LCJleHAiOjE3ODA1MDIyNzh9.mpuh3O1Ie5_h29nrfnusdlsSemLHu66ZaCmulCnn1RufeoORLnExM5SlLuG_W0RQ
1780495135919783,30988,eyJhbGciOiJIUzM4NCJ9.eyJzdWIiOiJwZXJmX3VzZXJfOTg0IiwidXNlcklkIjozMDk4OCwiaWF0IjoxNzgwNDk1MDc4LCJleHAiOjE3ODA1MDIyNzh9.bx4zLMEawY7Md8bJeAPMhWTd3uv6ShOudG_y3XFCHp85nZSMZ4RBMFmXaj1iYXWb
1780495138276921,31088,eyJhbGciOiJIUzM4NCJ9.eyJzdWIiOiJwZXJmX3VzZXJfMTA4NCIsInVzZXJJZCI6MzEwODgsImlhdCI6MTc4MDQ5NTA3OCwiZXhwIjoxNzgwNTAyMjc4fQ.5zU5436tjnOLuEb_fAdQBRz-7V-LrSni4zZmC-Fz1JVQK8iNE32GjmHNOAiyuuld
1780495140509003,31188,eyJhbGciOiJIUzM4NCJ9.eyJzdWIiOiJwZXJmX3VzZXJfMTE4NCIsInVzZXJJZCI6MzExODgsImlhdCI6MTc4MDQ5NTA3OCwiZXhwIjoxNzgwNTAyMjc4fQ.XzeiCmm2G9__PbFHDBTG9Ee5fupbhopW0HbqN8XNxdFz2K2xflxXUf_JR61IpfTi
1780495142691200,31288,eyJhbGciOiJIUzM4NCJ9.eyJzdWIiOiJwZXJmX3VzZXJfMTI4NCIsInVzZXJJZCI6MzEyODgsImlhdCI6MTc4MDQ5NTA3OCwiZXhwIjoxNzgwNTAyMjc4fQ.stLaYDCDQpuL0UdnJe58Pg6ZGD83KtSUzbf73zitTB2m3h6DywbBWf7O8ec4GRkV
1780495144893841,31388,eyJhbGciOiJIUzM4NCJ9.eyJzdWIiOiJwZXJmX3VzZXJfMTM4NCIsInVzZXJJZCI6MzEzODgsImlhdCI6MTc4MDQ5NTA3OCwiZXhwIjoxNzgwNTAyMjc4fQ.diKFtehqYnfTsjlr5BLh8_aV1iiyplCZ-6Qcx9CANFy8IJgWKg-LPR0Zd2bk-A7H
1780495147099053,31488,eyJhbGciOiJIUzM4NCJ9.eyJzdWIiOiJwZXJmX3VzZXJfMTQ4NCIsInVzZXJJZCI6MzE0ODgsImlhdCI6MTc4MDQ5NTA3OCwiZXhwIjoxNzgwNTAyMjc4fQ.F3RXE24HvMh8ZXk2vDAT2dC--n_lpt2g70TnifaS38VoM18hsk_EFz_icvN-6-n0
1780495149376540,31588,eyJhbGciOiJIUzM4NCJ9.eyJzdWIiOiJwZXJmX3VzZXJfMTU4NCIsInVzZXJJZCI6MzE1ODgsImlhdCI6MTc4MDQ5NTA3OCwiZXhwIjoxNzgwNTAyMjc4fQ.WfjPH3NgTSwyjKNZYMqy-adDSai5qQ-fPz9MbZdbjTz4vWLr6tQDa_9hTiOLh9nA
1780495115697720,30089,eyJhbGciOiJIUzM4NCJ9.eyJzdWIiOiJwZXJmX3VzZXJfODUiLCJ1c2VySWQiOjMwMDg5LCJpYXQiOjE3ODA0OTUwNzYsImV4cCI6MTc4MDUwMjI3Nn0.rh1obYbH1Md_twM99iddxD19v_eVnI0qEmH-pQ-Cna-UwkQTfAGe7GPIRRyZEoFF
1780495117892200,30189,eyJhbGciOiJIUzM4NCJ9.eyJzdWIiOiJwZXJmX3VzZXJfMTg1IiwidXNlcklkIjozMDE4OSwiaWF0IjoxNzgwNDk1MDc3LCJleHAiOjE3ODA1MDIyNzd9.pBQQumCyNpIfbL_ToG_9CjNF5qSLOREKID94GHVY9ElmP9RnxPSHN6U6W2DXH2iL
1780495120168279,30289,eyJhbGciOiJIUzM4NCJ9.eyJzdWIiOiJwZXJmX3VzZXJfMjg1IiwidXNlcklkIjozMDI4OSwiaWF0IjoxNzgwNDk1MDc3LCJleHAiOjE3ODA1MDIyNzd9.h-7WqdVNKyQo5UJKOArh7EqV7O1eS1Y92lPpt9DPup8wg3bvmonU5frAq2FyJ4Nh
1780495122399886,30389,eyJhbGciOiJIUzM4NCJ9.eyJzdWIiOiJwZXJmX3VzZXJfMzg1IiwidXNlcklkIjozMDM4OSwiaWF0IjoxNzgwNDk1MDc3LCJleHAiOjE3ODA1MDIyNzd9.82vGFMaccyGzR9MgQSyps0XeDLnBSPvaXoGUcTfiWLnMx3ypHU3soDnFW1pk2cOq
1780495124624826,30489,eyJhbGciOiJIUzM4NCJ9.eyJzdWIiOiJwZXJmX3VzZXJfNDg1IiwidXNlcklkIjozMDQ4OSwiaWF0IjoxNzgwNDk1MDc3LCJleHAiOjE3ODA1MDIyNzd9.yVYXlYCrjFasFszlBEEDNE2Pp2p5_MjGoJPN71L6-WLiqgpBy3LPYOlxL8CRAGsZ
1780495126897911,30589,eyJhbGciOiJIUzM4NCJ9.eyJzdWIiOiJwZXJmX3VzZXJfNTg1IiwidXNlcklkIjozMDU4OSwiaWF0IjoxNzgwNDk1MDc3LCJleHAiOjE3ODA1MDIyNzd9.R9y47O74aV3D_KmCc7C93glLBiMpj-qnMHTIwCaPji_64k6BsfMPZyYDz7cn8udV
1780495129156031,30689,eyJhbGciOiJIUzM4NCJ9.eyJzdWIiOiJwZXJmX3VzZXJfNjg1IiwidXNlcklkIjozMDY4OSwiaWF0IjoxNzgwNDk1MDc3LCJleHAiOjE3ODA1MDIyNzd9.75W0c4j8ZfZigVtTTfCRC3RaGh_RDz3bCfKEj_DdRAHM7oqJQtL_Tgo3FPtbPnxq
1780495131432629,30789,eyJhbGciOiJIUzM4NCJ9.eyJzdWIiOiJwZXJmX3VzZXJfNzg1IiwidXNlcklkIjozMDc4OSwiaWF0IjoxNzgwNDk1MDc3LCJleHAiOjE3ODA1MDIyNzd9.PRFojSHRKpwdjk3xdRtHC-weNqhUz6PpNtaOnpn-bCGWDL3WUs0PSQqs5NDh07gc
1780495133685802,30889,eyJhbGciOiJIUzM4NCJ9.eyJzdWIiOiJwZXJmX3VzZXJfODg1IiwidXNlcklkIjozMDg4OSwiaWF0IjoxNzgwNDk1MDc4LCJleHAiOjE3ODA1MDIyNzh9.pA8w0CJLKD1PE5H-h61rj4rEJvDldgCX-Sg8cIJQuwUvGpJXc0NiImiROlQejWr8
1780495135919783,30989,eyJhbGciOiJIUzM4NCJ9.eyJzdWIiOiJwZXJmX3VzZXJfOTg1IiwidXNlcklkIjozMDk4OSwiaWF0IjoxNzgwNDk1MDc4LCJleHAiOjE3ODA1MDIyNzh9.tlo0H6EU7jZF8c89DkEscHkBEx8lCSvPEYDXsCmjmTK1WWT6DoS3gCWobtcIKwpm
1780495138276921,31089,eyJhbGciOiJIUzM4NCJ9.eyJzdWIiOiJwZXJmX3VzZXJfMTA4NSIsInVzZXJJZCI6MzEwODksImlhdCI6MTc4MDQ5NTA3OCwiZXhwIjoxNzgwNTAyMjc4fQ.88vAjRf4_jKCa0QNRfP3JkU2hhgU-boBh2WKvjaOXjJzzP1v7THw5wVYH2qYciis
1780495140509003,31189,eyJhbGciOiJIUzM4NCJ9.eyJzdWIiOiJwZXJmX3VzZXJfMTE4NSIsInVzZXJJZCI6MzExODksImlhdCI6MTc4MDQ5NTA3OCwiZXhwIjoxNzgwNTAyMjc4fQ.3KnRzIsrsB6cFuc6b83fJnXS5YGVjRLkrqtDSkAKixLXebQZz43MZu7A2Qj_vOJQ
1780495142691200,31289,eyJhbGciOiJIUzM4NCJ9.eyJzdWIiOiJwZXJmX3VzZXJfMTI4NSIsInVzZXJJZCI6MzEyODksImlhdCI6MTc4MDQ5NTA3OCwiZXhwIjoxNzgwNTAyMjc4fQ.rsq3hpa0WpOxrj7EQBRhWZhde7XFvEA-OG48kHjbV4LqPzmzAx9n2PWTY17Yg0pU
1780495144893841,31389,eyJhbGciOiJIUzM4NCJ9.eyJzdWIiOiJwZXJmX3VzZXJfMTM4NSIsInVzZXJJZCI6MzEzODksImlhdCI6MTc4MDQ5NTA3OCwiZXhwIjoxNzgwNTAyMjc4fQ.sWwuOsssz1pQ1wP5Oo15VFSrlIAaeje--3Z0AzHwKcyKzoFU6tpGW2AIXE38CBp_
1780495147099053,31489,eyJhbGciOiJIUzM4NCJ9.eyJzdWIiOiJwZXJmX3VzZXJfMTQ4NSIsInVzZXJJZCI6MzE0ODksImlhdCI6MTc4MDQ5NTA3OCwiZXhwIjoxNzgwNTAyMjc4fQ.Lqyb0XctwIYcKg8P32UthY9I31Fa-xfgrCt1jkkV81EVjCp6ADzWK2b08JajV4bh
1780495149376540,31589,eyJhbGciOiJIUzM4NCJ9.eyJzdWIiOiJwZXJmX3VzZXJfMTU4NSIsInVzZXJJZCI6MzE1ODksImlhdCI6MTc4MDQ5NTA3OCwiZXhwIjoxNzgwNTAyMjc4fQ.Z6Kg6AFYVZOHm9IfX7OwOxlx3Pfb31Z7JMQ8Rh3q5kng0TZxGXLf0EKHvyy0p22a
1780495115697720,30090,eyJhbGciOiJIUzM4NCJ9.eyJzdWIiOiJwZXJmX3VzZXJfODYiLCJ1c2VySWQiOjMwMDkwLCJpYXQiOjE3ODA0OTUwNzYsImV4cCI6MTc4MDUwMjI3Nn0.ohemwDCNZ4WFpQxnn6q51sEA02_T2HT8L_fV0KtlEQRmOlxvjGK01-YvuvgSAgeL
1780495117892200,30190,eyJhbGciOiJIUzM4NCJ9.eyJzdWIiOiJwZXJmX3VzZXJfMTg2IiwidXNlcklkIjozMDE5MCwiaWF0IjoxNzgwNDk1MDc3LCJleHAiOjE3ODA1MDIyNzd9.ra2DmwAtn5VgshqqdZOI6GyIcI7PPuBFXoM-SOkgE8p7N_lyEXlfSFg1ic6s4D9o
1780495120168279,30290,eyJhbGciOiJIUzM4NCJ9.eyJzdWIiOiJwZXJmX3VzZXJfMjg2IiwidXNlcklkIjozMDI5MCwiaWF0IjoxNzgwNDk1MDc3LCJleHAiOjE3ODA1MDIyNzd9.TAbMUnID-3sAxJ2ljLLXd7gar68EhwaNhDETF34UFMQsRhmagrlxpxYWfYoRtEm4
1780495122399886,30390,eyJhbGciOiJIUzM4NCJ9.eyJzdWIiOiJwZXJmX3VzZXJfMzg2IiwidXNlcklkIjozMDM5MCwiaWF0IjoxNzgwNDk1MDc3LCJleHAiOjE3ODA1MDIyNzd9.LUSnFbtV95ekRwYsaWyfdjOz5dFPvNureRrym0CHe4E_UnTRq9YKnzf-PhA1xT_U
1780495124624826,30490,eyJhbGciOiJIUzM4NCJ9.eyJzdWIiOiJwZXJmX3VzZXJfNDg2IiwidXNlcklkIjozMDQ5MCwiaWF0IjoxNzgwNDk1MDc3LCJleHAiOjE3ODA1MDIyNzd9.mD6EHGcYYnx4XfMIL99fYo2TL9LPkHvMnIzrWKzcg0nKbFSfNUcIW54MAqhJLntK
1780495126897911,30590,eyJhbGciOiJIUzM4NCJ9.eyJzdWIiOiJwZXJmX3VzZXJfNTg2IiwidXNlcklkIjozMDU5MCwiaWF0IjoxNzgwNDk1MDc3LCJleHAiOjE3ODA1MDIyNzd9.xllltz2bAEb_YJpd75DeZAfVKxOygRmLsSH6WNf3L-1kL1PF0-qtX078QVWt5zcI
1780495129156031,30690,eyJhbGciOiJIUzM4NCJ9.eyJzdWIiOiJwZXJmX3VzZXJfNjg2IiwidXNlcklkIjozMDY5MCwiaWF0IjoxNzgwNDk1MDc3LCJleHAiOjE3ODA1MDIyNzd9.lFmjCmYnCHyeAmFlz8WgSpK7PklE_rD6VuqX5j5cVaNrguHybn6enCeVu1eGl5y7
1780495131432629,30790,eyJhbGciOiJIUzM4NCJ9.eyJzdWIiOiJwZXJmX3VzZXJfNzg2IiwidXNlcklkIjozMDc5MCwiaWF0IjoxNzgwNDk1MDc3LCJleHAiOjE3ODA1MDIyNzd9.ds4bPzz0i33P4IiV0qoW0LQHpKsOskyCxaB6BifbdFYKcX4y5b8zdjwIyVebsNxS
1780495133685802,30890,eyJhbGciOiJIUzM4NCJ9.eyJzdWIiOiJwZXJmX3VzZXJfODg2IiwidXNlcklkIjozMDg5MCwiaWF0IjoxNzgwNDk1MDc4LCJleHAiOjE3ODA1MDIyNzh9.A4kLp5MwRx7UQcvouSWv4xAOBrX88kpc6kt1EmOn-TRW_Mf_IbPjFTfeDIgij4fu
1780495135919783,30990,eyJhbGciOiJIUzM4NCJ9.eyJzdWIiOiJwZXJmX3VzZXJfOTg2IiwidXNlcklkIjozMDk5MCwiaWF0IjoxNzgwNDk1MDc4LCJleHAiOjE3ODA1MDIyNzh9.Xl_nfLl83T8Pznz0y7lQSPZNqkiKxNr3ym28iPbuH6AiHEsf-We5cw92aPZn6o3M
1780495138276921,31090,eyJhbGciOiJIUzM4NCJ9.eyJzdWIiOiJwZXJmX3VzZXJfMTA4NiIsInVzZXJJZCI6MzEwOTAsImlhdCI6MTc4MDQ5NTA3OCwiZXhwIjoxNzgwNTAyMjc4fQ.IbrGZ1qz5DOO_iaL6cAov874c6TpLWk3Tt0kYPkxyZjA9g75mGsf9DiEniaowceT
1780495140509003,31190,eyJhbGciOiJIUzM4NCJ9.eyJzdWIiOiJwZXJmX3VzZXJfMTE4NiIsInVzZXJJZCI6MzExOTAsImlhdCI6MTc4MDQ5NTA3OCwiZXhwIjoxNzgwNTAyMjc4fQ.tI-API_oBtpo54BsT2_mZCoNm7AKi2pA6G1_NiScS9fJokOmufurWM0xqAz4JY0S
1780495142691200,31290,eyJhbGciOiJIUzM4NCJ9.eyJzdWIiOiJwZXJmX3VzZXJfMTI4NiIsInVzZXJJZCI6MzEyOTAsImlhdCI6MTc4MDQ5NTA3OCwiZXhwIjoxNzgwNTAyMjc4fQ.Z2CydLFUPbSEt26ZYOozGtG9cZOqFC_UQX3oZyYOIj6qGRXBtzej0m33a6G9VNWx
1780495144893841,31390,eyJhbGciOiJIUzM4NCJ9.eyJzdWIiOiJwZXJmX3VzZXJfMTM4NiIsInVzZXJJZCI6MzEzOTAsImlhdCI6MTc4MDQ5NTA3OCwiZXhwIjoxNzgwNTAyMjc4fQ.gTYV6pyCZRpGkTLkp0smKu0dLpWQ5oMSoCHi3GTrZeTPB7fVK0InPacmi98MojIi
1780495147099053,31490,eyJhbGciOiJIUzM4NCJ9.eyJzdWIiOiJwZXJmX3VzZXJfMTQ4NiIsInVzZXJJZCI6MzE0OTAsImlhdCI6MTc4MDQ5NTA3OCwiZXhwIjoxNzgwNTAyMjc4fQ.nn_4m6GwYPzZexDAGPjXFDFpMf1FPUFCKFm9ccKcQh8vfMvOHbzjWivXJHGhm0kx
1780495149376540,31590,eyJhbGciOiJIUzM4NCJ9.eyJzdWIiOiJwZXJmX3VzZXJfMTU4NiIsInVzZXJJZCI6MzE1OTAsImlhdCI6MTc4MDQ5NTA3OCwiZXhwIjoxNzgwNTAyMjc4fQ.U_FWEytx3Er0JabC3nCUZEsDkaGyzQqa9UlL3KB5dxP2ZBeicV_dGEHslvrRYwIy
1780495115697720,30091,eyJhbGciOiJIUzM4NCJ9.eyJzdWIiOiJwZXJmX3VzZXJfODciLCJ1c2VySWQiOjMwMDkxLCJpYXQiOjE3ODA0OTUwNzYsImV4cCI6MTc4MDUwMjI3Nn0.X6UmcMOSxjWnfq8N6voQ3EIkgEjwM_lMRxYq8lFXT9uIL2KV6uJf1-EFqAAfsiUN
1780495117892200,30191,eyJhbGciOiJIUzM4NCJ9.eyJzdWIiOiJwZXJmX3VzZXJfMTg3IiwidXNlcklkIjozMDE5MSwiaWF0IjoxNzgwNDk1MDc3LCJleHAiOjE3ODA1MDIyNzd9.lcKClsq8evFWIdeHhNEiK8-nsf_lo7m84rIOUQQ4LFHhZWa9jYloTrM54RGq24bX
1780495120168279,30291,eyJhbGciOiJIUzM4NCJ9.eyJzdWIiOiJwZXJmX3VzZXJfMjg3IiwidXNlcklkIjozMDI5MSwiaWF0IjoxNzgwNDk1MDc3LCJleHAiOjE3ODA1MDIyNzd9.thCNGNma3VAEs0HpfZk6Zgb2Ey_lQB3XNR91QsdeFewWPtDKrBzKtYGJBhcQoV3U
1780495122399886,30391,eyJhbGciOiJIUzM4NCJ9.eyJzdWIiOiJwZXJmX3VzZXJfMzg3IiwidXNlcklkIjozMDM5MSwiaWF0IjoxNzgwNDk1MDc3LCJleHAiOjE3ODA1MDIyNzd9.XAeQMJgAzkRd-NeSbD5i-bxlVncj7k-XRZOIhGFahDvkXQBOPgM9UhIY8MZt6DDL
1780495124624826,30491,eyJhbGciOiJIUzM4NCJ9.eyJzdWIiOiJwZXJmX3VzZXJfNDg3IiwidXNlcklkIjozMDQ5MSwiaWF0IjoxNzgwNDk1MDc3LCJleHAiOjE3ODA1MDIyNzd9.Pyg4hcCJzxLDYJx5aroy61__ScCAloRBzGQ4jIM4hJVK-pPo73uAduooH_3lO-tY
1780495126897911,30591,eyJhbGciOiJIUzM4NCJ9.eyJzdWIiOiJwZXJmX3VzZXJfNTg3IiwidXNlcklkIjozMDU5MSwiaWF0IjoxNzgwNDk1MDc3LCJleHAiOjE3ODA1MDIyNzd9.HmLPjQiQz6ycwZidYrzjKYcofVon6ozuIAbXST2fpACyq-KINcr9saG0IUkeK86l
1780495129156031,30691,eyJhbGciOiJIUzM4NCJ9.eyJzdWIiOiJwZXJmX3VzZXJfNjg3IiwidXNlcklkIjozMDY5MSwiaWF0IjoxNzgwNDk1MDc3LCJleHAiOjE3ODA1MDIyNzd9.wiXdVsJbVym73li3iLlcYJBlCLmh6wJqhUMKrhmRRnPn_vrKr_jVl75HD1wmjDDS
1780495131432629,30791,eyJhbGciOiJIUzM4NCJ9.eyJzdWIiOiJwZXJmX3VzZXJfNzg3IiwidXNlcklkIjozMDc5MSwiaWF0IjoxNzgwNDk1MDc3LCJleHAiOjE3ODA1MDIyNzd9.lIIHWb4DzZASHSvAQM-L2IpP3zF_JBRU9U__c30TG7RZwAfpgftjAOHy88I_V-th
1780495133685802,30891,eyJhbGciOiJIUzM4NCJ9.eyJzdWIiOiJwZXJmX3VzZXJfODg3IiwidXNlcklkIjozMDg5MSwiaWF0IjoxNzgwNDk1MDc4LCJleHAiOjE3ODA1MDIyNzh9.B0u5gCvpiElii0CwgO3Dr9EBG8JlbgujkDRuSWBIYXguH7_ODnBIwFKUknO-fser
1780495135919783,30991,eyJhbGciOiJIUzM4NCJ9.eyJzdWIiOiJwZXJmX3VzZXJfOTg3IiwidXNlcklkIjozMDk5MSwiaWF0IjoxNzgwNDk1MDc4LCJleHAiOjE3ODA1MDIyNzh9.UpfZUd5jcTwbModa7zLaZXAYhCD_K90SUKO1Yrpay8KYLtDXnkR7laBMrNynyXfk
1780495138276921,31091,eyJhbGciOiJIUzM4NCJ9.eyJzdWIiOiJwZXJmX3VzZXJfMTA4NyIsInVzZXJJZCI6MzEwOTEsImlhdCI6MTc4MDQ5NTA3OCwiZXhwIjoxNzgwNTAyMjc4fQ.qGz83v4qnmYLdxRjJtUExp_FLTVM1exWjhqg8PbWXFLWE-LuRzfP3ff4WSfV3SkS
1780495140509003,31191,eyJhbGciOiJIUzM4NCJ9.eyJzdWIiOiJwZXJmX3VzZXJfMTE4NyIsInVzZXJJZCI6MzExOTEsImlhdCI6MTc4MDQ5NTA3OCwiZXhwIjoxNzgwNTAyMjc4fQ.U5qUfRmrcM5dkERwF7NRTEDqWLTRVT-OxhlJX17-Arjik7OF2mvrFaGM0Wo8xYSk
1780495142691200,31291,eyJhbGciOiJIUzM4NCJ9.eyJzdWIiOiJwZXJmX3VzZXJfMTI4NyIsInVzZXJJZCI6MzEyOTEsImlhdCI6MTc4MDQ5NTA3OCwiZXhwIjoxNzgwNTAyMjc4fQ.wC8Y3fTyxEWIdMUn7XjvKZSi8CfWjv6RTHDuLBPLtS4vl7ApeSIEFdEbYyqbt6r3
1780495144893841,31391,eyJhbGciOiJIUzM4NCJ9.eyJzdWIiOiJwZXJmX3VzZXJfMTM4NyIsInVzZXJJZCI6MzEzOTEsImlhdCI6MTc4MDQ5NTA3OCwiZXhwIjoxNzgwNTAyMjc4fQ.mHmaHalYtau9ZFNeBhsPQ8gXtouFhDfhGAcOgAYBpAJbZ_Ru0Bzkq0nLfiiILe-Y
1780495147099053,31491,eyJhbGciOiJIUzM4NCJ9.eyJzdWIiOiJwZXJmX3VzZXJfMTQ4NyIsInVzZXJJZCI6MzE0OTEsImlhdCI6MTc4MDQ5NTA3OCwiZXhwIjoxNzgwNTAyMjc4fQ.HfzhZseRwoWiU8GVxAOC1nYC_LxT7N_tc5EkIpr9jgSIIX6Z3O-7V0Z6dtzZf4O0
1780495149376540,31591,eyJhbGciOiJIUzM4NCJ9.eyJzdWIiOiJwZXJmX3VzZXJfMTU4NyIsInVzZXJJZCI6MzE1OTEsImlhdCI6MTc4MDQ5NTA3OCwiZXhwIjoxNzgwNTAyMjc4fQ.sE09zgtz5-lfxcBKuhmQAUhWA8-JAKd6WzwtsXptmny-KU7QX4SNn8S0v-RB0V4x
1780495115697720,30092,eyJhbGciOiJIUzM4NCJ9.eyJzdWIiOiJwZXJmX3VzZXJfODgiLCJ1c2VySWQiOjMwMDkyLCJpYXQiOjE3ODA0OTUwNzYsImV4cCI6MTc4MDUwMjI3Nn0.vrmIyR9w8C7BI0hB7YgWkW-qVGA5EauJ1mSO3wHdtk5W2pGdzFqInNRTZEG8bzqy
1780495117892200,30192,eyJhbGciOiJIUzM4NCJ9.eyJzdWIiOiJwZXJmX3VzZXJfMTg4IiwidXNlcklkIjozMDE5MiwiaWF0IjoxNzgwNDk1MDc3LCJleHAiOjE3ODA1MDIyNzd9.k1UGAHGIwdLij-lJQWOmtVnSyoltSQezBoRdL8UEmTZTPQJ5oy4kgcQbEpb9MBqC
1780495120168279,30292,eyJhbGciOiJIUzM4NCJ9.eyJzdWIiOiJwZXJmX3VzZXJfMjg4IiwidXNlcklkIjozMDI5MiwiaWF0IjoxNzgwNDk1MDc3LCJleHAiOjE3ODA1MDIyNzd9.UYG5t4b4nGGm0Gj_x04VHQhgiFtPmr4WUMPMRZtfZ8IE9biO_koeRusqXH-yKDCK
1780495122399886,30392,eyJhbGciOiJIUzM4NCJ9.eyJzdWIiOiJwZXJmX3VzZXJfMzg4IiwidXNlcklkIjozMDM5MiwiaWF0IjoxNzgwNDk1MDc3LCJleHAiOjE3ODA1MDIyNzd9.VASwgj8ot1pcKhvVwMdamzyJR_VdOtuVI9F3n3qIOjLLNPF2W79jw1LK2cjO3MuZ
1780495124624826,30492,eyJhbGciOiJIUzM4NCJ9.eyJzdWIiOiJwZXJmX3VzZXJfNDg4IiwidXNlcklkIjozMDQ5MiwiaWF0IjoxNzgwNDk1MDc3LCJleHAiOjE3ODA1MDIyNzd9.BQ18RwEt21yplUDaf_pcbrCj8OaMDNcMO9cCRxhwMxCTnv_9-0wVErgs2uf73V1T
1780495126897911,30592,eyJhbGciOiJIUzM4NCJ9.eyJzdWIiOiJwZXJmX3VzZXJfNTg4IiwidXNlcklkIjozMDU5MiwiaWF0IjoxNzgwNDk1MDc3LCJleHAiOjE3ODA1MDIyNzd9.EbcIh4BTkm_sqGoAm6ZrHBggsWEsp33RIx53CSIKDVeRl-xgKpOR7l002rIGz0F0
1780495129156031,30692,eyJhbGciOiJIUzM4NCJ9.eyJzdWIiOiJwZXJmX3VzZXJfNjg4IiwidXNlcklkIjozMDY5MiwiaWF0IjoxNzgwNDk1MDc3LCJleHAiOjE3ODA1MDIyNzd9.i9ebgxUSLY3IAPDGnCbKQyJDIdE1Ute0HyEvYdjdeKjHJg2oFMHWfMlFbOcPM0DC
1780495131432629,30792,eyJhbGciOiJIUzM4NCJ9.eyJzdWIiOiJwZXJmX3VzZXJfNzg4IiwidXNlcklkIjozMDc5MiwiaWF0IjoxNzgwNDk1MDc3LCJleHAiOjE3ODA1MDIyNzd9.htYBoGNLQkQi6nWYkP4PL0z84WbPj1l-k9_ZcvEzrCRqryFCy7HuzGkq0eT6m7S7
1780495133685802,30892,eyJhbGciOiJIUzM4NCJ9.eyJzdWIiOiJwZXJmX3VzZXJfODg4IiwidXNlcklkIjozMDg5MiwiaWF0IjoxNzgwNDk1MDc4LCJleHAiOjE3ODA1MDIyNzh9.Cxp5LjOFfhrxrXKP5f5rlAuLfK2pDVUF0YwZZLXPRzNNVLP2rJpSJWhuv1t1QSQ2
1780495135919783,30992,eyJhbGciOiJIUzM4NCJ9.eyJzdWIiOiJwZXJmX3VzZXJfOTg4IiwidXNlcklkIjozMDk5MiwiaWF0IjoxNzgwNDk1MDc4LCJleHAiOjE3ODA1MDIyNzh9.mpZqfoBVqFV67EZdYQxv72X8ZLgJg-bNuRWB0cqovrm6P8hOnHntUKeSEovawb4o
1780495138276921,31092,eyJhbGciOiJIUzM4NCJ9.eyJzdWIiOiJwZXJmX3VzZXJfMTA4OCIsInVzZXJJZCI6MzEwOTIsImlhdCI6MTc4MDQ5NTA3OCwiZXhwIjoxNzgwNTAyMjc4fQ.VCDH6t3gn3Ff8CPgkLVOZU4gtBJbht6Z8ldaqzpJquG15Y6pm-VonLufNh4xRjo-
1780495140509003,31192,eyJhbGciOiJIUzM4NCJ9.eyJzdWIiOiJwZXJmX3VzZXJfMTE4OCIsInVzZXJJZCI6MzExOTIsImlhdCI6MTc4MDQ5NTA3OCwiZXhwIjoxNzgwNTAyMjc4fQ.crs0C8rf_j88tdeww9KcM_QHodVtnsyG_wa9tUzVscv2HASLMzNTUvRd_Uq9-MFz
1780495142691200,31292,eyJhbGciOiJIUzM4NCJ9.eyJzdWIiOiJwZXJmX3VzZXJfMTI4OCIsInVzZXJJZCI6MzEyOTIsImlhdCI6MTc4MDQ5NTA3OCwiZXhwIjoxNzgwNTAyMjc4fQ.H7dmoq_8YCYijxia6v_Zg4Cx_DkFht3FvLfnhjVgtFOYak36JUyw9Fa8_S66F2_i
1780495144893841,31392,eyJhbGciOiJIUzM4NCJ9.eyJzdWIiOiJwZXJmX3VzZXJfMTM4OCIsInVzZXJJZCI6MzEzOTIsImlhdCI6MTc4MDQ5NTA3OCwiZXhwIjoxNzgwNTAyMjc4fQ.mKkRuEyk2h_9cFNv2_TdfaV8csDinyky03749GSHGMZVh79sEXCUnPWL4aQqfGB4
1780495147099053,31492,eyJhbGciOiJIUzM4NCJ9.eyJzdWIiOiJwZXJmX3VzZXJfMTQ4OCIsInVzZXJJZCI6MzE0OTIsImlhdCI6MTc4MDQ5NTA3OCwiZXhwIjoxNzgwNTAyMjc4fQ.gMuzteiXmbAYzyFRQDX1FvFHjF9T6XqZF1mNnmfEYPcKJs_JQAntngNAH1mq_4E7
1780495149376540,31592,eyJhbGciOiJIUzM4NCJ9.eyJzdWIiOiJwZXJmX3VzZXJfMTU4OCIsInVzZXJJZCI6MzE1OTIsImlhdCI6MTc4MDQ5NTA3OCwiZXhwIjoxNzgwNTAyMjc4fQ.-6_dzfJWRVpw28Kfz0KJNrZqnBxW_gRteDJZr7MOnIBJNaeaid4o40IAwwQQfzE8
1780495115697720,30093,eyJhbGciOiJIUzM4NCJ9.eyJzdWIiOiJwZXJmX3VzZXJfODkiLCJ1c2VySWQiOjMwMDkzLCJpYXQiOjE3ODA0OTUwNzYsImV4cCI6MTc4MDUwMjI3Nn0.BO7SWxSeZ5rCayea0YXzwah5WA4IKhYwqEJWYjRnCOeH6Lr5SHqeAg9opBDB1oPX
1780495117892200,30193,eyJhbGciOiJIUzM4NCJ9.eyJzdWIiOiJwZXJmX3VzZXJfMTg5IiwidXNlcklkIjozMDE5MywiaWF0IjoxNzgwNDk1MDc3LCJleHAiOjE3ODA1MDIyNzd9.ByXFpqftO3h6i_KubZ-oPkEKPKCudIW9UT8vPUHCBzL4XW4ZGjMRYrEiVVDjPN5-
1780495120168279,30293,eyJhbGciOiJIUzM4NCJ9.eyJzdWIiOiJwZXJmX3VzZXJfMjg5IiwidXNlcklkIjozMDI5MywiaWF0IjoxNzgwNDk1MDc3LCJleHAiOjE3ODA1MDIyNzd9.8KvENf6j2HMd1Bn9zsnkH6xSmykg6RsE3sPFRAtFzUZk3ollK4ejj56d0P6h0CYc
1780495122399886,30393,eyJhbGciOiJIUzM4NCJ9.eyJzdWIiOiJwZXJmX3VzZXJfMzg5IiwidXNlcklkIjozMDM5MywiaWF0IjoxNzgwNDk1MDc3LCJleHAiOjE3ODA1MDIyNzd9.uNEU9BBrAMj-_toOKH25JjGmkle1M4P6ae9YezrQIdgbKvQNizZ6vORT5zhvK3Zm
1780495124624826,30493,eyJhbGciOiJIUzM4NCJ9.eyJzdWIiOiJwZXJmX3VzZXJfNDg5IiwidXNlcklkIjozMDQ5MywiaWF0IjoxNzgwNDk1MDc3LCJleHAiOjE3ODA1MDIyNzd9.5_776cMFgBkzlKG2z_R5FknzBgXU5EHQ4Wy9vdqyTz6loOlzzDWs6BLudUxEZQSh
1780495126897911,30593,eyJhbGciOiJIUzM4NCJ9.eyJzdWIiOiJwZXJmX3VzZXJfNTg5IiwidXNlcklkIjozMDU5MywiaWF0IjoxNzgwNDk1MDc3LCJleHAiOjE3ODA1MDIyNzd9.BiTTzatB4GvQWekYtolCAtfH0CojlI7JdrJq6-tc3cWZvE1eTgtysRkk8Mj7kaMg
1780495129156031,30693,eyJhbGciOiJIUzM4NCJ9.eyJzdWIiOiJwZXJmX3VzZXJfNjg5IiwidXNlcklkIjozMDY5MywiaWF0IjoxNzgwNDk1MDc3LCJleHAiOjE3ODA1MDIyNzd9.rHyrMRG56_eHbSEoUh88rlyFjs-vkkGdXQfxuK5z4sPv30j7088tMItff5tZRxnn
1780495131432629,30793,eyJhbGciOiJIUzM4NCJ9.eyJzdWIiOiJwZXJmX3VzZXJfNzg5IiwidXNlcklkIjozMDc5MywiaWF0IjoxNzgwNDk1MDc3LCJleHAiOjE3ODA1MDIyNzd9.LHMQZe9Cs1mAHLyeYlqt12XBJRYlCdtlPsP_6hLHEEZ_34QigKlTr6dpzoJ6rESs
1780495133685802,30893,eyJhbGciOiJIUzM4NCJ9.eyJzdWIiOiJwZXJmX3VzZXJfODg5IiwidXNlcklkIjozMDg5MywiaWF0IjoxNzgwNDk1MDc4LCJleHAiOjE3ODA1MDIyNzh9.YVBebt2CrXXPvtCxwsdXnWbCn6eLD1A2YNCB8nT7AvMO8GjsRJvcqzFpqxAbgVGW
1780495135919783,30993,eyJhbGciOiJIUzM4NCJ9.eyJzdWIiOiJwZXJmX3VzZXJfOTg5IiwidXNlcklkIjozMDk5MywiaWF0IjoxNzgwNDk1MDc4LCJleHAiOjE3ODA1MDIyNzh9.tLDEpKzW7Wa8Q0__hbRJMDYdpYoFfA6vOdTOd35ayV76786C1RP7Z0Wsx4tvhT9C
1780495138276921,31093,eyJhbGciOiJIUzM4NCJ9.eyJzdWIiOiJwZXJmX3VzZXJfMTA4OSIsInVzZXJJZCI6MzEwOTMsImlhdCI6MTc4MDQ5NTA3OCwiZXhwIjoxNzgwNTAyMjc4fQ.bcAGmzuX1H4tXOB9XfCOC8sXVtljzUuG0TrmFn5AMwPpHoz_Vxmmw_krglaHugV9
1780495140509003,31193,eyJhbGciOiJIUzM4NCJ9.eyJzdWIiOiJwZXJmX3VzZXJfMTE4OSIsInVzZXJJZCI6MzExOTMsImlhdCI6MTc4MDQ5NTA3OCwiZXhwIjoxNzgwNTAyMjc4fQ.zoIOerZLly4kQmTKLbuRyd33OWvcKRyUjJReDG-fuhifYnBQaqjN-Pb3I8vg4GQn
1780495142691200,31293,eyJhbGciOiJIUzM4NCJ9.eyJzdWIiOiJwZXJmX3VzZXJfMTI4OSIsInVzZXJJZCI6MzEyOTMsImlhdCI6MTc4MDQ5NTA3OCwiZXhwIjoxNzgwNTAyMjc4fQ.Jjoipa4aTtyUlyvRslMisokS7Ri5eTqcH5FSR-9fIF1dDWx-7kBHLquPrwQehv3d
1780495144893841,31393,eyJhbGciOiJIUzM4NCJ9.eyJzdWIiOiJwZXJmX3VzZXJfMTM4OSIsInVzZXJJZCI6MzEzOTMsImlhdCI6MTc4MDQ5NTA3OCwiZXhwIjoxNzgwNTAyMjc4fQ.Ap7aNF-6ukvpb4y23DQphnc06t8923rwSenZKmTIgcRxVjFeXltXmwnyFWEyGO3z
1780495147099053,31493,eyJhbGciOiJIUzM4NCJ9.eyJzdWIiOiJwZXJmX3VzZXJfMTQ4OSIsInVzZXJJZCI6MzE0OTMsImlhdCI6MTc4MDQ5NTA3OCwiZXhwIjoxNzgwNTAyMjc4fQ.JFvGmTXbnhHqWOFjTJBMyIQ4-1A6gNoXYhi7Y8QpyUlM8vp-Kq2GaMi94p0DqjtM
1780495149376540,31593,eyJhbGciOiJIUzM4NCJ9.eyJzdWIiOiJwZXJmX3VzZXJfMTU4OSIsInVzZXJJZCI6MzE1OTMsImlhdCI6MTc4MDQ5NTA3OCwiZXhwIjoxNzgwNTAyMjc4fQ.XeFquQQ_u5WUSCoUkqkLinyBO-OqTcNc0LynEkxjBTWDltCMFZjAPhwAYx2ICNlF
1780495115697720,30094,eyJhbGciOiJIUzM4NCJ9.eyJzdWIiOiJwZXJmX3VzZXJfOTAiLCJ1c2VySWQiOjMwMDk0LCJpYXQiOjE3ODA0OTUwNzYsImV4cCI6MTc4MDUwMjI3Nn0.MfGqt7yuTKeI1WfC47ptcv0ZbF4JwOj934VrJRaeml7zYIMykehF_0w-38vexs5l
1780495117892200,30194,eyJhbGciOiJIUzM4NCJ9.eyJzdWIiOiJwZXJmX3VzZXJfMTkwIiwidXNlcklkIjozMDE5NCwiaWF0IjoxNzgwNDk1MDc3LCJleHAiOjE3ODA1MDIyNzd9.9HUowaGb4aqeVk07bszt-oXtENm-XNgHMN62aCL91JXtFnKIW2kS69TbmCKyP61R
1780495120168279,30294,eyJhbGciOiJIUzM4NCJ9.eyJzdWIiOiJwZXJmX3VzZXJfMjkwIiwidXNlcklkIjozMDI5NCwiaWF0IjoxNzgwNDk1MDc3LCJleHAiOjE3ODA1MDIyNzd9.q2TXr3cSH9nF19UEhyP13wZXxn8swfobKVpE4vchn1LeDsAUmRyg-DuDqAsCkhO9
1780495122399886,30394,eyJhbGciOiJIUzM4NCJ9.eyJzdWIiOiJwZXJmX3VzZXJfMzkwIiwidXNlcklkIjozMDM5NCwiaWF0IjoxNzgwNDk1MDc3LCJleHAiOjE3ODA1MDIyNzd9.gh3FQOaiguuC6CQhbGUCIkf3yEJuf0QIJVL_9YuWH_AQK1wz6I92xTiTp-MvW87N
1780495124624826,30494,eyJhbGciOiJIUzM4NCJ9.eyJzdWIiOiJwZXJmX3VzZXJfNDkwIiwidXNlcklkIjozMDQ5NCwiaWF0IjoxNzgwNDk1MDc3LCJleHAiOjE3ODA1MDIyNzd9.u6OQwlM1_VF_Jk1lYpzoUE7CkXDwFbfTDQ7UsZiqHR94lMkYxpnqPHgHtD7j4UHC
1780495126897911,30594,eyJhbGciOiJIUzM4NCJ9.eyJzdWIiOiJwZXJmX3VzZXJfNTkwIiwidXNlcklkIjozMDU5NCwiaWF0IjoxNzgwNDk1MDc3LCJleHAiOjE3ODA1MDIyNzd9.5QaG9AYwru5Tz_1tEZmNZMnRChW1P0YwkJyp8u4CG5EinKvauGR8Za4eA9GJxUiw
1780495129156031,30694,eyJhbGciOiJIUzM4NCJ9.eyJzdWIiOiJwZXJmX3VzZXJfNjkwIiwidXNlcklkIjozMDY5NCwiaWF0IjoxNzgwNDk1MDc3LCJleHAiOjE3ODA1MDIyNzd9.wEQewTHlUzdz7sIZe-1sEoIhQ7l2BIv9ZPbApo88R7v71Y0b6KgtJ0TIuKC6D9VW
1780495131432629,30794,eyJhbGciOiJIUzM4NCJ9.eyJzdWIiOiJwZXJmX3VzZXJfNzkwIiwidXNlcklkIjozMDc5NCwiaWF0IjoxNzgwNDk1MDc3LCJleHAiOjE3ODA1MDIyNzd9.pl1McTXKqzerQbIC1ZuRKVY25JquP4x5jds6dY1adgfNKANVXt_mHVImB__VWOnq
1780495133685802,30894,eyJhbGciOiJIUzM4NCJ9.eyJzdWIiOiJwZXJmX3VzZXJfODkwIiwidXNlcklkIjozMDg5NCwiaWF0IjoxNzgwNDk1MDc4LCJleHAiOjE3ODA1MDIyNzh9.9m7BjvaMIoeRNeOWh-nbpGzzo4RPEHrUG6z8RGKHghRJ6Q1L2JYINJ4H9SHVPkAb
1780495135919783,30994,eyJhbGciOiJIUzM4NCJ9.eyJzdWIiOiJwZXJmX3VzZXJfOTkwIiwidXNlcklkIjozMDk5NCwiaWF0IjoxNzgwNDk1MDc4LCJleHAiOjE3ODA1MDIyNzh9.k62VJDqAJyRfXdMF_Ygqi1FK_K1ZzV-i09LpaJUVegjzfiJW-738MvXa7-MYb_hG
1780495138276921,31094,eyJhbGciOiJIUzM4NCJ9.eyJzdWIiOiJwZXJmX3VzZXJfMTA5MCIsInVzZXJJZCI6MzEwOTQsImlhdCI6MTc4MDQ5NTA3OCwiZXhwIjoxNzgwNTAyMjc4fQ.c06f7PQrdAaBxlJ-7xW_7p0mUY6H1GPOnXHCauq6rRZDdh9HTVw6SjT0ch_Uc078
1780495140509003,31194,eyJhbGciOiJIUzM4NCJ9.eyJzdWIiOiJwZXJmX3VzZXJfMTE5MCIsInVzZXJJZCI6MzExOTQsImlhdCI6MTc4MDQ5NTA3OCwiZXhwIjoxNzgwNTAyMjc4fQ.DFNOiD0_fpNhExZNrLmR0eEOoOrHQFJkkzRxEqS2-odo6bUI0XUocPGG6bmh-zmd
1780495142691200,31294,eyJhbGciOiJIUzM4NCJ9.eyJzdWIiOiJwZXJmX3VzZXJfMTI5MCIsInVzZXJJZCI6MzEyOTQsImlhdCI6MTc4MDQ5NTA3OCwiZXhwIjoxNzgwNTAyMjc4fQ.6u7LgjqkVNKKfjhmKwX_wVuuVxcTl4NWpZKUZ1lS8c4dGB1fbIlQCoCqYfft1ygQ
1780495144893841,31394,eyJhbGciOiJIUzM4NCJ9.eyJzdWIiOiJwZXJmX3VzZXJfMTM5MCIsInVzZXJJZCI6MzEzOTQsImlhdCI6MTc4MDQ5NTA3OCwiZXhwIjoxNzgwNTAyMjc4fQ.muceQ5q4gsAKhrR3BBXwlRxyqsEbGyFhkG-Yf9E3ykIaWQbrnN0mS0bSVZki7Xdc
1780495147099053,31494,eyJhbGciOiJIUzM4NCJ9.eyJzdWIiOiJwZXJmX3VzZXJfMTQ5MCIsInVzZXJJZCI6MzE0OTQsImlhdCI6MTc4MDQ5NTA3OCwiZXhwIjoxNzgwNTAyMjc4fQ.OlkSUlp8caSBwVievqSUnF8YB-edW_qg4VHE6Bvrca8dVgjquccYrHV6MS4g912S
1780495149376540,31594,eyJhbGciOiJIUzM4NCJ9.eyJzdWIiOiJwZXJmX3VzZXJfMTU5MCIsInVzZXJJZCI6MzE1OTQsImlhdCI6MTc4MDQ5NTA3OCwiZXhwIjoxNzgwNTAyMjc4fQ.6JC45-9TWqghm4ZEvhp_kMJLZVXddRr8wTbPoQfllTCujzGcIr8AXw_mM58KFlFV
1780495115697720,30095,eyJhbGciOiJIUzM4NCJ9.eyJzdWIiOiJwZXJmX3VzZXJfOTEiLCJ1c2VySWQiOjMwMDk1LCJpYXQiOjE3ODA0OTUwNzYsImV4cCI6MTc4MDUwMjI3Nn0.83l297fxMmZehPVn1oGeGGM4RtN75ZZElh8m8mlMr3BU1XTp-H2jO3ZpfzsRvLfO
1780495117892200,30195,eyJhbGciOiJIUzM4NCJ9.eyJzdWIiOiJwZXJmX3VzZXJfMTkxIiwidXNlcklkIjozMDE5NSwiaWF0IjoxNzgwNDk1MDc3LCJleHAiOjE3ODA1MDIyNzd9.5ryNgxXbdQnnRGKOlBieGW7GWsDcNnVNjWJuLJ8WR4ndsZPzI0hZGytaFGxBtToH
1780495120168279,30295,eyJhbGciOiJIUzM4NCJ9.eyJzdWIiOiJwZXJmX3VzZXJfMjkxIiwidXNlcklkIjozMDI5NSwiaWF0IjoxNzgwNDk1MDc3LCJleHAiOjE3ODA1MDIyNzd9.otyp5-el1Bk3ka_KXQKaRJrt2SaWW_-NFiqovdTWuthgYhtRloDz6kYrmycfIwP-
1780495122399886,30395,eyJhbGciOiJIUzM4NCJ9.eyJzdWIiOiJwZXJmX3VzZXJfMzkxIiwidXNlcklkIjozMDM5NSwiaWF0IjoxNzgwNDk1MDc3LCJleHAiOjE3ODA1MDIyNzd9.qND3krRLDW72cixeLeExJQpmJy4nuSMhfD7j9V6eLSIqlvEIMPspoYYbzQqj70YZ
1780495124624826,30495,eyJhbGciOiJIUzM4NCJ9.eyJzdWIiOiJwZXJmX3VzZXJfNDkxIiwidXNlcklkIjozMDQ5NSwiaWF0IjoxNzgwNDk1MDc3LCJleHAiOjE3ODA1MDIyNzd9.2E0YKk5uT7FT6YwzkdvIFnhzneK4nxDjPcxXOmxinl6ponWbd66ImGfnL3eTDU0v
1780495126897911,30595,eyJhbGciOiJIUzM4NCJ9.eyJzdWIiOiJwZXJmX3VzZXJfNTkxIiwidXNlcklkIjozMDU5NSwiaWF0IjoxNzgwNDk1MDc3LCJleHAiOjE3ODA1MDIyNzd9.AEnNOaaMpnmTtCrh41qcNU6Gq5Lyo7-I0rZ5pJEt-uXTqNqq14hz3I-zJpD0RC0V
1780495129156031,30695,eyJhbGciOiJIUzM4NCJ9.eyJzdWIiOiJwZXJmX3VzZXJfNjkxIiwidXNlcklkIjozMDY5NSwiaWF0IjoxNzgwNDk1MDc3LCJleHAiOjE3ODA1MDIyNzd9.hjUJ9yRGtoDeg5JpQM3z9AhsY2o0he7uUvOHgBDRGzANISx6qS0uJ88pp0EkP5Yy
1780495131432629,30795,eyJhbGciOiJIUzM4NCJ9.eyJzdWIiOiJwZXJmX3VzZXJfNzkxIiwidXNlcklkIjozMDc5NSwiaWF0IjoxNzgwNDk1MDc3LCJleHAiOjE3ODA1MDIyNzd9.vfgkabkZDU0Ffur0yHV1oUyugaqfV_ofOnOn_thTC1MY5hzNyQnx0OxCnUtSHTri
1780495133685802,30895,eyJhbGciOiJIUzM4NCJ9.eyJzdWIiOiJwZXJmX3VzZXJfODkxIiwidXNlcklkIjozMDg5NSwiaWF0IjoxNzgwNDk1MDc4LCJleHAiOjE3ODA1MDIyNzh9.syGPFUkzjk6BEPLxcHLnetj_UKzlOtPOIRfbC_Uv2RK2LgiZWEGwQ4L1iRxk70bt
1780495135919783,30995,eyJhbGciOiJIUzM4NCJ9.eyJzdWIiOiJwZXJmX3VzZXJfOTkxIiwidXNlcklkIjozMDk5NSwiaWF0IjoxNzgwNDk1MDc4LCJleHAiOjE3ODA1MDIyNzh9.WEDPslr6_JHI7PVayd675zawXX-rdgq2PNUnJFGe1oWVwmnQPxMx0EDMWsU8h5TQ
1780495138276921,31095,eyJhbGciOiJIUzM4NCJ9.eyJzdWIiOiJwZXJmX3VzZXJfMTA5MSIsInVzZXJJZCI6MzEwOTUsImlhdCI6MTc4MDQ5NTA3OCwiZXhwIjoxNzgwNTAyMjc4fQ.PHh46pPkpJFfiwQZ85XzMWi3d5T5oENM2HognSQ9I6iZNvhw2F77iOrP5KetKGHL
1780495140509003,31195,eyJhbGciOiJIUzM4NCJ9.eyJzdWIiOiJwZXJmX3VzZXJfMTE5MSIsInVzZXJJZCI6MzExOTUsImlhdCI6MTc4MDQ5NTA3OCwiZXhwIjoxNzgwNTAyMjc4fQ.5imPKw7u1xfekQ1F0IQPeQTMXeMmMgOAteNc_92Ar8p3_ZGTRT6_mj2sV79ZZ3V2
1780495142691200,31295,eyJhbGciOiJIUzM4NCJ9.eyJzdWIiOiJwZXJmX3VzZXJfMTI5MSIsInVzZXJJZCI6MzEyOTUsImlhdCI6MTc4MDQ5NTA3OCwiZXhwIjoxNzgwNTAyMjc4fQ.5QHtr4h4QzZLn25XU3Wh9bGVG3tkyF9KHvs0BYea8pZpd9yBnWOP1Id2ncGatGWz
1780495144893841,31395,eyJhbGciOiJIUzM4NCJ9.eyJzdWIiOiJwZXJmX3VzZXJfMTM5MSIsInVzZXJJZCI6MzEzOTUsImlhdCI6MTc4MDQ5NTA3OCwiZXhwIjoxNzgwNTAyMjc4fQ.QjecNw26jWKyXDhBXj7ZpebaGbfJWP4MJ92n4QP8LgJONB2hSotCuypEsbS2OVfB
1780495147099053,31495,eyJhbGciOiJIUzM4NCJ9.eyJzdWIiOiJwZXJmX3VzZXJfMTQ5MSIsInVzZXJJZCI6MzE0OTUsImlhdCI6MTc4MDQ5NTA3OCwiZXhwIjoxNzgwNTAyMjc4fQ.pw4XcpGRo7FfnfI4cL4SfJCaQjrd5G10ba8-bA2hbFkO0NK1HDHpACwvIdPL8jUt
1780495149376540,31595,eyJhbGciOiJIUzM4NCJ9.eyJzdWIiOiJwZXJmX3VzZXJfMTU5MSIsInVzZXJJZCI6MzE1OTUsImlhdCI6MTc4MDQ5NTA3OCwiZXhwIjoxNzgwNTAyMjc4fQ.dFaYB7sPzL1-mAZE9wdWYflFEI-dx-0MNfv7SNAAH-Kjv5LaLXrFYELXfNr4dXKD
1780495115697720,30096,eyJhbGciOiJIUzM4NCJ9.eyJzdWIiOiJwZXJmX3VzZXJfOTIiLCJ1c2VySWQiOjMwMDk2LCJpYXQiOjE3ODA0OTUwNzYsImV4cCI6MTc4MDUwMjI3Nn0.R3kMvTd2W9DDnGC5YCe2IFWdyozSfZXYlz-YTXR2MZj13g5NkNtSun1oZR_XhKWT
1780495117892200,30196,eyJhbGciOiJIUzM4NCJ9.eyJzdWIiOiJwZXJmX3VzZXJfMTkyIiwidXNlcklkIjozMDE5NiwiaWF0IjoxNzgwNDk1MDc3LCJleHAiOjE3ODA1MDIyNzd9.F_ZqX-mb3PlFWtgNe-DxEbVFRJyh4AzLzdmVOlMXOtPIUDLRadgXdM8DUvVUGBBF
1780495120168279,30296,eyJhbGciOiJIUzM4NCJ9.eyJzdWIiOiJwZXJmX3VzZXJfMjkyIiwidXNlcklkIjozMDI5NiwiaWF0IjoxNzgwNDk1MDc3LCJleHAiOjE3ODA1MDIyNzd9.R6jKgEsPTQ7J9Ir4cdz-8rqZTTK79NsJi4onZ2it4LCf36BXhOI0ctT4Ndx6gera
1780495122399886,30396,eyJhbGciOiJIUzM4NCJ9.eyJzdWIiOiJwZXJmX3VzZXJfMzkyIiwidXNlcklkIjozMDM5NiwiaWF0IjoxNzgwNDk1MDc3LCJleHAiOjE3ODA1MDIyNzd9.UFpvCaymcaLfxWdDrPZ7llY17j8tF_CGcUyA1kP5xoFMgwrOMp0jEv4tFXiNmjsk
1780495124624826,30496,eyJhbGciOiJIUzM4NCJ9.eyJzdWIiOiJwZXJmX3VzZXJfNDkyIiwidXNlcklkIjozMDQ5NiwiaWF0IjoxNzgwNDk1MDc3LCJleHAiOjE3ODA1MDIyNzd9.nND1rSk0x8vCDklBiZml9kTAGy6lPQA8xRYB1X3Iy03Q_WZ9itH82YUdgImS20a6
1780495126897911,30596,eyJhbGciOiJIUzM4NCJ9.eyJzdWIiOiJwZXJmX3VzZXJfNTkyIiwidXNlcklkIjozMDU5NiwiaWF0IjoxNzgwNDk1MDc3LCJleHAiOjE3ODA1MDIyNzd9.n-A20hf7TSd5W43S9quI1XiypKR3j21zLJurQbNEhywyXyAiFBacmlyY901kTimv
1780495129156031,30696,eyJhbGciOiJIUzM4NCJ9.eyJzdWIiOiJwZXJmX3VzZXJfNjkyIiwidXNlcklkIjozMDY5NiwiaWF0IjoxNzgwNDk1MDc3LCJleHAiOjE3ODA1MDIyNzd9.eVnqSa1QhAC9Rp5WliAZuAbV1ZRVYT7q5P9DHc2IiQu_qujEWHBHBtQvTHD0RVH1
1780495131432629,30796,eyJhbGciOiJIUzM4NCJ9.eyJzdWIiOiJwZXJmX3VzZXJfNzkyIiwidXNlcklkIjozMDc5NiwiaWF0IjoxNzgwNDk1MDc3LCJleHAiOjE3ODA1MDIyNzd9.D-ThfI6mID3E0PFDQRUaBqiRhysD4npYa-qjbY_fmnC5wocWgnhUCc6ORBGlHxw6
1780495133685802,30896,eyJhbGciOiJIUzM4NCJ9.eyJzdWIiOiJwZXJmX3VzZXJfODkyIiwidXNlcklkIjozMDg5NiwiaWF0IjoxNzgwNDk1MDc4LCJleHAiOjE3ODA1MDIyNzh9.aUt0mmBcSAyhoxZvqHa8Iqg_Z7jm59MiuOP6jK-J9Wm7qgSlI8HLQn1SUy3s6wtA
1780495135919783,30996,eyJhbGciOiJIUzM4NCJ9.eyJzdWIiOiJwZXJmX3VzZXJfOTkyIiwidXNlcklkIjozMDk5NiwiaWF0IjoxNzgwNDk1MDc4LCJleHAiOjE3ODA1MDIyNzh9.BB_v7xP-bf5ex62uFo-gevdq1JIYCQu1Po_FR6aXuOpHZUh9lItMyh7fzrTLUbkt
1780495138276921,31096,eyJhbGciOiJIUzM4NCJ9.eyJzdWIiOiJwZXJmX3VzZXJfMTA5MiIsInVzZXJJZCI6MzEwOTYsImlhdCI6MTc4MDQ5NTA3OCwiZXhwIjoxNzgwNTAyMjc4fQ._RL1GzpZJNGltp9NPrdGkiri-VhToacAggdiU3PkjeU8B3JV6htrQDtaKPcUKlcq
1780495140509003,31196,eyJhbGciOiJIUzM4NCJ9.eyJzdWIiOiJwZXJmX3VzZXJfMTE5MiIsInVzZXJJZCI6MzExOTYsImlhdCI6MTc4MDQ5NTA3OCwiZXhwIjoxNzgwNTAyMjc4fQ.gPbiAaxaZht8SNi96hIYf0dXdIk7epjbtbLTjpw7QUrOIpSNbaOBFqRVS3zzDWdr
1780495142691200,31296,eyJhbGciOiJIUzM4NCJ9.eyJzdWIiOiJwZXJmX3VzZXJfMTI5MiIsInVzZXJJZCI6MzEyOTYsImlhdCI6MTc4MDQ5NTA3OCwiZXhwIjoxNzgwNTAyMjc4fQ.xLempVZOQk8_gROZhcEGbVp4Mn-mDsOdaHAGxnWhcQhk_fCi2SY3vd-4QsOIjywi
1780495144893841,31396,eyJhbGciOiJIUzM4NCJ9.eyJzdWIiOiJwZXJmX3VzZXJfMTM5MiIsInVzZXJJZCI6MzEzOTYsImlhdCI6MTc4MDQ5NTA3OCwiZXhwIjoxNzgwNTAyMjc4fQ.Xj3rVKNCkafVqqRKzsU9n0xzeQCxiIdORZM-ZyG9Ee8UPRCyk49zAO2mCxGVKMMK
1780495147099053,31496,eyJhbGciOiJIUzM4NCJ9.eyJzdWIiOiJwZXJmX3VzZXJfMTQ5MiIsInVzZXJJZCI6MzE0OTYsImlhdCI6MTc4MDQ5NTA3OCwiZXhwIjoxNzgwNTAyMjc4fQ.SNtwFfQIG08qq3vptnuY-lwvJQygDMCpNdPdYf1i1ejMMB1PTca9ThXIc_OfYw-z
1780495149376540,31596,eyJhbGciOiJIUzM4NCJ9.eyJzdWIiOiJwZXJmX3VzZXJfMTU5MiIsInVzZXJJZCI6MzE1OTYsImlhdCI6MTc4MDQ5NTA3OCwiZXhwIjoxNzgwNTAyMjc4fQ.YJbRhxIivoyDTPL2cBz1y2SEBrUPcM6WLXkJS2JF27wZvB_YR4ghORQiNWMQlHLz
1780495115697720,30097,eyJhbGciOiJIUzM4NCJ9.eyJzdWIiOiJwZXJmX3VzZXJfOTMiLCJ1c2VySWQiOjMwMDk3LCJpYXQiOjE3ODA0OTUwNzYsImV4cCI6MTc4MDUwMjI3Nn0.M25H1wYlEH9SkN9peYavbTaCpHwqxE6Kzn6N1Als8bNXnq8FbCHCeY6puBNQthVd
1780495117892200,30197,eyJhbGciOiJIUzM4NCJ9.eyJzdWIiOiJwZXJmX3VzZXJfMTkzIiwidXNlcklkIjozMDE5NywiaWF0IjoxNzgwNDk1MDc3LCJleHAiOjE3ODA1MDIyNzd9.BNWt1Xn2jBOaQtPnNAiGLefEQhaG8acfdckCuM8EtPtuq8b7vqp1nB0yoUrUbukl
1780495120168279,30297,eyJhbGciOiJIUzM4NCJ9.eyJzdWIiOiJwZXJmX3VzZXJfMjkzIiwidXNlcklkIjozMDI5NywiaWF0IjoxNzgwNDk1MDc3LCJleHAiOjE3ODA1MDIyNzd9.RXs_qqxWx73Xiz3IMd89v0lKFjns9xr43KgZEy8iiFNm0e4oTk0QqfQioYfKFr60
1780495122399886,30397,eyJhbGciOiJIUzM4NCJ9.eyJzdWIiOiJwZXJmX3VzZXJfMzkzIiwidXNlcklkIjozMDM5NywiaWF0IjoxNzgwNDk1MDc3LCJleHAiOjE3ODA1MDIyNzd9.2TAwi2g9XcS3sSgEpUv4e6LU1gt5IAybaS4KWeIHYa9lX56z_n230Yt5fQqk4ATu
1780495124624826,30497,eyJhbGciOiJIUzM4NCJ9.eyJzdWIiOiJwZXJmX3VzZXJfNDkzIiwidXNlcklkIjozMDQ5NywiaWF0IjoxNzgwNDk1MDc3LCJleHAiOjE3ODA1MDIyNzd9.DnIr3zjxQ064AYlwMttBEMQG85-2Q2_qQuFBb3DKxrRnHxJ5GwfJHAAwy8JRp2pv
1780495126897911,30597,eyJhbGciOiJIUzM4NCJ9.eyJzdWIiOiJwZXJmX3VzZXJfNTkzIiwidXNlcklkIjozMDU5NywiaWF0IjoxNzgwNDk1MDc3LCJleHAiOjE3ODA1MDIyNzd9.h637CgG6KfiPbTJVd-rNFTfCFGVs4vptymWK7f6DhqnHZUiNdg8PEwy7B2GJ6qo-
1780495129156031,30697,eyJhbGciOiJIUzM4NCJ9.eyJzdWIiOiJwZXJmX3VzZXJfNjkzIiwidXNlcklkIjozMDY5NywiaWF0IjoxNzgwNDk1MDc3LCJleHAiOjE3ODA1MDIyNzd9.V5no3PskqjoTLfrPh8hXZhTHJxdITPedY4PVa1gs2nKQRSCAblqS66RK3e9XSuJ2
1780495131432629,30797,eyJhbGciOiJIUzM4NCJ9.eyJzdWIiOiJwZXJmX3VzZXJfNzkzIiwidXNlcklkIjozMDc5NywiaWF0IjoxNzgwNDk1MDc3LCJleHAiOjE3ODA1MDIyNzd9.eDQvawU2OoKN_iay8yQQBS10oijjElKmPA1UwEHl0KC3FZUdwTpRXRSV1WIEL3Cf
1780495133685802,30897,eyJhbGciOiJIUzM4NCJ9.eyJzdWIiOiJwZXJmX3VzZXJfODkzIiwidXNlcklkIjozMDg5NywiaWF0IjoxNzgwNDk1MDc4LCJleHAiOjE3ODA1MDIyNzh9.HfUKij56jLygGqIZZwAKLRBGI7HxabS-enIkOk0vfpyl7h4CzkMNGgvo4IvhLo90
1780495135919783,30997,eyJhbGciOiJIUzM4NCJ9.eyJzdWIiOiJwZXJmX3VzZXJfOTkzIiwidXNlcklkIjozMDk5NywiaWF0IjoxNzgwNDk1MDc4LCJleHAiOjE3ODA1MDIyNzh9.ScstwBldN-8h6T9hCjKo07cKVOwolTPvt5kT3tqFNI_ZvDzZEfVBEcPlw50W-qSk
1780495138276921,31097,eyJhbGciOiJIUzM4NCJ9.eyJzdWIiOiJwZXJmX3VzZXJfMTA5MyIsInVzZXJJZCI6MzEwOTcsImlhdCI6MTc4MDQ5NTA3OCwiZXhwIjoxNzgwNTAyMjc4fQ.R9aqZnl3PCMNagGSG_ZgdJ1tIHVZwliYLIvbMAnye-u_e94cnOnr6O5CBkPnwckf
1780495140509003,31197,eyJhbGciOiJIUzM4NCJ9.eyJzdWIiOiJwZXJmX3VzZXJfMTE5MyIsInVzZXJJZCI6MzExOTcsImlhdCI6MTc4MDQ5NTA3OCwiZXhwIjoxNzgwNTAyMjc4fQ.Es8zb-SL0GZlI3xNGfjTWXbHB8FNzhabA-gx-Sach6KWRlqCb1ec9Dqoq8rL6uvz
1780495142691200,31297,eyJhbGciOiJIUzM4NCJ9.eyJzdWIiOiJwZXJmX3VzZXJfMTI5MyIsInVzZXJJZCI6MzEyOTcsImlhdCI6MTc4MDQ5NTA3OCwiZXhwIjoxNzgwNTAyMjc4fQ.UjD6awdXDhRz18Jk9HIzoDby5Mgy4ByNYrtgR-tOOyN-GqZ6fXdNvL4GPbb_g4PM
1780495144893841,31397,eyJhbGciOiJIUzM4NCJ9.eyJzdWIiOiJwZXJmX3VzZXJfMTM5MyIsInVzZXJJZCI6MzEzOTcsImlhdCI6MTc4MDQ5NTA3OCwiZXhwIjoxNzgwNTAyMjc4fQ.5wIQoAntf6dKTneW3eGWz6t8JeDNj26DfFZ9C69Vr4g7lB4ooxEFL8PQuM6WRAK7
1780495147099053,31497,eyJhbGciOiJIUzM4NCJ9.eyJzdWIiOiJwZXJmX3VzZXJfMTQ5MyIsInVzZXJJZCI6MzE0OTcsImlhdCI6MTc4MDQ5NTA3OCwiZXhwIjoxNzgwNTAyMjc4fQ.O_R04hDFW6rLcr7-VLI1POc9Ec9n-QgtEaH6q6_cwtE8bHG9Sdx9L5qCuCtrjT3r
1780495149376540,31597,eyJhbGciOiJIUzM4NCJ9.eyJzdWIiOiJwZXJmX3VzZXJfMTU5MyIsInVzZXJJZCI6MzE1OTcsImlhdCI6MTc4MDQ5NTA3OCwiZXhwIjoxNzgwNTAyMjc4fQ.nTfdkt8gm0DdG109zMvqYai0Ol16p4aoCFacKogyxkFCCwXpNuMR_Rg6Q1VANOOf
1780495115697720,30098,eyJhbGciOiJIUzM4NCJ9.eyJzdWIiOiJwZXJmX3VzZXJfOTQiLCJ1c2VySWQiOjMwMDk4LCJpYXQiOjE3ODA0OTUwNzYsImV4cCI6MTc4MDUwMjI3Nn0.la47NnTQI9uhlNZjTDK2-miRqPeH36lLcuODlzcYh3do3THFRVNeap8fwSoW4Xs-
1780495117892200,30198,eyJhbGciOiJIUzM4NCJ9.eyJzdWIiOiJwZXJmX3VzZXJfMTk0IiwidXNlcklkIjozMDE5OCwiaWF0IjoxNzgwNDk1MDc3LCJleHAiOjE3ODA1MDIyNzd9.7v2am27XrAKyp6MfoYY7FZ5yiSh2RVMv2Nz-YlqTa3kyaKMMFDdqYxBl1u-G-tjI
1780495120168279,30298,eyJhbGciOiJIUzM4NCJ9.eyJzdWIiOiJwZXJmX3VzZXJfMjk0IiwidXNlcklkIjozMDI5OCwiaWF0IjoxNzgwNDk1MDc3LCJleHAiOjE3ODA1MDIyNzd9.Azcl1AC5KhSGZG9FU0X2SaYnWcari1arwulXka_hdDNjVLOPU1GiJivxyJDGLguY
1780495122399886,30398,eyJhbGciOiJIUzM4NCJ9.eyJzdWIiOiJwZXJmX3VzZXJfMzk0IiwidXNlcklkIjozMDM5OCwiaWF0IjoxNzgwNDk1MDc3LCJleHAiOjE3ODA1MDIyNzd9.jH3bc1EADUT1fffTlUA1rsmTc1j3bd7L12pC9UGnIDlkrH_I5tQvU0NRvDq9yT9U
1780495124624826,30498,eyJhbGciOiJIUzM4NCJ9.eyJzdWIiOiJwZXJmX3VzZXJfNDk0IiwidXNlcklkIjozMDQ5OCwiaWF0IjoxNzgwNDk1MDc3LCJleHAiOjE3ODA1MDIyNzd9.S8Jbi-n_qC20Q1D0fQCeyGpSc8oSah5DPrDKNDhJ-KgL0QC0bRNJHlkQfOffdaBv
1780495126897911,30598,eyJhbGciOiJIUzM4NCJ9.eyJzdWIiOiJwZXJmX3VzZXJfNTk0IiwidXNlcklkIjozMDU5OCwiaWF0IjoxNzgwNDk1MDc3LCJleHAiOjE3ODA1MDIyNzd9.7Q7Odno0rjyzQA1FVLtpou9hibjDwXgZsn0Iu-9zS1p6f3zVj5RdmrQSJ1TPZtkt
1780495129156031,30698,eyJhbGciOiJIUzM4NCJ9.eyJzdWIiOiJwZXJmX3VzZXJfNjk0IiwidXNlcklkIjozMDY5OCwiaWF0IjoxNzgwNDk1MDc3LCJleHAiOjE3ODA1MDIyNzd9.bkxTge1qD8GYNZalug74gz5IMfHq8fbIKQgUo5KAJwAoq_rsnQUN5oWk7-oBYQga
1780495131432629,30798,eyJhbGciOiJIUzM4NCJ9.eyJzdWIiOiJwZXJmX3VzZXJfNzk0IiwidXNlcklkIjozMDc5OCwiaWF0IjoxNzgwNDk1MDc3LCJleHAiOjE3ODA1MDIyNzd9.7Kc3mdI4zippdAi7OXnOxf7nIGZZaBQzPdbLRc3kmthVs-BsQ_8hgZhavmrCUR8e
1780495133685802,30898,eyJhbGciOiJIUzM4NCJ9.eyJzdWIiOiJwZXJmX3VzZXJfODk0IiwidXNlcklkIjozMDg5OCwiaWF0IjoxNzgwNDk1MDc4LCJleHAiOjE3ODA1MDIyNzh9.hIIH3iohYfBgZhH92lg0kkDpvLZvRcgWt0VoqX9Q5tBP9uAQBx3TGmQ-hQRDraiu
1780495135919783,30998,eyJhbGciOiJIUzM4NCJ9.eyJzdWIiOiJwZXJmX3VzZXJfOTk0IiwidXNlcklkIjozMDk5OCwiaWF0IjoxNzgwNDk1MDc4LCJleHAiOjE3ODA1MDIyNzh9.OUcIjEKpAlNGEdFFFKg3n7H-iqfe15NSP5IhGzjamLsqa3jBJSb4QY0Pof4GnnHU
1780495138276921,31098,eyJhbGciOiJIUzM4NCJ9.eyJzdWIiOiJwZXJmX3VzZXJfMTA5NCIsInVzZXJJZCI6MzEwOTgsImlhdCI6MTc4MDQ5NTA3OCwiZXhwIjoxNzgwNTAyMjc4fQ.2TxV-cUE68NhWXjVDbQfPHe3u_T7CvG4KmcTxj0AgwUSP96NE7133Pm9TkOzKZY4
1780495140509003,31198,eyJhbGciOiJIUzM4NCJ9.eyJzdWIiOiJwZXJmX3VzZXJfMTE5NCIsInVzZXJJZCI6MzExOTgsImlhdCI6MTc4MDQ5NTA3OCwiZXhwIjoxNzgwNTAyMjc4fQ.mE6PlO01sLj4RGzNqyyINcQ8RN3Ne1muK81ZYO65YHDX4kIT1OOykHjLklNBrCgU
1780495142691200,31298,eyJhbGciOiJIUzM4NCJ9.eyJzdWIiOiJwZXJmX3VzZXJfMTI5NCIsInVzZXJJZCI6MzEyOTgsImlhdCI6MTc4MDQ5NTA3OCwiZXhwIjoxNzgwNTAyMjc4fQ.CP2GnVBGNExd2KI3tYZ2mdscFtMlh7eOSBc5m3Byk23l9w_UpE96wDSPWIKfjsoi
1780495144893841,31398,eyJhbGciOiJIUzM4NCJ9.eyJzdWIiOiJwZXJmX3VzZXJfMTM5NCIsInVzZXJJZCI6MzEzOTgsImlhdCI6MTc4MDQ5NTA3OCwiZXhwIjoxNzgwNTAyMjc4fQ.2MeEY0xSe8GW3La6DrVx31Qs6OjMkOz5T76Zy5U2KNPhmzav1aw_ov0Clwr4mEwQ
1780495147099053,31498,eyJhbGciOiJIUzM4NCJ9.eyJzdWIiOiJwZXJmX3VzZXJfMTQ5NCIsInVzZXJJZCI6MzE0OTgsImlhdCI6MTc4MDQ5NTA3OCwiZXhwIjoxNzgwNTAyMjc4fQ.ccM-P_0N27riEZZ3E3s40eWEouBtPvHcmXH1vOy2kGAuqdXhbNnvBlknow34s-9f
1780495149376540,31598,eyJhbGciOiJIUzM4NCJ9.eyJzdWIiOiJwZXJmX3VzZXJfMTU5NCIsInVzZXJJZCI6MzE1OTgsImlhdCI6MTc4MDQ5NTA3OCwiZXhwIjoxNzgwNTAyMjc4fQ.AsrvORzO0654mbdxQSh46Zwkvj0Lh218hz5Mx6D2CUwojp5WiU_EuM6bgyWbU6tx
1780495115697720,30099,eyJhbGciOiJIUzM4NCJ9.eyJzdWIiOiJwZXJmX3VzZXJfOTUiLCJ1c2VySWQiOjMwMDk5LCJpYXQiOjE3ODA0OTUwNzYsImV4cCI6MTc4MDUwMjI3Nn0.dNAzTX8xUFw6W-suLGU34T7w45sfmUR6zoTu9w0N3Yc4OzOKXVJe8fj7W1ckBtiI
1780495117892200,30199,eyJhbGciOiJIUzM4NCJ9.eyJzdWIiOiJwZXJmX3VzZXJfMTk1IiwidXNlcklkIjozMDE5OSwiaWF0IjoxNzgwNDk1MDc3LCJleHAiOjE3ODA1MDIyNzd9.lifzS-h0LHssEZKDtJyUS6xYEr9tM9EJAk3nDXHns1bNANSgXXieavjGPFBKT6IH
1780495120168279,30299,eyJhbGciOiJIUzM4NCJ9.eyJzdWIiOiJwZXJmX3VzZXJfMjk1IiwidXNlcklkIjozMDI5OSwiaWF0IjoxNzgwNDk1MDc3LCJleHAiOjE3ODA1MDIyNzd9.RVvZbn_mW5MarC1hBGZUkLNzBkCDvKT8Em8iyb3J0p0j4orAaWlfizuTqmtXv3Sk
1780495122399886,30399,eyJhbGciOiJIUzM4NCJ9.eyJzdWIiOiJwZXJmX3VzZXJfMzk1IiwidXNlcklkIjozMDM5OSwiaWF0IjoxNzgwNDk1MDc3LCJleHAiOjE3ODA1MDIyNzd9.06No2QAll3nqtriCKojtIYveLs8ouPYtOveoi-xWLB3ztjun6Msk7EXwhqYR_TCS
1780495124624826,30499,eyJhbGciOiJIUzM4NCJ9.eyJzdWIiOiJwZXJmX3VzZXJfNDk1IiwidXNlcklkIjozMDQ5OSwiaWF0IjoxNzgwNDk1MDc3LCJleHAiOjE3ODA1MDIyNzd9.gi7eG9DIY7LBtjZUiSJM2DZfhrQUtsKldZqykOzW51aMT-sKrjkm1KxT1doWck8i
1780495126897911,30599,eyJhbGciOiJIUzM4NCJ9.eyJzdWIiOiJwZXJmX3VzZXJfNTk1IiwidXNlcklkIjozMDU5OSwiaWF0IjoxNzgwNDk1MDc3LCJleHAiOjE3ODA1MDIyNzd9.9HqQ6Q4-v9sQt6fL0j4C5PLJsDBd9LxDhvR5oAK7DGlgn0r5R72g-7-3rps3we9a
1780495129156031,30699,eyJhbGciOiJIUzM4NCJ9.eyJzdWIiOiJwZXJmX3VzZXJfNjk1IiwidXNlcklkIjozMDY5OSwiaWF0IjoxNzgwNDk1MDc3LCJleHAiOjE3ODA1MDIyNzd9.zEhJolIROtPs4I8ySAnTPugxRZcIxibxec73dn5ukOeAjlRoGiXkjbrdXojKzXif
1780495131432629,30799,eyJhbGciOiJIUzM4NCJ9.eyJzdWIiOiJwZXJmX3VzZXJfNzk1IiwidXNlcklkIjozMDc5OSwiaWF0IjoxNzgwNDk1MDc3LCJleHAiOjE3ODA1MDIyNzd9.eKIZvf-kCwYYw1SijfhwyqumWE5GehLv-txJvjzItHXdf8nyu87DEaY3zkYL_MpX
1780495133685802,30899,eyJhbGciOiJIUzM4NCJ9.eyJzdWIiOiJwZXJmX3VzZXJfODk1IiwidXNlcklkIjozMDg5OSwiaWF0IjoxNzgwNDk1MDc4LCJleHAiOjE3ODA1MDIyNzh9.rlT5Gs-gl0yIDpyXCVyREcPZKmRcGIwEAdL1JZUSfTAUKq4IKr1YVDF-_ho8J5Ua
1780495135919783,30999,eyJhbGciOiJIUzM4NCJ9.eyJzdWIiOiJwZXJmX3VzZXJfOTk1IiwidXNlcklkIjozMDk5OSwiaWF0IjoxNzgwNDk1MDc4LCJleHAiOjE3ODA1MDIyNzh9.RF1zY7cFEI-0mB5DJh_kJkAJe33BZ4eCC1kZx2caVhL7a1CDnmUBLynX4HgqsOnH
1780495138276921,31099,eyJhbGciOiJIUzM4NCJ9.eyJzdWIiOiJwZXJmX3VzZXJfMTA5NSIsInVzZXJJZCI6MzEwOTksImlhdCI6MTc4MDQ5NTA3OCwiZXhwIjoxNzgwNTAyMjc4fQ.VCyd0-Qb0TeYrajRmhVGXJsEi-XBryEDkiq0gtyAVZ5u6ETsDS4YPObeTBJBOgox
1780495140509003,31199,eyJhbGciOiJIUzM4NCJ9.eyJzdWIiOiJwZXJmX3VzZXJfMTE5NSIsInVzZXJJZCI6MzExOTksImlhdCI6MTc4MDQ5NTA3OCwiZXhwIjoxNzgwNTAyMjc4fQ.Ahws2MICRddbDOA39VmLTMq1MPlWyEIXWKqBE5d2vAxC9ZPOwoAY7Pr2IieDcLa2
1780495142691200,31299,eyJhbGciOiJIUzM4NCJ9.eyJzdWIiOiJwZXJmX3VzZXJfMTI5NSIsInVzZXJJZCI6MzEyOTksImlhdCI6MTc4MDQ5NTA3OCwiZXhwIjoxNzgwNTAyMjc4fQ.6vQLY3lMyDO1NbEZaXZ7lPYB4Zyy3TstSnVXNdH8kXxMsbIYpGpiB4YVehLYlzRp
1780495144893841,31399,eyJhbGciOiJIUzM4NCJ9.eyJzdWIiOiJwZXJmX3VzZXJfMTM5NSIsInVzZXJJZCI6MzEzOTksImlhdCI6MTc4MDQ5NTA3OCwiZXhwIjoxNzgwNTAyMjc4fQ.OBg9P8AoD9aIsKPRQ4K2Zx159gL6o_dYpZYGoP9dpoM8RNFrI6mV_kcHrrB1tbSo
1780495147099053,31499,eyJhbGciOiJIUzM4NCJ9.eyJzdWIiOiJwZXJmX3VzZXJfMTQ5NSIsInVzZXJJZCI6MzE0OTksImlhdCI6MTc4MDQ5NTA3OCwiZXhwIjoxNzgwNTAyMjc4fQ.z8uaJLmJONiAQ7gYA9BSuDeiCzo1b9s1ybhX3USQxffL9_gbZfkGitJwMDtpxbi_
1780495149376540,31599,eyJhbGciOiJIUzM4NCJ9.eyJzdWIiOiJwZXJmX3VzZXJfMTU5NSIsInVzZXJJZCI6MzE1OTksImlhdCI6MTc4MDQ5NTA3OCwiZXhwIjoxNzgwNTAyMjc4fQ.QXAQhyFIFp7XGtuKiVxQ0zjfps9qeuwHKOnaDdiERn8wnQir2acbrpzG9ZbF3BsI
1780495115697720,30100,eyJhbGciOiJIUzM4NCJ9.eyJzdWIiOiJwZXJmX3VzZXJfOTYiLCJ1c2VySWQiOjMwMTAwLCJpYXQiOjE3ODA0OTUwNzYsImV4cCI6MTc4MDUwMjI3Nn0.zEgIJmRqnXJspMLzE9WSVPr0WJSbFZsu_pJ_o-nQLDtGYaWNxJaWb6QZpyoc7nId
1780495117892200,30200,eyJhbGciOiJIUzM4NCJ9.eyJzdWIiOiJwZXJmX3VzZXJfMTk2IiwidXNlcklkIjozMDIwMCwiaWF0IjoxNzgwNDk1MDc3LCJleHAiOjE3ODA1MDIyNzd9.fUfzRsOAgtiIgZ1j8-l5BxMiQT8baQEDbvjWaYoxVu4MzwB7j__N3PTsM0cb9bVd
1780495120168279,30300,eyJhbGciOiJIUzM4NCJ9.eyJzdWIiOiJwZXJmX3VzZXJfMjk2IiwidXNlcklkIjozMDMwMCwiaWF0IjoxNzgwNDk1MDc3LCJleHAiOjE3ODA1MDIyNzd9.bhG9vBAbASZp40bFsaTjqfCRIPqybHWFlig6QZVQiGKBRNnEtAlDTpxCTajRtW6V
1780495122399886,30400,eyJhbGciOiJIUzM4NCJ9.eyJzdWIiOiJwZXJmX3VzZXJfMzk2IiwidXNlcklkIjozMDQwMCwiaWF0IjoxNzgwNDk1MDc3LCJleHAiOjE3ODA1MDIyNzd9.gwZJ0rLTBq9JXpFjE5zdoSQAfsyyvkfefjCVF86Ka-2mpPmMpGZBYbja0EFlb2P6
1780495124624826,30500,eyJhbGciOiJIUzM4NCJ9.eyJzdWIiOiJwZXJmX3VzZXJfNDk2IiwidXNlcklkIjozMDUwMCwiaWF0IjoxNzgwNDk1MDc3LCJleHAiOjE3ODA1MDIyNzd9.3xkbkmXh1Mi5QjQjtSUPyOybOKXrK6UvuUMfy37U5LTQ2sLYombm3Z7KeqykU8j3
1780495126897911,30600,eyJhbGciOiJIUzM4NCJ9.eyJzdWIiOiJwZXJmX3VzZXJfNTk2IiwidXNlcklkIjozMDYwMCwiaWF0IjoxNzgwNDk1MDc3LCJleHAiOjE3ODA1MDIyNzd9.k8y30jREqADCn63L7WtPG0BK-lakBDnUbgH6RuDOKJEVafUqqk_O76KosBiO1LZx
1780495129156031,30700,eyJhbGciOiJIUzM4NCJ9.eyJzdWIiOiJwZXJmX3VzZXJfNjk2IiwidXNlcklkIjozMDcwMCwiaWF0IjoxNzgwNDk1MDc3LCJleHAiOjE3ODA1MDIyNzd9.wY8yj3D2bLmKCHJOwcFWLI0mTM2E2OBm7_5TnEpy7x88s9vnVX33Y0YQrlNxiwI3
1780495131432629,30800,eyJhbGciOiJIUzM4NCJ9.eyJzdWIiOiJwZXJmX3VzZXJfNzk2IiwidXNlcklkIjozMDgwMCwiaWF0IjoxNzgwNDk1MDc3LCJleHAiOjE3ODA1MDIyNzd9.uryUCdave8uaclS1lDdWzK3-wUFIteTKO5QwA_aV6Rrhos_bKc05rd9P9YatRZVM
1780495133685802,30900,eyJhbGciOiJIUzM4NCJ9.eyJzdWIiOiJwZXJmX3VzZXJfODk2IiwidXNlcklkIjozMDkwMCwiaWF0IjoxNzgwNDk1MDc4LCJleHAiOjE3ODA1MDIyNzh9.OF8Y8rSvkGgu6Zy9vWOSGIzk9Vjxaabn7zqkbNpw8THdn0nSvgskpvIR3Hqn9-Ha
1780495135919783,31000,eyJhbGciOiJIUzM4NCJ9.eyJzdWIiOiJwZXJmX3VzZXJfOTk2IiwidXNlcklkIjozMTAwMCwiaWF0IjoxNzgwNDk1MDc4LCJleHAiOjE3ODA1MDIyNzh9.aXIIySbmnMBruayUjPj-0P49DHrvEdch4Yc_eIqv4-Je1syWQLLF4hU9NRyNfkL-
1780495138276921,31100,eyJhbGciOiJIUzM4NCJ9.eyJzdWIiOiJwZXJmX3VzZXJfMTA5NiIsInVzZXJJZCI6MzExMDAsImlhdCI6MTc4MDQ5NTA3OCwiZXhwIjoxNzgwNTAyMjc4fQ.FtQZOlQEI-Tg-NgJPceFEZpizYJUnM61JGhhSmsHEfyT6viCOvNHEoPRq9ywPzGc
1780495140509003,31200,eyJhbGciOiJIUzM4NCJ9.eyJzdWIiOiJwZXJmX3VzZXJfMTE5NiIsInVzZXJJZCI6MzEyMDAsImlhdCI6MTc4MDQ5NTA3OCwiZXhwIjoxNzgwNTAyMjc4fQ.a1oWzZJUcmNkUCCSDKelm9BKNFxlMQNW4-036PQhBFSHZm0dLu58EUguETIW-QxB
1780495142691200,31300,eyJhbGciOiJIUzM4NCJ9.eyJzdWIiOiJwZXJmX3VzZXJfMTI5NiIsInVzZXJJZCI6MzEzMDAsImlhdCI6MTc4MDQ5NTA3OCwiZXhwIjoxNzgwNTAyMjc4fQ.XrYZ8HzI04QvQnBHmS4spcHQ2Pt-l3PJJ31Y7kv46SYRC_nrhOfzY_bub3rQ4SG1
1780495144893841,31400,eyJhbGciOiJIUzM4NCJ9.eyJzdWIiOiJwZXJmX3VzZXJfMTM5NiIsInVzZXJJZCI6MzE0MDAsImlhdCI6MTc4MDQ5NTA3OCwiZXhwIjoxNzgwNTAyMjc4fQ.1wpgMRmSw7462cskBGICN34SiLqKznLCncymx6pDgTn_1RqEQSW-W2me815aVart
1780495147099053,31500,eyJhbGciOiJIUzM4NCJ9.eyJzdWIiOiJwZXJmX3VzZXJfMTQ5NiIsInVzZXJJZCI6MzE1MDAsImlhdCI6MTc4MDQ5NTA3OCwiZXhwIjoxNzgwNTAyMjc4fQ.dnr2icqEsRlnjBdRphT236nJvcGwKwHyESIOHK4GJre6V8qUbM9k2IMkJ6UOuF5W
1780495149376540,31600,eyJhbGciOiJIUzM4NCJ9.eyJzdWIiOiJwZXJmX3VzZXJfMTU5NiIsInVzZXJJZCI6MzE2MDAsImlhdCI6MTc4MDQ5NTA3OCwiZXhwIjoxNzgwNTAyMjc4fQ.kFIVnJoVo2JZWXxyDAxCZWoHD8-JHgzqJgfgfXkoAbMfHkaBs8-a2HjFMUGdv9Le
1780495115697720,30101,eyJhbGciOiJIUzM4NCJ9.eyJzdWIiOiJwZXJmX3VzZXJfOTciLCJ1c2VySWQiOjMwMTAxLCJpYXQiOjE3ODA0OTUwNzYsImV4cCI6MTc4MDUwMjI3Nn0.c0axO3j7QvNQvl5JxKGr34AD0OSEjA4a51arD4ikdTHtQwSaoMRLXdz4a_6xfCdB
1780495117892200,30201,eyJhbGciOiJIUzM4NCJ9.eyJzdWIiOiJwZXJmX3VzZXJfMTk3IiwidXNlcklkIjozMDIwMSwiaWF0IjoxNzgwNDk1MDc3LCJleHAiOjE3ODA1MDIyNzd9.yIaahRX4S6JQjxlMIFLOCW0K1IlBZwFXGnDfMiyk6EFrUCTUHaKDzaJ_fTV8zF53
1780495120168279,30301,eyJhbGciOiJIUzM4NCJ9.eyJzdWIiOiJwZXJmX3VzZXJfMjk3IiwidXNlcklkIjozMDMwMSwiaWF0IjoxNzgwNDk1MDc3LCJleHAiOjE3ODA1MDIyNzd9.iKMyAU6EsPUyqHyReAwHADhxGx3DMrPGl2fDPqmo3kYReXUoBzn9Rs25TMhCC57R
1780495122399886,30401,eyJhbGciOiJIUzM4NCJ9.eyJzdWIiOiJwZXJmX3VzZXJfMzk3IiwidXNlcklkIjozMDQwMSwiaWF0IjoxNzgwNDk1MDc3LCJleHAiOjE3ODA1MDIyNzd9.a3sW04WpI6m_fp3ProHz1wyyUF9zwdZnxpeCF1g9exi7i2yXTIOhdxvhz_B9us-_
1780495124624826,30501,eyJhbGciOiJIUzM4NCJ9.eyJzdWIiOiJwZXJmX3VzZXJfNDk3IiwidXNlcklkIjozMDUwMSwiaWF0IjoxNzgwNDk1MDc3LCJleHAiOjE3ODA1MDIyNzd9.1wHmooL4S4j1zb4_jkR4siWQnLTcwrdxhl08OahgePCmZ13TM-FjqBPG6_pZjCiV
1780495126897911,30601,eyJhbGciOiJIUzM4NCJ9.eyJzdWIiOiJwZXJmX3VzZXJfNTk3IiwidXNlcklkIjozMDYwMSwiaWF0IjoxNzgwNDk1MDc3LCJleHAiOjE3ODA1MDIyNzd9.eOFHEG2x8lQCc_gc1Q2XCHGLisw46LLah2sI6UNmtB_N73sEbfYfKANZeZKCYpxx
1780495129156031,30701,eyJhbGciOiJIUzM4NCJ9.eyJzdWIiOiJwZXJmX3VzZXJfNjk3IiwidXNlcklkIjozMDcwMSwiaWF0IjoxNzgwNDk1MDc3LCJleHAiOjE3ODA1MDIyNzd9.hJ1Um40vW1R5Rf77i6FJ2JzPnn988fhyOb7DXEQGNA84x-GE1OFNSLUSrtgRbOuR
1780495131432629,30801,eyJhbGciOiJIUzM4NCJ9.eyJzdWIiOiJwZXJmX3VzZXJfNzk3IiwidXNlcklkIjozMDgwMSwiaWF0IjoxNzgwNDk1MDc3LCJleHAiOjE3ODA1MDIyNzd9.ZY22O2ek6TgLGLSe7RPKiYcR_j82shWRHVT9yjLcsp-kx92MuEbj0-T04aVd3KDz
1780495133685802,30901,eyJhbGciOiJIUzM4NCJ9.eyJzdWIiOiJwZXJmX3VzZXJfODk3IiwidXNlcklkIjozMDkwMSwiaWF0IjoxNzgwNDk1MDc4LCJleHAiOjE3ODA1MDIyNzh9.6hm4IZaDWXrtxRKdc-0F1TSL6t3rt7AqMKNqPXTWFImfqk6k85uht5cDdeQyx1cc
1780495135919783,31001,eyJhbGciOiJIUzM4NCJ9.eyJzdWIiOiJwZXJmX3VzZXJfOTk3IiwidXNlcklkIjozMTAwMSwiaWF0IjoxNzgwNDk1MDc4LCJleHAiOjE3ODA1MDIyNzh9.IuDLmbP6kclUthIE7-GhmmcDbPhbLx0XxJPTCxFWB76R7FTTh7s2YpKDouJrVDuz
1780495138276921,31101,eyJhbGciOiJIUzM4NCJ9.eyJzdWIiOiJwZXJmX3VzZXJfMTA5NyIsInVzZXJJZCI6MzExMDEsImlhdCI6MTc4MDQ5NTA3OCwiZXhwIjoxNzgwNTAyMjc4fQ.FW8bCt6o0Suiz8mVZN_ItmWry9S4RxcMn7AbuYqfWN9eLQXYim8L8ad6rWbGu-LN
1780495140509003,31201,eyJhbGciOiJIUzM4NCJ9.eyJzdWIiOiJwZXJmX3VzZXJfMTE5NyIsInVzZXJJZCI6MzEyMDEsImlhdCI6MTc4MDQ5NTA3OCwiZXhwIjoxNzgwNTAyMjc4fQ.XVXJM_0o3ceKYOKg3B3yZaNph9usILCme7B4E0zO_Cwq0qPnJp7eHYtVdct6eEU7
1780495142691200,31301,eyJhbGciOiJIUzM4NCJ9.eyJzdWIiOiJwZXJmX3VzZXJfMTI5NyIsInVzZXJJZCI6MzEzMDEsImlhdCI6MTc4MDQ5NTA3OCwiZXhwIjoxNzgwNTAyMjc4fQ.Cuq8avxsVNdQgctasJP0j9Nlu0-azmO4iizvfuGwM1oGDYtO6-CWcwczs66CMz-U
1780495144893841,31401,eyJhbGciOiJIUzM4NCJ9.eyJzdWIiOiJwZXJmX3VzZXJfMTM5NyIsInVzZXJJZCI6MzE0MDEsImlhdCI6MTc4MDQ5NTA3OCwiZXhwIjoxNzgwNTAyMjc4fQ.YvLlQQYdTBOfF0Bvp9Bj_c8PzL4gIics4nCwAc0eIYv9eMNluQauS1nml4X0sMxl
1780495147099053,31501,eyJhbGciOiJIUzM4NCJ9.eyJzdWIiOiJwZXJmX3VzZXJfMTQ5NyIsInVzZXJJZCI6MzE1MDEsImlhdCI6MTc4MDQ5NTA3OCwiZXhwIjoxNzgwNTAyMjc4fQ.D99IXfxMOgY9mFrZaXIU7nwbOWXJLCWS9QArryxDZ8iO2zIniq3SHHrjN0LtU1rt
1780495149376540,31601,eyJhbGciOiJIUzM4NCJ9.eyJzdWIiOiJwZXJmX3VzZXJfMTU5NyIsInVzZXJJZCI6MzE2MDEsImlhdCI6MTc4MDQ5NTA3OCwiZXhwIjoxNzgwNTAyMjc4fQ.OCeyM6Cte4s3eVvpKx3-rLsuUxnPRgOvoM3wYuR0OYj9Mu7n3lJfoXRy1cHrMK4G
1780495115697720,30102,eyJhbGciOiJIUzM4NCJ9.eyJzdWIiOiJwZXJmX3VzZXJfOTgiLCJ1c2VySWQiOjMwMTAyLCJpYXQiOjE3ODA0OTUwNzYsImV4cCI6MTc4MDUwMjI3Nn0.ybzmFRBpd5anIUb7eB9LUq9mT6eSIeaSXJKkEb0ht3SpBkQ3iH43viYTtG6Uufsn
1780495117892200,30202,eyJhbGciOiJIUzM4NCJ9.eyJzdWIiOiJwZXJmX3VzZXJfMTk4IiwidXNlcklkIjozMDIwMiwiaWF0IjoxNzgwNDk1MDc3LCJleHAiOjE3ODA1MDIyNzd9.Vvg8nXGwDPiZI3RQAJimpWV6XXKvbjMdSfB2N4Sv80xt2XyqL4Jg_NP7bS78DiR_
1780495120168279,30302,eyJhbGciOiJIUzM4NCJ9.eyJzdWIiOiJwZXJmX3VzZXJfMjk4IiwidXNlcklkIjozMDMwMiwiaWF0IjoxNzgwNDk1MDc3LCJleHAiOjE3ODA1MDIyNzd9.qUKQL5LYXPuba0Jz3EyJO7R9y7l-Ze280R_s_1VgH5C9nUUr9TQVv-m6hgZnMtoE
1780495122399886,30402,eyJhbGciOiJIUzM4NCJ9.eyJzdWIiOiJwZXJmX3VzZXJfMzk4IiwidXNlcklkIjozMDQwMiwiaWF0IjoxNzgwNDk1MDc3LCJleHAiOjE3ODA1MDIyNzd9.aCsTJYP4M67pg9STRP20iHMjDnb86497iudjV_4c3EByZ6NbvdhTQO0Ygvht2kUX
1780495124624826,30502,eyJhbGciOiJIUzM4NCJ9.eyJzdWIiOiJwZXJmX3VzZXJfNDk4IiwidXNlcklkIjozMDUwMiwiaWF0IjoxNzgwNDk1MDc3LCJleHAiOjE3ODA1MDIyNzd9.HcpMAEviyGdwh4GucWug5uA8IBUQAa8uGjJSAJ4J2rst8hoTOyiwk7wlYWz0frkp
1780495126897911,30602,eyJhbGciOiJIUzM4NCJ9.eyJzdWIiOiJwZXJmX3VzZXJfNTk4IiwidXNlcklkIjozMDYwMiwiaWF0IjoxNzgwNDk1MDc3LCJleHAiOjE3ODA1MDIyNzd9.lesu7LT0-RiCZzF2YBVOENtCKgVPRDhLnlWkfcxxRZWKMKeAS_KFloiMuB3ZKwcC
1780495129156031,30702,eyJhbGciOiJIUzM4NCJ9.eyJzdWIiOiJwZXJmX3VzZXJfNjk4IiwidXNlcklkIjozMDcwMiwiaWF0IjoxNzgwNDk1MDc3LCJleHAiOjE3ODA1MDIyNzd9.fhdUfgW1-G627cn4oKgCn8kjC3CQUaaHUmwwW1Q0h3Fp3EBuFymCxcSzpr14raqn
1780495131432629,30802,eyJhbGciOiJIUzM4NCJ9.eyJzdWIiOiJwZXJmX3VzZXJfNzk4IiwidXNlcklkIjozMDgwMiwiaWF0IjoxNzgwNDk1MDc3LCJleHAiOjE3ODA1MDIyNzd9.V7atSnaIdSwICYPMMxDoLxeKCMuFrlFlkePqEQcocvuJz-7JrmM6HsCYdlfAWgdd
1780495133685802,30902,eyJhbGciOiJIUzM4NCJ9.eyJzdWIiOiJwZXJmX3VzZXJfODk4IiwidXNlcklkIjozMDkwMiwiaWF0IjoxNzgwNDk1MDc4LCJleHAiOjE3ODA1MDIyNzh9.G4JeYWclnWSZaCCEKNyCQXz7eSpNNAIspl7lVGoBRlFf74pgoSvz8VdgR5WTgl_2
1780495135919783,31002,eyJhbGciOiJIUzM4NCJ9.eyJzdWIiOiJwZXJmX3VzZXJfOTk4IiwidXNlcklkIjozMTAwMiwiaWF0IjoxNzgwNDk1MDc4LCJleHAiOjE3ODA1MDIyNzh9.i_ujyauHfU3fLrsssVh3_5I2uNn3jOKgXRX2hiHtg7_KT8vcvuBVW82uKOmYIMSF
1780495138276921,31102,eyJhbGciOiJIUzM4NCJ9.eyJzdWIiOiJwZXJmX3VzZXJfMTA5OCIsInVzZXJJZCI6MzExMDIsImlhdCI6MTc4MDQ5NTA3OCwiZXhwIjoxNzgwNTAyMjc4fQ.Hf_0Nw_mHbNVQMhQALoIlzy-A3K0zzb0oCurw0hwGqpWIYuv0jYuyaKByQ4Mgeq8
1780495140509003,31202,eyJhbGciOiJIUzM4NCJ9.eyJzdWIiOiJwZXJmX3VzZXJfMTE5OCIsInVzZXJJZCI6MzEyMDIsImlhdCI6MTc4MDQ5NTA3OCwiZXhwIjoxNzgwNTAyMjc4fQ.ip8YKdvvjshrlOimT6cewB2JsmtgrHe9qxspxaVtUeCHEgz-QVVWLRPamQljL7mS
1780495142691200,31302,eyJhbGciOiJIUzM4NCJ9.eyJzdWIiOiJwZXJmX3VzZXJfMTI5OCIsInVzZXJJZCI6MzEzMDIsImlhdCI6MTc4MDQ5NTA3OCwiZXhwIjoxNzgwNTAyMjc4fQ.FgHOQBQvtessxZ13OVShXZgRj7BukwEeL5cEee8BwbfI3dF16V1NPni3pKWl3mIA
1780495144893841,31402,eyJhbGciOiJIUzM4NCJ9.eyJzdWIiOiJwZXJmX3VzZXJfMTM5OCIsInVzZXJJZCI6MzE0MDIsImlhdCI6MTc4MDQ5NTA3OCwiZXhwIjoxNzgwNTAyMjc4fQ.r4MPFL-cfl7AIFoQ-dc0YwQJmUZUh5uAiz_6nyDvCOu9QfnMAhdm5qwwGFViyQtY
1780495147099053,31502,eyJhbGciOiJIUzM4NCJ9.eyJzdWIiOiJwZXJmX3VzZXJfMTQ5OCIsInVzZXJJZCI6MzE1MDIsImlhdCI6MTc4MDQ5NTA3OCwiZXhwIjoxNzgwNTAyMjc4fQ.BPpk-bO2s3XABvDmmsp-TtVYyBe0aw4UQuINXG_IeqgdsCOwQ_IVH8cuLy7C6d_2
1780495149376540,31602,eyJhbGciOiJIUzM4NCJ9.eyJzdWIiOiJwZXJmX3VzZXJfMTU5OCIsInVzZXJJZCI6MzE2MDIsImlhdCI6MTc4MDQ5NTA3OCwiZXhwIjoxNzgwNTAyMjc4fQ.mXbR3FSBndLsAgf5c7b6122MrHTAi3GIr5cpyIK3_ec4tvCf4rJh-XHujs3As6G9
1780495115697720,30103,eyJhbGciOiJIUzM4NCJ9.eyJzdWIiOiJwZXJmX3VzZXJfOTkiLCJ1c2VySWQiOjMwMTAzLCJpYXQiOjE3ODA0OTUwNzYsImV4cCI6MTc4MDUwMjI3Nn0.CovIpozeZhXLUH6aXbXuOGHaV4QG0dEbU4jgWsg9qiRkOdSrwC82E3lvnJbvF7ky
1780495117892200,30203,eyJhbGciOiJIUzM4NCJ9.eyJzdWIiOiJwZXJmX3VzZXJfMTk5IiwidXNlcklkIjozMDIwMywiaWF0IjoxNzgwNDk1MDc3LCJleHAiOjE3ODA1MDIyNzd9.ZcIeMSckNb9m3FWsaBKVv0wg0ZBjNSbn4UqJyel8sApkspFr3FDDSsxBu7vz1VJY
1780495120168279,30303,eyJhbGciOiJIUzM4NCJ9.eyJzdWIiOiJwZXJmX3VzZXJfMjk5IiwidXNlcklkIjozMDMwMywiaWF0IjoxNzgwNDk1MDc3LCJleHAiOjE3ODA1MDIyNzd9.t3mgkChqx_JVwzWmgV44r80VgCnTVElUm0sOoJIAASglU_EnPop3OhCDiqJT8tAc
1780495122399886,30403,eyJhbGciOiJIUzM4NCJ9.eyJzdWIiOiJwZXJmX3VzZXJfMzk5IiwidXNlcklkIjozMDQwMywiaWF0IjoxNzgwNDk1MDc3LCJleHAiOjE3ODA1MDIyNzd9.j8DFJA4DbifHA8SlT3BP-stIKZe3LonZIUUTQHBbtlTEUm_RVnImjbOnGfF7cNfm
1780495124624826,30503,eyJhbGciOiJIUzM4NCJ9.eyJzdWIiOiJwZXJmX3VzZXJfNDk5IiwidXNlcklkIjozMDUwMywiaWF0IjoxNzgwNDk1MDc3LCJleHAiOjE3ODA1MDIyNzd9.5Dm1Fh1pyAfokWoopHsD9ct3S7uBqFy0iFdn8tO2sU3PRk1-G1e-ygaGANppU-LE
1780495126897911,30603,eyJhbGciOiJIUzM4NCJ9.eyJzdWIiOiJwZXJmX3VzZXJfNTk5IiwidXNlcklkIjozMDYwMywiaWF0IjoxNzgwNDk1MDc3LCJleHAiOjE3ODA1MDIyNzd9.I_cIze7wjtsEa0XGtCKt9RHkYGy4XZeefRW68m9cNIPLpbMwwWn3zVtv2sqBKlvA
1780495129156031,30703,eyJhbGciOiJIUzM4NCJ9.eyJzdWIiOiJwZXJmX3VzZXJfNjk5IiwidXNlcklkIjozMDcwMywiaWF0IjoxNzgwNDk1MDc3LCJleHAiOjE3ODA1MDIyNzd9.Yltg6ZAvqTiQycYoa4Hbp8ojrDoMyF7rQ3IzJpyFp1rkOdFUDMYqno8ZoVw1yIWq
1780495131432629,30803,eyJhbGciOiJIUzM4NCJ9.eyJzdWIiOiJwZXJmX3VzZXJfNzk5IiwidXNlcklkIjozMDgwMywiaWF0IjoxNzgwNDk1MDc3LCJleHAiOjE3ODA1MDIyNzd9.BT7CHYJDWS4VCTO0ikarQwmWh4r1zkY0QNXrf-6w07f4NTwI_kEM7SpfS5CkKi6i
1780495133685802,30903,eyJhbGciOiJIUzM4NCJ9.eyJzdWIiOiJwZXJmX3VzZXJfODk5IiwidXNlcklkIjozMDkwMywiaWF0IjoxNzgwNDk1MDc4LCJleHAiOjE3ODA1MDIyNzh9.xYnJzLrbwBarDyx_Zp-NFKQTk7Py68qy1N1P2mje_pdBHDcZn83l7QvTwJD9XDI-
1780495135919783,31003,eyJhbGciOiJIUzM4NCJ9.eyJzdWIiOiJwZXJmX3VzZXJfOTk5IiwidXNlcklkIjozMTAwMywiaWF0IjoxNzgwNDk1MDc4LCJleHAiOjE3ODA1MDIyNzh9.mMnu3aLQVpaf-zVUcX9LQ5LnCatczsSgJKalDaDd2G5SG7MSPbj9SmXHYtpp9K4L
1780495138276921,31103,eyJhbGciOiJIUzM4NCJ9.eyJzdWIiOiJwZXJmX3VzZXJfMTA5OSIsInVzZXJJZCI6MzExMDMsImlhdCI6MTc4MDQ5NTA3OCwiZXhwIjoxNzgwNTAyMjc4fQ.BIK-4H-o-f9pyBOrE904BKcb-NzWrlpf1nnCCpAYgtR6MBFlPCosFAL2Q8CFjCW1
1780495140509003,31203,eyJhbGciOiJIUzM4NCJ9.eyJzdWIiOiJwZXJmX3VzZXJfMTE5OSIsInVzZXJJZCI6MzEyMDMsImlhdCI6MTc4MDQ5NTA3OCwiZXhwIjoxNzgwNTAyMjc4fQ._Fe_hTnkTSvg8PiQb7uyhgVqGuhujv3sDqSae5NUCcvvABAy7PvwHHZvKAgfhaCw
1780495142691200,31303,eyJhbGciOiJIUzM4NCJ9.eyJzdWIiOiJwZXJmX3VzZXJfMTI5OSIsInVzZXJJZCI6MzEzMDMsImlhdCI6MTc4MDQ5NTA3OCwiZXhwIjoxNzgwNTAyMjc4fQ.Ah1bhMslmNzLuIbtG0lTZJruwfGf32Kqy_OB8SZu2Mxb1TAeRv0oxaldUtu0pk81
1780495144893841,31403,eyJhbGciOiJIUzM4NCJ9.eyJzdWIiOiJwZXJmX3VzZXJfMTM5OSIsInVzZXJJZCI6MzE0MDMsImlhdCI6MTc4MDQ5NTA3OCwiZXhwIjoxNzgwNTAyMjc4fQ.LyWjDTUYqg0zsFNOg0RXKstDDtUHBp2kb1o84ngra5sSYfUERYNiUF-80J_p9-Vy
1780495147099053,31503,eyJhbGciOiJIUzM4NCJ9.eyJzdWIiOiJwZXJmX3VzZXJfMTQ5OSIsInVzZXJJZCI6MzE1MDMsImlhdCI6MTc4MDQ5NTA3OCwiZXhwIjoxNzgwNTAyMjc4fQ.COpNaKVnk4K3d0WtTkxVx8B3ANos4gKXq7TSFi6gaa1zyj78cc40TCufmsC9xn2M
1780495149376540,31603,eyJhbGciOiJIUzM4NCJ9.eyJzdWIiOiJwZXJmX3VzZXJfMTU5OSIsInVzZXJJZCI6MzE2MDMsImlhdCI6MTc4MDQ5NTA3OCwiZXhwIjoxNzgwNTAyMjc4fQ.6TEVqdZl6lf2-FFKXMDtGL34TpHLR33HEj6CYHXE2qymNd55bGtLa_ZMXLP6oBVn
