username,password
perf_user_0,perf123456
perf_user_1,perf123456
perf_user_2,perf123456
perf_user_3,perf123456
perf_user_4,perf123456
perf_user_5,perf123456
perf_user_6,perf123456
perf_user_7,perf123456
perf_user_8,perf123456
perf_user_9,perf123456
perf_user_10,perf123456
perf_user_11,perf123456
perf_user_12,perf123456
perf_user_13,perf123456
perf_user_14,perf123456
perf_user_15,perf123456
perf_user_16,perf123456
perf_user_17,perf123456
perf_user_18,perf123456
perf_user_19,perf123456
perf_user_20,perf123456
perf_user_21,perf123456
perf_user_22,perf123456
perf_user_23,perf123456
perf_user_24,perf123456
perf_user_25,perf123456
perf_user_26,perf123456
perf_user_27,perf123456
perf_user_28,perf123456
perf_user_29,perf123456
perf_user_30,perf123456
perf_user_31,perf123456
perf_user_32,perf123456
perf_user_33,perf123456
perf_user_34,perf123456
perf_user_35,perf123456
perf_user_36,perf123456
perf_user_37,perf123456
perf_user_38,perf123456
perf_user_39,perf123456
perf_user_40,perf123456
perf_user_41,perf123456
perf_user_42,perf123456
perf_user_43,perf123456
perf_user_44,perf123456
perf_user_45,perf123456
perf_user_46,perf123456
perf_user_47,perf123456
perf_user_48,perf123456
perf_user_49,perf123456
perf_user_50,perf123456
perf_user_51,perf123456
perf_user_52,perf123456
perf_user_53,perf123456
perf_user_54,perf123456
perf_user_55,perf123456
perf_user_56,perf123456
perf_user_57,perf123456
perf_user_58,perf123456
perf_user_59,perf123456
perf_user_60,perf123456
perf_user_61,perf123456
perf_user_62,perf123456
perf_user_63,perf123456
perf_user_64,perf123456
perf_user_65,perf123456
perf_user_66,perf123456
perf_user_67,perf123456
perf_user_68,perf123456
perf_user_69,perf123456
perf_user_70,perf123456
perf_user_71,perf123456
perf_user_72,perf123456
perf_user_73,perf123456
perf_user_74,perf123456
perf_user_75,perf123456
perf_user_76,perf123456
perf_user_77,perf123456
perf_user_78,perf123456
perf_user_79,perf123456
perf_user_80,perf123456
perf_user_81,perf123456
perf_user_82,perf123456
perf_user_83,perf123456
perf_user_84,perf123456
perf_user_85,perf123456
perf_user_86,perf123456
perf_user_87,perf123456
perf_user_88,perf123456
perf_user_89,perf123456
perf_user_90,perf123456
perf_user_91,perf123456
perf_user_92,perf123456
perf_user_93,perf123456
perf_user_94,perf123456
perf_user_95,perf123456
perf_user_96,perf123456
perf_user_97,perf123456
perf_user_98,perf123456
perf_user_99,perf123456
perf_user_100,perf123456
perf_user_101,perf123456
perf_user_102,perf123456
perf_user_103,perf123456
perf_user_104,perf123456
perf_user_105,perf123456
perf_user_106,perf123456
perf_user_107,perf123456
perf_user_108,perf123456
perf_user_109,perf123456
perf_user_110,perf123456
perf_user_111,perf123456
perf_user_112,perf123456
perf_user_113,perf123456
perf_user_114,perf123456
perf_user_115,perf123456
perf_user_116,perf123456
perf_user_117,perf123456
perf_user_118,perf123456
perf_user_119,perf123456
perf_user_120,perf123456
perf_user_121,perf123456
perf_user_122,perf123456
perf_user_123,perf123456
perf_user_124,perf123456
perf_user_125,perf123456
perf_user_126,perf123456
perf_user_127,perf123456
perf_user_128,perf123456
perf_user_129,perf123456
perf_user_130,perf123456
perf_user_131,perf123456
perf_user_132,perf123456
perf_user_133,perf123456
perf_user_134,perf123456
perf_user_135,perf123456
perf_user_136,perf123456
perf_user_137,perf123456
perf_user_138,perf123456
perf_user_139,perf123456
perf_user_140,perf123456
perf_user_141,perf123456
perf_user_142,perf123456
perf_user_143,perf123456
perf_user_144,perf123456
perf_user_145,perf123456
perf_user_146,perf123456
perf_user_147,perf123456
perf_user_148,perf123456
perf_user_149,perf123456
perf_user_150,perf123456
perf_user_151,perf123456
perf_user_152,perf123456
perf_user_153,perf123456
perf_user_154,perf123456
perf_user_155,perf123456
perf_user_156,perf123456
perf_user_157,perf123456
perf_user_158,perf123456
perf_user_159,perf123456
perf_user_160,perf123456
perf_user_161,perf123456
perf_user_162,perf123456
perf_user_163,perf123456
perf_user_164,perf123456
perf_user_165,perf123456
perf_user_166,perf123456
perf_user_167,perf123456
perf_user_168,perf123456
perf_user_169,perf123456
perf_user_170,perf123456
perf_user_171,perf123456
perf_user_172,perf123456
perf_user_173,perf123456
perf_user_174,perf123456
perf_user_175,perf123456
perf_user_176,perf123456
perf_user_177,perf123456
perf_user_178,perf123456
perf_user_179,perf123456
perf_user_180,perf123456
perf_user_181,perf123456
perf_user_182,perf123456
perf_user_183,perf123456
perf_user_184,perf123456
perf_user_185,perf123456
perf_user_186,perf123456
perf_user_187,perf123456
perf_user_188,perf123456
perf_user_189,perf123456
perf_user_190,perf123456
perf_user_191,perf123456
perf_user_192,perf123456
perf_user_193,perf123456
perf_user_194,perf123456
perf_user_195,perf123456
perf_user_196,perf123456
perf_user_197,perf123456
perf_user_198,perf123456
perf_user_199,perf123456
perf_user_200,perf123456
perf_user_201,perf123456
perf_user_202,perf123456
perf_user_203,perf123456
perf_user_204,perf123456
perf_user_205,perf123456
perf_user_206,perf123456
perf_user_207,perf123456
perf_user_208,perf123456
perf_user_209,perf123456
perf_user_210,perf123456
perf_user_211,perf123456
perf_user_212,perf123456
perf_user_213,perf123456
perf_user_214,perf123456
perf_user_215,perf123456
perf_user_216,perf123456
perf_user_217,perf123456
perf_user_218,perf123456
perf_user_219,perf123456
perf_user_220,perf123456
perf_user_221,perf123456
perf_user_222,perf123456
perf_user_223,perf123456
perf_user_224,perf123456
perf_user_225,perf123456
perf_user_226,perf123456
perf_user_227,perf123456
perf_user_228,perf123456
perf_user_229,perf123456
perf_user_230,perf123456
perf_user_231,perf123456
perf_user_232,perf123456
perf_user_233,perf123456
perf_user_234,perf123456
perf_user_235,perf123456
perf_user_236,perf123456
perf_user_237,perf123456
perf_user_238,perf123456
perf_user_239,perf123456
perf_user_240,perf123456
perf_user_241,perf123456
perf_user_242,perf123456
perf_user_243,perf123456
perf_user_244,perf123456
perf_user_245,perf123456
perf_user_246,perf123456
perf_user_247,perf123456
perf_user_248,perf123456
perf_user_249,perf123456
perf_user_250,perf123456
perf_user_251,perf123456
perf_user_252,perf123456
perf_user_253,perf123456
perf_user_254,perf123456
perf_user_255,perf123456
perf_user_256,perf123456
perf_user_257,perf123456
perf_user_258,perf123456
perf_user_259,perf123456
perf_user_260,perf123456
perf_user_261,perf123456
perf_user_262,perf123456
perf_user_263,perf123456
perf_user_264,perf123456
perf_user_265,perf123456
perf_user_266,perf123456
perf_user_267,perf123456
perf_user_268,perf123456
perf_user_269,perf123456
perf_user_270,perf123456
perf_user_271,perf123456
perf_user_272,perf123456
perf_user_273,perf123456
perf_user_274,perf123456
perf_user_275,perf123456
perf_user_276,perf123456
perf_user_277,perf123456
perf_user_278,perf123456
perf_user_279,perf123456
perf_user_280,perf123456
perf_user_281,perf123456
perf_user_282,perf123456
perf_user_283,perf123456
perf_user_284,perf123456
perf_user_285,perf123456
perf_user_286,perf123456
perf_user_287,perf123456
perf_user_288,perf123456
perf_user_289,perf123456
perf_user_290,perf123456
perf_user_291,perf123456
perf_user_292,perf123456
perf_user_293,perf123456
perf_user_294,perf123456
perf_user_295,perf123456
perf_user_296,perf123456
perf_user_297,perf123456
perf_user_298,perf123456
perf_user_299,perf123456
perf_user_300,perf123456
perf_user_301,perf123456
perf_user_302,perf123456
perf_user_303,perf123456
perf_user_304,perf123456
perf_user_305,perf123456
perf_user_306,perf123456
perf_user_307,perf123456
perf_user_308,perf123456
perf_user_309,perf123456
perf_user_310,perf123456
perf_user_311,perf123456
perf_user_312,perf123456
perf_user_313,perf123456
perf_user_314,perf123456
perf_user_315,perf123456
perf_user_316,perf123456
perf_user_317,perf123456
perf_user_318,perf123456
perf_user_319,perf123456
perf_user_320,perf123456
perf_user_321,perf123456
perf_user_322,perf123456
perf_user_323,perf123456
perf_user_324,perf123456
perf_user_325,perf123456
perf_user_326,perf123456
perf_user_327,perf123456
perf_user_328,perf123456
perf_user_329,perf123456
perf_user_330,perf123456
perf_user_331,perf123456
perf_user_332,perf123456
perf_user_333,perf123456
perf_user_334,perf123456
perf_user_335,perf123456
perf_user_336,perf123456
perf_user_337,perf123456
perf_user_338,perf123456
perf_user_339,perf123456
perf_user_340,perf123456
perf_user_341,perf123456
perf_user_342,perf123456
perf_user_343,perf123456
perf_user_344,perf123456
perf_user_345,perf123456
perf_user_346,perf123456
perf_user_347,perf123456
perf_user_348,perf123456
perf_user_349,perf123456
perf_user_350,perf123456
perf_user_351,perf123456
perf_user_352,perf123456
perf_user_353,perf123456
perf_user_354,perf123456
perf_user_355,perf123456
perf_user_356,perf123456
perf_user_357,perf123456
perf_user_358,perf123456
perf_user_359,perf123456
perf_user_360,perf123456
perf_user_361,perf123456
perf_user_362,perf123456
perf_user_363,perf123456
perf_user_364,perf123456
perf_user_365,perf123456
perf_user_366,perf123456
perf_user_367,perf123456
perf_user_368,perf123456
perf_user_369,perf123456
perf_user_370,perf123456
perf_user_371,perf123456
perf_user_372,perf123456
perf_user_373,perf123456
perf_user_374,perf123456
perf_user_375,perf123456
perf_user_376,perf123456
perf_user_377,perf123456
perf_user_378,perf123456
perf_user_379,perf123456
perf_user_380,perf123456
perf_user_381,perf123456
perf_user_382,perf123456
perf_user_383,perf123456
perf_user_384,perf123456
perf_user_385,perf123456
perf_user_386,perf123456
perf_user_387,perf123456
perf_user_388,perf123456
perf_user_389,perf123456
perf_user_390,perf123456
perf_user_391,perf123456
perf_user_392,perf123456
perf_user_393,perf123456
perf_user_394,perf123456
perf_user_395,perf123456
perf_user_396,perf123456
perf_user_397,perf123456
perf_user_398,perf123456
perf_user_399,perf123456
perf_user_400,perf123456
perf_user_401,perf123456
perf_user_402,perf123456
perf_user_403,perf123456
perf_user_404,perf123456
perf_user_405,perf123456
perf_user_406,perf123456
perf_user_407,perf123456
perf_user_408,perf123456
perf_user_409,perf123456
perf_user_410,perf123456
perf_user_411,perf123456
perf_user_412,perf123456
perf_user_413,perf123456
perf_user_414,perf123456
perf_user_415,perf123456
perf_user_416,perf123456
perf_user_417,perf123456
perf_user_418,perf123456
perf_user_419,perf123456
perf_user_420,perf123456
perf_user_421,perf123456
perf_user_422,perf123456
perf_user_423,perf123456
perf_user_424,perf123456
perf_user_425,perf123456
perf_user_426,perf123456
perf_user_427,perf123456
perf_user_428,perf123456
perf_user_429,perf123456
perf_user_430,perf123456
perf_user_431,perf123456
perf_user_432,perf123456
perf_user_433,perf123456
perf_user_434,perf123456
perf_user_435,perf123456
perf_user_436,perf123456
perf_user_437,perf123456
perf_user_438,perf123456
perf_user_439,perf123456
perf_user_440,perf123456
perf_user_441,perf123456
perf_user_442,perf123456
perf_user_443,perf123456
perf_user_444,perf123456
perf_user_445,perf123456
perf_user_446,perf123456
perf_user_447,perf123456
perf_user_448,perf123456
perf_user_449,perf123456
perf_user_450,perf123456
perf_user_451,perf123456
perf_user_452,perf123456
perf_user_453,perf123456
perf_user_454,perf123456
perf_user_455,perf123456
perf_user_456,perf123456
perf_user_457,perf123456
perf_user_458,perf123456
perf_user_459,perf123456
perf_user_460,perf123456
perf_user_461,perf123456
perf_user_462,perf123456
perf_user_463,perf123456
perf_user_464,perf123456
perf_user_465,perf123456
perf_user_466,perf123456
perf_user_467,perf123456
perf_user_468,perf123456
perf_user_469,perf123456
perf_user_470,perf123456
perf_user_471,perf123456
perf_user_472,perf123456
perf_user_473,perf123456
perf_user_474,perf123456
perf_user_475,perf123456
perf_user_476,perf123456
perf_user_477,perf123456
perf_user_478,perf123456
perf_user_479,perf123456
perf_user_480,perf123456
perf_user_481,perf123456
perf_user_482,perf123456
perf_user_483,perf123456
perf_user_484,perf123456
perf_user_485,perf123456
perf_user_486,perf123456
perf_user_487,perf123456
perf_user_488,perf123456
perf_user_489,perf123456
perf_user_490,perf123456
perf_user_491,perf123456
perf_user_492,perf123456
perf_user_493,perf123456
perf_user_494,perf123456
perf_user_495,perf123456
perf_user_496,perf123456
perf_user_497,perf123456
perf_user_498,perf123456
perf_user_499,perf123456
perf_user_500,perf123456
perf_user_501,perf123456
perf_user_502,perf123456
perf_user_503,perf123456
perf_user_504,perf123456
perf_user_505,perf123456
perf_user_506,perf123456
perf_user_507,perf123456
perf_user_508,perf123456
perf_user_509,perf123456
perf_user_510,perf123456
perf_user_511,perf123456
perf_user_512,perf123456
perf_user_513,perf123456
perf_user_514,perf123456
perf_user_515,perf123456
perf_user_516,perf123456
perf_user_517,perf123456
perf_user_518,perf123456
perf_user_519,perf123456
perf_user_520,perf123456
perf_user_521,perf123456
perf_user_522,perf123456
perf_user_523,perf123456
perf_user_524,perf123456
perf_user_525,perf123456
perf_user_526,perf123456
perf_user_527,perf123456
perf_user_528,perf123456
perf_user_529,perf123456
perf_user_530,perf123456
perf_user_531,perf123456
perf_user_532,perf123456
perf_user_533,perf123456
perf_user_534,perf123456
perf_user_535,perf123456
perf_user_536,perf123456
perf_user_537,perf123456
perf_user_538,perf123456
perf_user_539,perf123456
perf_user_540,perf123456
perf_user_541,perf123456
perf_user_542,perf123456
perf_user_543,perf123456
perf_user_544,perf123456
perf_user_545,perf123456
perf_user_546,perf123456
perf_user_547,perf123456
perf_user_548,perf123456
perf_user_549,perf123456
perf_user_550,perf123456
perf_user_551,perf123456
perf_user_552,perf123456
perf_user_553,perf123456
perf_user_554,perf123456
perf_user_555,perf123456
perf_user_556,perf123456
perf_user_557,perf123456
perf_user_558,perf123456
perf_user_559,perf123456
perf_user_560,perf123456
perf_user_561,perf123456
perf_user_562,perf123456
perf_user_563,perf123456
perf_user_564,perf123456
perf_user_565,perf123456
perf_user_566,perf123456
perf_user_567,perf123456
perf_user_568,perf123456
perf_user_569,perf123456
perf_user_570,perf123456
perf_user_571,perf123456
perf_user_572,perf123456
perf_user_573,perf123456
perf_user_574,perf123456
perf_user_575,perf123456
perf_user_576,perf123456
perf_user_577,perf123456
perf_user_578,perf123456
perf_user_579,perf123456
perf_user_580,perf123456
perf_user_581,perf123456
perf_user_582,perf123456
perf_user_583,perf123456
perf_user_584,perf123456
perf_user_585,perf123456
perf_user_586,perf123456
perf_user_587,perf123456
perf_user_588,perf123456
perf_user_589,perf123456
perf_user_590,perf123456
perf_user_591,perf123456
perf_user_592,perf123456
perf_user_593,perf123456
perf_user_594,perf123456
perf_user_595,perf123456
perf_user_596,perf123456
perf_user_597,perf123456
perf_user_598,perf123456
perf_user_599,perf123456
perf_user_600,perf123456
perf_user_601,perf123456
perf_user_602,perf123456
perf_user_603,perf123456
perf_user_604,perf123456
perf_user_605,perf123456
perf_user_606,perf123456
perf_user_607,perf123456
perf_user_608,perf123456
perf_user_609,perf123456
perf_user_610,perf123456
perf_user_611,perf123456
perf_user_612,perf123456
perf_user_613,perf123456
perf_user_614,perf123456
perf_user_615,perf123456
perf_user_616,perf123456
perf_user_617,perf123456
perf_user_618,perf123456
perf_user_619,perf123456
perf_user_620,perf123456
perf_user_621,perf123456
perf_user_622,perf123456
perf_user_623,perf123456
perf_user_624,perf123456
perf_user_625,perf123456
perf_user_626,perf123456
perf_user_627,perf123456
perf_user_628,perf123456
perf_user_629,perf123456
perf_user_630,perf123456
perf_user_631,perf123456
perf_user_632,perf123456
perf_user_633,perf123456
perf_user_634,perf123456
perf_user_635,perf123456
perf_user_636,perf123456
perf_user_637,perf123456
perf_user_638,perf123456
perf_user_639,perf123456
perf_user_640,perf123456
perf_user_641,perf123456
perf_user_642,perf123456
perf_user_643,perf123456
perf_user_644,perf123456
perf_user_645,perf123456
perf_user_646,perf123456
perf_user_647,perf123456
perf_user_648,perf123456
perf_user_649,perf123456
perf_user_650,perf123456
perf_user_651,perf123456
perf_user_652,perf123456
perf_user_653,perf123456
perf_user_654,perf123456
perf_user_655,perf123456
perf_user_656,perf123456
perf_user_657,perf123456
perf_user_658,perf123456
perf_user_659,perf123456
perf_user_660,perf123456
perf_user_661,perf123456
perf_user_662,perf123456
perf_user_663,perf123456
perf_user_664,perf123456
perf_user_665,perf123456
perf_user_666,perf123456
perf_user_667,perf123456
perf_user_668,perf123456
perf_user_669,perf123456
perf_user_670,perf123456
perf_user_671,perf123456
perf_user_672,perf123456
perf_user_673,perf123456
perf_user_674,perf123456
perf_user_675,perf123456
perf_user_676,perf123456
perf_user_677,perf123456
perf_user_678,perf123456
perf_user_679,perf123456
perf_user_680,perf123456
perf_user_681,perf123456
perf_user_682,perf123456
perf_user_683,perf123456
perf_user_684,perf123456
perf_user_685,perf123456
perf_user_686,perf123456
perf_user_687,perf123456
perf_user_688,perf123456
perf_user_689,perf123456
perf_user_690,perf123456
perf_user_691,perf123456
perf_user_692,perf123456
perf_user_693,perf123456
perf_user_694,perf123456
perf_user_695,perf123456
perf_user_696,perf123456
perf_user_697,perf123456
perf_user_698,perf123456
perf_user_699,perf123456
perf_user_700,perf123456
perf_user_701,perf123456
perf_user_702,perf123456
perf_user_703,perf123456
perf_user_704,perf123456
perf_user_705,perf123456
perf_user_706,perf123456
perf_user_707,perf123456
perf_user_708,perf123456
perf_user_709,perf123456
perf_user_710,perf123456
perf_user_711,perf123456
perf_user_712,perf123456
perf_user_713,perf123456
perf_user_714,perf123456
perf_user_715,perf123456
perf_user_716,perf123456
perf_user_717,perf123456
perf_user_718,perf123456
perf_user_719,perf123456
perf_user_720,perf123456
perf_user_721,perf123456
perf_user_722,perf123456
perf_user_723,perf123456
perf_user_724,perf123456
perf_user_725,perf123456
perf_user_726,perf123456
perf_user_727,perf123456
perf_user_728,perf123456
perf_user_729,perf123456
perf_user_730,perf123456
perf_user_731,perf123456
perf_user_732,perf123456
perf_user_733,perf123456
perf_user_734,perf123456
perf_user_735,perf123456
perf_user_736,perf123456
perf_user_737,perf123456
perf_user_738,perf123456
perf_user_739,perf123456
perf_user_740,perf123456
perf_user_741,perf123456
perf_user_742,perf123456
perf_user_743,perf123456
perf_user_744,perf123456
perf_user_745,perf123456
perf_user_746,perf123456
perf_user_747,perf123456
perf_user_748,perf123456
perf_user_749,perf123456
perf_user_750,perf123456
perf_user_751,perf123456
perf_user_752,perf123456
perf_user_753,perf123456
perf_user_754,perf123456
perf_user_755,perf123456
perf_user_756,perf123456
perf_user_757,perf123456
perf_user_758,perf123456
perf_user_759,perf123456
perf_user_760,perf123456
perf_user_761,perf123456
perf_user_762,perf123456
perf_user_763,perf123456
perf_user_764,perf123456
perf_user_765,perf123456
perf_user_766,perf123456
perf_user_767,perf123456
perf_user_768,perf123456
perf_user_769,perf123456
perf_user_770,perf123456
perf_user_771,perf123456
perf_user_772,perf123456
perf_user_773,perf123456
perf_user_774,perf123456
perf_user_775,perf123456
perf_user_776,perf123456
perf_user_777,perf123456
perf_user_778,perf123456
perf_user_779,perf123456
perf_user_780,perf123456
perf_user_781,perf123456
perf_user_782,perf123456
perf_user_783,perf123456
perf_user_784,perf123456
perf_user_785,perf123456
perf_user_786,perf123456
perf_user_787,perf123456
perf_user_788,perf123456
perf_user_789,perf123456
perf_user_790,perf123456
perf_user_791,perf123456
perf_user_792,perf123456
perf_user_793,perf123456
perf_user_794,perf123456
perf_user_795,perf123456
perf_user_796,perf123456
perf_user_797,perf123456
perf_user_798,perf123456
perf_user_799,perf123456
perf_user_800,perf123456
perf_user_801,perf123456
perf_user_802,perf123456
perf_user_803,perf123456
perf_user_804,perf123456
perf_user_805,perf123456
perf_user_806,perf123456
perf_user_807,perf123456
perf_user_808,perf123456
perf_user_809,perf123456
perf_user_810,perf123456
perf_user_811,perf123456
perf_user_812,perf123456
perf_user_813,perf123456
perf_user_814,perf123456
perf_user_815,perf123456
perf_user_816,perf123456
perf_user_817,perf123456
perf_user_818,perf123456
perf_user_819,perf123456
perf_user_820,perf123456
perf_user_821,perf123456
perf_user_822,perf123456
perf_user_823,perf123456
perf_user_824,perf123456
perf_user_825,perf123456
perf_user_826,perf123456
perf_user_827,perf123456
perf_user_828,perf123456
perf_user_829,perf123456
perf_user_830,perf123456
perf_user_831,perf123456
perf_user_832,perf123456
perf_user_833,perf123456
perf_user_834,perf123456
perf_user_835,perf123456
perf_user_836,perf123456
perf_user_837,perf123456
perf_user_838,perf123456
perf_user_839,perf123456
perf_user_840,perf123456
perf_user_841,perf123456
perf_user_842,perf123456
perf_user_843,perf123456
perf_user_844,perf123456
perf_user_845,perf123456
perf_user_846,perf123456
perf_user_847,perf123456
perf_user_848,perf123456
perf_user_849,perf123456
perf_user_850,perf123456
perf_user_851,perf123456
perf_user_852,perf123456
perf_user_853,perf123456
perf_user_854,perf123456
perf_user_855,perf123456
perf_user_856,perf123456
perf_user_857,perf123456
perf_user_858,perf123456
perf_user_859,perf123456
perf_user_860,perf123456
perf_user_861,perf123456
perf_user_862,perf123456
perf_user_863,perf123456
perf_user_864,perf123456
perf_user_865,perf123456
perf_user_866,perf123456
perf_user_867,perf123456
perf_user_868,perf123456
perf_user_869,perf123456
perf_user_870,perf123456
perf_user_871,perf123456
perf_user_872,perf123456
perf_user_873,perf123456
perf_user_874,perf123456
perf_user_875,perf123456
perf_user_876,perf123456
perf_user_877,perf123456
perf_user_878,perf123456
perf_user_879,perf123456
perf_user_880,perf123456
perf_user_881,perf123456
perf_user_882,perf123456
perf_user_883,perf123456
perf_user_884,perf123456
perf_user_885,perf123456
perf_user_886,perf123456
perf_user_887,perf123456
perf_user_888,perf123456
perf_user_889,perf123456
perf_user_890,perf123456
perf_user_891,perf123456
perf_user_892,perf123456
perf_user_893,perf123456
perf_user_894,perf123456
perf_user_895,perf123456
perf_user_896,perf123456
perf_user_897,perf123456
perf_user_898,perf123456
perf_user_899,perf123456
perf_user_900,perf123456
perf_user_901,perf123456
perf_user_902,perf123456
perf_user_903,perf123456
perf_user_904,perf123456
perf_user_905,perf123456
perf_user_906,perf123456
perf_user_907,perf123456
perf_user_908,perf123456
perf_user_909,perf123456
perf_user_910,perf123456
perf_user_911,perf123456
perf_user_912,perf123456
perf_user_913,perf123456
perf_user_914,perf123456
perf_user_915,perf123456
perf_user_916,perf123456
perf_user_917,perf123456
perf_user_918,perf123456
perf_user_919,perf123456
perf_user_920,perf123456
perf_user_921,perf123456
perf_user_922,perf123456
perf_user_923,perf123456
perf_user_924,perf123456
perf_user_925,perf123456
perf_user_926,perf123456
perf_user_927,perf123456
perf_user_928,perf123456
perf_user_929,perf123456
perf_user_930,perf123456
perf_user_931,perf123456
perf_user_932,perf123456
perf_user_933,perf123456
perf_user_934,perf123456
perf_user_935,perf123456
perf_user_936,perf123456
perf_user_937,perf123456
perf_user_938,perf123456
perf_user_939,perf123456
perf_user_940,perf123456
perf_user_941,perf123456
perf_user_942,perf123456
perf_user_943,perf123456
perf_user_944,perf123456
perf_user_945,perf123456
perf_user_946,perf123456
perf_user_947,perf123456
perf_user_948,perf123456
perf_user_949,perf123456
perf_user_950,perf123456
perf_user_951,perf123456
perf_user_952,perf123456
perf_user_953,perf123456
perf_user_954,perf123456
perf_user_955,perf123456
perf_user_956,perf123456
perf_user_957,perf123456
perf_user_958,perf123456
perf_user_959,perf123456
perf_user_960,perf123456
perf_user_961,perf123456
perf_user_962,perf123456
perf_user_963,perf123456
perf_user_964,perf123456
perf_user_965,perf123456
perf_user_966,perf123456
perf_user_967,perf123456
perf_user_968,perf123456
perf_user_969,perf123456
perf_user_970,perf123456
perf_user_971,perf123456
perf_user_972,perf123456
perf_user_973,perf123456
perf_user_974,perf123456
perf_user_975,perf123456
perf_user_976,perf123456
perf_user_977,perf123456
perf_user_978,perf123456
perf_user_979,perf123456
perf_user_980,perf123456
perf_user_981,perf123456
perf_user_982,perf123456
perf_user_983,perf123456
perf_user_984,perf123456
perf_user_985,perf123456
perf_user_986,perf123456
perf_user_987,perf123456
perf_user_988,perf123456
perf_user_989,perf123456
perf_user_990,perf123456
perf_user_991,perf123456
perf_user_992,perf123456
perf_user_993,perf123456
perf_user_994,perf123456
perf_user_995,perf123456
perf_user_996,perf123456
perf_user_997,perf123456
perf_user_998,perf123456
perf_user_999,perf123456
perf_user_1000,perf123456
perf_user_1001,perf123456
perf_user_1002,perf123456
perf_user_1003,perf123456
perf_user_1004,perf123456
perf_user_1005,perf123456
perf_user_1006,perf123456
perf_user_1007,perf123456
perf_user_1008,perf123456
perf_user_1009,perf123456
perf_user_1010,perf123456
perf_user_1011,perf123456
perf_user_1012,perf123456
perf_user_1013,perf123456
perf_user_1014,perf123456
perf_user_1015,perf123456
perf_user_1016,perf123456
perf_user_1017,perf123456
perf_user_1018,perf123456
perf_user_1019,perf123456
perf_user_1020,perf123456
perf_user_1021,perf123456
perf_user_1022,perf123456
perf_user_1023,perf123456
perf_user_1024,perf123456
perf_user_1025,perf123456
perf_user_1026,perf123456
perf_user_1027,perf123456
perf_user_1028,perf123456
perf_user_1029,perf123456
perf_user_1030,perf123456
perf_user_1031,perf123456
perf_user_1032,perf123456
perf_user_1033,perf123456
perf_user_1034,perf123456
perf_user_1035,perf123456
perf_user_1036,perf123456
perf_user_1037,perf123456
perf_user_1038,perf123456
perf_user_1039,perf123456
perf_user_1040,perf123456
perf_user_1041,perf123456
perf_user_1042,perf123456
perf_user_1043,perf123456
perf_user_1044,perf123456
perf_user_1045,perf123456
perf_user_1046,perf123456
perf_user_1047,perf123456
perf_user_1048,perf123456
perf_user_1049,perf123456
perf_user_1050,perf123456
perf_user_1051,perf123456
perf_user_1052,perf123456
perf_user_1053,perf123456
perf_user_1054,perf123456
perf_user_1055,perf123456
perf_user_1056,perf123456
perf_user_1057,perf123456
perf_user_1058,perf123456
perf_user_1059,perf123456
perf_user_1060,perf123456
perf_user_1061,perf123456
perf_user_1062,perf123456
perf_user_1063,perf123456
perf_user_1064,perf123456
perf_user_1065,perf123456
perf_user_1066,perf123456
perf_user_1067,perf123456
perf_user_1068,perf123456
perf_user_1069,perf123456
perf_user_1070,perf123456
perf_user_1071,perf123456
perf_user_1072,perf123456
perf_user_1073,perf123456
perf_user_1074,perf123456
perf_user_1075,perf123456
perf_user_1076,perf123456
perf_user_1077,perf123456
perf_user_1078,perf123456
perf_user_1079,perf123456
perf_user_1080,perf123456
perf_user_1081,perf123456
perf_user_1082,perf123456
perf_user_1083,perf123456
perf_user_1084,perf123456
perf_user_1085,perf123456
perf_user_1086,perf123456
perf_user_1087,perf123456
perf_user_1088,perf123456
perf_user_1089,perf123456
perf_user_1090,perf123456
perf_user_1091,perf123456
perf_user_1092,perf123456
perf_user_1093,perf123456
perf_user_1094,perf123456
perf_user_1095,perf123456
perf_user_1096,perf123456
perf_user_1097,perf123456
perf_user_1098,perf123456
perf_user_1099,perf123456
perf_user_1100,perf123456
perf_user_1101,perf123456
perf_user_1102,perf123456
perf_user_1103,perf123456
perf_user_1104,perf123456
perf_user_1105,perf123456
perf_user_1106,perf123456
perf_user_1107,perf123456
perf_user_1108,perf123456
perf_user_1109,perf123456
perf_user_1110,perf123456
perf_user_1111,perf123456
perf_user_1112,perf123456
perf_user_1113,perf123456
perf_user_1114,perf123456
perf_user_1115,perf123456
perf_user_1116,perf123456
perf_user_1117,perf123456
perf_user_1118,perf123456
perf_user_1119,perf123456
perf_user_1120,perf123456
perf_user_1121,perf123456
perf_user_1122,perf123456
perf_user_1123,perf123456
perf_user_1124,perf123456
perf_user_1125,perf123456
perf_user_1126,perf123456
perf_user_1127,perf123456
perf_user_1128,perf123456
perf_user_1129,perf123456
perf_user_1130,perf123456
perf_user_1131,perf123456
perf_user_1132,perf123456
perf_user_1133,perf123456
perf_user_1134,perf123456
perf_user_1135,perf123456
perf_user_1136,perf123456
perf_user_1137,perf123456
perf_user_1138,perf123456
perf_user_1139,perf123456
perf_user_1140,perf123456
perf_user_1141,perf123456
perf_user_1142,perf123456
perf_user_1143,perf123456
perf_user_1144,perf123456
perf_user_1145,perf123456
perf_user_1146,perf123456
perf_user_1147,perf123456
perf_user_1148,perf123456
perf_user_1149,perf123456
perf_user_1150,perf123456
perf_user_1151,perf123456
perf_user_1152,perf123456
perf_user_1153,perf123456
perf_user_1154,perf123456
perf_user_1155,perf123456
perf_user_1156,perf123456
perf_user_1157,perf123456
perf_user_1158,perf123456
perf_user_1159,perf123456
perf_user_1160,perf123456
perf_user_1161,perf123456
perf_user_1162,perf123456
perf_user_1163,perf123456
perf_user_1164,perf123456
perf_user_1165,perf123456
perf_user_1166,perf123456
perf_user_1167,perf123456
perf_user_1168,perf123456
perf_user_1169,perf123456
perf_user_1170,perf123456
perf_user_1171,perf123456
perf_user_1172,perf123456
perf_user_1173,perf123456
perf_user_1174,perf123456
perf_user_1175,perf123456
perf_user_1176,perf123456
perf_user_1177,perf123456
perf_user_1178,perf123456
perf_user_1179,perf123456
perf_user_1180,perf123456
perf_user_1181,perf123456
perf_user_1182,perf123456
perf_user_1183,perf123456
perf_user_1184,perf123456
perf_user_1185,perf123456
perf_user_1186,perf123456
perf_user_1187,perf123456
perf_user_1188,perf123456
perf_user_1189,perf123456
perf_user_1190,perf123456
perf_user_1191,perf123456
perf_user_1192,perf123456
perf_user_1193,perf123456
perf_user_1194,perf123456
perf_user_1195,perf123456
perf_user_1196,perf123456
perf_user_1197,perf123456
perf_user_1198,perf123456
perf_user_1199,perf123456
perf_user_1200,perf123456
perf_user_1201,perf123456
perf_user_1202,perf123456
perf_user_1203,perf123456
perf_user_1204,perf123456
perf_user_1205,perf123456
perf_user_1206,perf123456
perf_user_1207,perf123456
perf_user_1208,perf123456
perf_user_1209,perf123456
perf_user_1210,perf123456
perf_user_1211,perf123456
perf_user_1212,perf123456
perf_user_1213,perf123456
perf_user_1214,perf123456
perf_user_1215,perf123456
perf_user_1216,perf123456
perf_user_1217,perf123456
perf_user_1218,perf123456
perf_user_1219,perf123456
perf_user_1220,perf123456
perf_user_1221,perf123456
perf_user_1222,perf123456
perf_user_1223,perf123456
perf_user_1224,perf123456
perf_user_1225,perf123456
perf_user_1226,perf123456
perf_user_1227,perf123456
perf_user_1228,perf123456
perf_user_1229,perf123456
perf_user_1230,perf123456
perf_user_1231,perf123456
perf_user_1232,perf123456
perf_user_1233,perf123456
perf_user_1234,perf123456
perf_user_1235,perf123456
perf_user_1236,perf123456
perf_user_1237,perf123456
perf_user_1238,perf123456
perf_user_1239,perf123456
perf_user_1240,perf123456
perf_user_1241,perf123456
perf_user_1242,perf123456
perf_user_1243,perf123456
perf_user_1244,perf123456
perf_user_1245,perf123456
perf_user_1246,perf123456
perf_user_1247,perf123456
perf_user_1248,perf123456
perf_user_1249,perf123456
perf_user_1250,perf123456
perf_user_1251,perf123456
perf_user_1252,perf123456
perf_user_1253,perf123456
perf_user_1254,perf123456
perf_user_1255,perf123456
perf_user_1256,perf123456
perf_user_1257,perf123456
perf_user_1258,perf123456
perf_user_1259,perf123456
perf_user_1260,perf123456
perf_user_1261,perf123456
perf_user_1262,perf123456
perf_user_1263,perf123456
perf_user_1264,perf123456
perf_user_1265,perf123456
perf_user_1266,perf123456
perf_user_1267,perf123456
perf_user_1268,perf123456
perf_user_1269,perf123456
perf_user_1270,perf123456
perf_user_1271,perf123456
perf_user_1272,perf123456
perf_user_1273,perf123456
perf_user_1274,perf123456
perf_user_1275,perf123456
perf_user_1276,perf123456
perf_user_1277,perf123456
perf_user_1278,perf123456
perf_user_1279,perf123456
perf_user_1280,perf123456
perf_user_1281,perf123456
perf_user_1282,perf123456
perf_user_1283,perf123456
perf_user_1284,perf123456
perf_user_1285,perf123456
perf_user_1286,perf123456
perf_user_1287,perf123456
perf_user_1288,perf123456
perf_user_1289,perf123456
perf_user_1290,perf123456
perf_user_1291,perf123456
perf_user_1292,perf123456
perf_user_1293,perf123456
perf_user_1294,perf123456
perf_user_1295,perf123456
perf_user_1296,perf123456
perf_user_1297,perf123456
perf_user_1298,perf123456
perf_user_1299,perf123456
perf_user_1300,perf123456
perf_user_1301,perf123456
perf_user_1302,perf123456
perf_user_1303,perf123456
perf_user_1304,perf123456
perf_user_1305,perf123456
perf_user_1306,perf123456
perf_user_1307,perf123456
perf_user_1308,perf123456
perf_user_1309,perf123456
perf_user_1310,perf123456
perf_user_1311,perf123456
perf_user_1312,perf123456
perf_user_1313,perf123456
perf_user_1314,perf123456
perf_user_1315,perf123456
perf_user_1316,perf123456
perf_user_1317,perf123456
perf_user_1318,perf123456
perf_user_1319,perf123456
perf_user_1320,perf123456
perf_user_1321,perf123456
perf_user_1322,perf123456
perf_user_1323,perf123456
perf_user_1324,perf123456
perf_user_1325,perf123456
perf_user_1326,perf123456
perf_user_1327,perf123456
perf_user_1328,perf123456
perf_user_1329,perf123456
perf_user_1330,perf123456
perf_user_1331,perf123456
perf_user_1332,perf123456
perf_user_1333,perf123456
perf_user_1334,perf123456
perf_user_1335,perf123456
perf_user_1336,perf123456
perf_user_1337,perf123456
perf_user_1338,perf123456
perf_user_1339,perf123456
perf_user_1340,perf123456
perf_user_1341,perf123456
perf_user_1342,perf123456
perf_user_1343,perf123456
perf_user_1344,perf123456
perf_user_1345,perf123456
perf_user_1346,perf123456
perf_user_1347,perf123456
perf_user_1348,perf123456
perf_user_1349,perf123456
perf_user_1350,perf123456
perf_user_1351,perf123456
perf_user_1352,perf123456
perf_user_1353,perf123456
perf_user_1354,perf123456
perf_user_1355,perf123456
perf_user_1356,perf123456
perf_user_1357,perf123456
perf_user_1358,perf123456
perf_user_1359,perf123456
perf_user_1360,perf123456
perf_user_1361,perf123456
perf_user_1362,perf123456
perf_user_1363,perf123456
perf_user_1364,perf123456
perf_user_1365,perf123456
perf_user_1366,perf123456
perf_user_1367,perf123456
perf_user_1368,perf123456
perf_user_1369,perf123456
perf_user_1370,perf123456
perf_user_1371,perf123456
perf_user_1372,perf123456
perf_user_1373,perf123456
perf_user_1374,perf123456
perf_user_1375,perf123456
perf_user_1376,perf123456
perf_user_1377,perf123456
perf_user_1378,perf123456
perf_user_1379,perf123456
perf_user_1380,perf123456
perf_user_1381,perf123456
perf_user_1382,perf123456
perf_user_1383,perf123456
perf_user_1384,perf123456
perf_user_1385,perf123456
perf_user_1386,perf123456
perf_user_1387,perf123456
perf_user_1388,perf123456
perf_user_1389,perf123456
perf_user_1390,perf123456
perf_user_1391,perf123456
perf_user_1392,perf123456
perf_user_1393,perf123456
perf_user_1394,perf123456
perf_user_1395,perf123456
perf_user_1396,perf123456
perf_user_1397,perf123456
perf_user_1398,perf123456
perf_user_1399,perf123456
perf_user_1400,perf123456
perf_user_1401,perf123456
perf_user_1402,perf123456
perf_user_1403,perf123456
perf_user_1404,perf123456
perf_user_1405,perf123456
perf_user_1406,perf123456
perf_user_1407,perf123456
perf_user_1408,perf123456
perf_user_1409,perf123456
perf_user_1410,perf123456
perf_user_1411,perf123456
perf_user_1412,perf123456
perf_user_1413,perf123456
perf_user_1414,perf123456
perf_user_1415,perf123456
perf_user_1416,perf123456
perf_user_1417,perf123456
perf_user_1418,perf123456
perf_user_1419,perf123456
perf_user_1420,perf123456
perf_user_1421,perf123456
perf_user_1422,perf123456
perf_user_1423,perf123456
perf_user_1424,perf123456
perf_user_1425,perf123456
perf_user_1426,perf123456
perf_user_1427,perf123456
perf_user_1428,perf123456
perf_user_1429,perf123456
perf_user_1430,perf123456
perf_user_1431,perf123456
perf_user_1432,perf123456
perf_user_1433,perf123456
perf_user_1434,perf123456
perf_user_1435,perf123456
perf_user_1436,perf123456
perf_user_1437,perf123456
perf_user_1438,perf123456
perf_user_1439,perf123456
perf_user_1440,perf123456
perf_user_1441,perf123456
perf_user_1442,perf123456
perf_user_1443,perf123456
perf_user_1444,perf123456
perf_user_1445,perf123456
perf_user_1446,perf123456
perf_user_1447,perf123456
perf_user_1448,perf123456
perf_user_1449,perf123456
perf_user_1450,perf123456
perf_user_1451,perf123456
perf_user_1452,perf123456
perf_user_1453,perf123456
perf_user_1454,perf123456
perf_user_1455,perf123456
perf_user_1456,perf123456
perf_user_1457,perf123456
perf_user_1458,perf123456
perf_user_1459,perf123456
perf_user_1460,perf123456
perf_user_1461,perf123456
perf_user_1462,perf123456
perf_user_1463,perf123456
perf_user_1464,perf123456
perf_user_1465,perf123456
perf_user_1466,perf123456
perf_user_1467,perf123456
perf_user_1468,perf123456
perf_user_1469,perf123456
perf_user_1470,perf123456
perf_user_1471,perf123456
perf_user_1472,perf123456
perf_user_1473,perf123456
perf_user_1474,perf123456
perf_user_1475,perf123456
perf_user_1476,perf123456
perf_user_1477,perf123456
perf_user_1478,perf123456
perf_user_1479,perf123456
perf_user_1480,perf123456
perf_user_1481,perf123456
perf_user_1482,perf123456
perf_user_1483,perf123456
perf_user_1484,perf123456
perf_user_1485,perf123456
perf_user_1486,perf123456
perf_user_1487,perf123456
perf_user_1488,perf123456
perf_user_1489,perf123456
perf_user_1490,perf123456
perf_user_1491,perf123456
perf_user_1492,perf123456
perf_user_1493,perf123456
perf_user_1494,perf123456
perf_user_1495,perf123456
perf_user_1496,perf123456
perf_user_1497,perf123456
perf_user_1498,perf123456
perf_user_1499,perf123456
perf_user_1500,perf123456
perf_user_1501,perf123456
perf_user_1502,perf123456
perf_user_1503,perf123456
perf_user_1504,perf123456
perf_user_1505,perf123456
perf_user_1506,perf123456
perf_user_1507,perf123456
perf_user_1508,perf123456
perf_user_1509,perf123456
perf_user_1510,perf123456
perf_user_1511,perf123456
perf_user_1512,perf123456
perf_user_1513,perf123456
perf_user_1514,perf123456
perf_user_1515,perf123456
perf_user_1516,perf123456
perf_user_1517,perf123456
perf_user_1518,perf123456
perf_user_1519,perf123456
perf_user_1520,perf123456
perf_user_1521,perf123456
perf_user_1522,perf123456
perf_user_1523,perf123456
perf_user_1524,perf123456
perf_user_1525,perf123456
perf_user_1526,perf123456
perf_user_1527,perf123456
perf_user_1528,perf123456
perf_user_1529,perf123456
perf_user_1530,perf123456
perf_user_1531,perf123456
perf_user_1532,perf123456
perf_user_1533,perf123456
perf_user_1534,perf123456
perf_user_1535,perf123456
perf_user_1536,perf123456
perf_user_1537,perf123456
perf_user_1538,perf123456
perf_user_1539,perf123456
perf_user_1540,perf123456
perf_user_1541,perf123456
perf_user_1542,perf123456
perf_user_1543,perf123456
perf_user_1544,perf123456
perf_user_1545,perf123456
perf_user_1546,perf123456
perf_user_1547,perf123456
perf_user_1548,perf123456
perf_user_1549,perf123456
perf_user_1550,perf123456
perf_user_1551,perf123456
perf_user_1552,perf123456
perf_user_1553,perf123456
perf_user_1554,perf123456
perf_user_1555,perf123456
perf_user_1556,perf123456
perf_user_1557,perf123456
perf_user_1558,perf123456
perf_user_1559,perf123456
perf_user_1560,perf123456
perf_user_1561,perf123456
perf_user_1562,perf123456
perf_user_1563,perf123456
perf_user_1564,perf123456
perf_user_1565,perf123456
perf_user_1566,perf123456
perf_user_1567,perf123456
perf_user_1568,perf123456
perf_user_1569,perf123456
perf_user_1570,perf123456
perf_user_1571,perf123456
perf_user_1572,perf123456
perf_user_1573,perf123456
perf_user_1574,perf123456
perf_user_1575,perf123456
perf_user_1576,perf123456
perf_user_1577,perf123456
perf_user_1578,perf123456
perf_user_1579,perf123456
perf_user_1580,perf123456
perf_user_1581,perf123456
perf_user_1582,perf123456
perf_user_1583,perf123456
perf_user_1584,perf123456
perf_user_1585,perf123456
perf_user_1586,perf123456
perf_user_1587,perf123456
perf_user_1588,perf123456
perf_user_1589,perf123456
perf_user_1590,perf123456
perf_user_1591,perf123456
perf_user_1592,perf123456
perf_user_1593,perf123456
perf_user_1594,perf123456
perf_user_1595,perf123456
perf_user_1596,perf123456
perf_user_1597,perf123456
perf_user_1598,perf123456
perf_user_1599,perf123456
perf_user_1600,perf123456
perf_user_1601,perf123456
perf_user_1602,perf123456
perf_user_1603,perf123456
perf_user_1604,perf123456
perf_user_1605,perf123456
perf_user_1606,perf123456
perf_user_1607,perf123456
perf_user_1608,perf123456
perf_user_1609,perf123456
perf_user_1610,perf123456
perf_user_1611,perf123456
perf_user_1612,perf123456
perf_user_1613,perf123456
perf_user_1614,perf123456
perf_user_1615,perf123456
perf_user_1616,perf123456
perf_user_1617,perf123456
perf_user_1618,perf123456
perf_user_1619,perf123456
perf_user_1620,perf123456
perf_user_1621,perf123456
perf_user_1622,perf123456
perf_user_1623,perf123456
perf_user_1624,perf123456
perf_user_1625,perf123456
perf_user_1626,perf123456
perf_user_1627,perf123456
perf_user_1628,perf123456
perf_user_1629,perf123456
perf_user_1630,perf123456
perf_user_1631,perf123456
perf_user_1632,perf123456
perf_user_1633,perf123456
perf_user_1634,perf123456
perf_user_1635,perf123456
perf_user_1636,perf123456
perf_user_1637,perf123456
perf_user_1638,perf123456
perf_user_1639,perf123456
perf_user_1640,perf123456
perf_user_1641,perf123456
perf_user_1642,perf123456
perf_user_1643,perf123456
perf_user_1644,perf123456
perf_user_1645,perf123456
perf_user_1646,perf123456
perf_user_1647,perf123456
perf_user_1648,perf123456
perf_user_1649,perf123456
perf_user_1650,perf123456
perf_user_1651,perf123456
perf_user_1652,perf123456
perf_user_1653,perf123456
perf_user_1654,perf123456
perf_user_1655,perf123456
perf_user_1656,perf123456
perf_user_1657,perf123456
perf_user_1658,perf123456
perf_user_1659,perf123456
perf_user_1660,perf123456
perf_user_1661,perf123456
perf_user_1662,perf123456
perf_user_1663,perf123456
perf_user_1664,perf123456
perf_user_1665,perf123456
perf_user_1666,perf123456
perf_user_1667,perf123456
perf_user_1668,perf123456
perf_user_1669,perf123456
perf_user_1670,perf123456
perf_user_1671,perf123456
perf_user_1672,perf123456
perf_user_1673,perf123456
perf_user_1674,perf123456
perf_user_1675,perf123456
perf_user_1676,perf123456
perf_user_1677,perf123456
perf_user_1678,perf123456
perf_user_1679,perf123456
perf_user_1680,perf123456
perf_user_1681,perf123456
perf_user_1682,perf123456
perf_user_1683,perf123456
perf_user_1684,perf123456
perf_user_1685,perf123456
perf_user_1686,perf123456
perf_user_1687,perf123456
perf_user_1688,perf123456
perf_user_1689,perf123456
perf_user_1690,perf123456
perf_user_1691,perf123456
perf_user_1692,perf123456
perf_user_1693,perf123456
perf_user_1694,perf123456
perf_user_1695,perf123456
perf_user_1696,perf123456
perf_user_1697,perf123456
perf_user_1698,perf123456
perf_user_1699,perf123456
perf_user_1700,perf123456
perf_user_1701,perf123456
perf_user_1702,perf123456
perf_user_1703,perf123456
perf_user_1704,perf123456
perf_user_1705,perf123456
perf_user_1706,perf123456
perf_user_1707,perf123456
perf_user_1708,perf123456
perf_user_1709,perf123456
perf_user_1710,perf123456
perf_user_1711,perf123456
perf_user_1712,perf123456
perf_user_1713,perf123456
perf_user_1714,perf123456
perf_user_1715,perf123456
perf_user_1716,perf123456
perf_user_1717,perf123456
perf_user_1718,perf123456
perf_user_1719,perf123456
perf_user_1720,perf123456
perf_user_1721,perf123456
perf_user_1722,perf123456
perf_user_1723,perf123456
perf_user_1724,perf123456
perf_user_1725,perf123456
perf_user_1726,perf123456
perf_user_1727,perf123456
perf_user_1728,perf123456
perf_user_1729,perf123456
perf_user_1730,perf123456
perf_user_1731,perf123456
perf_user_1732,perf123456
perf_user_1733,perf123456
perf_user_1734,perf123456
perf_user_1735,perf123456
perf_user_1736,perf123456
perf_user_1737,perf123456
perf_user_1738,perf123456
perf_user_1739,perf123456
perf_user_1740,perf123456
perf_user_1741,perf123456
perf_user_1742,perf123456
perf_user_1743,perf123456
perf_user_1744,perf123456
perf_user_1745,perf123456
perf_user_1746,perf123456
perf_user_1747,perf123456
perf_user_1748,perf123456
perf_user_1749,perf123456
perf_user_1750,perf123456
perf_user_1751,perf123456
perf_user_1752,perf123456
perf_user_1753,perf123456
perf_user_1754,perf123456
perf_user_1755,perf123456
perf_user_1756,perf123456
perf_user_1757,perf123456
perf_user_1758,perf123456
perf_user_1759,perf123456
perf_user_1760,perf123456
perf_user_1761,perf123456
perf_user_1762,perf123456
perf_user_1763,perf123456
perf_user_1764,perf123456
perf_user_1765,perf123456
perf_user_1766,perf123456
perf_user_1767,perf123456
perf_user_1768,perf123456
perf_user_1769,perf123456
perf_user_1770,perf123456
perf_user_1771,perf123456
perf_user_1772,perf123456
perf_user_1773,perf123456
perf_user_1774,perf123456
perf_user_1775,perf123456
perf_user_1776,perf123456
perf_user_1777,perf123456
perf_user_1778,perf123456
perf_user_1779,perf123456
perf_user_1780,perf123456
perf_user_1781,perf123456
perf_user_1782,perf123456
perf_user_1783,perf123456
perf_user_1784,perf123456
perf_user_1785,perf123456
perf_user_1786,perf123456
perf_user_1787,perf123456
perf_user_1788,perf123456
perf_user_1789,perf123456
perf_user_1790,perf123456
perf_user_1791,perf123456
perf_user_1792,perf123456
perf_user_1793,perf123456
perf_user_1794,perf123456
perf_user_1795,perf123456
perf_user_1796,perf123456
perf_user_1797,perf123456
perf_user_1798,perf123456
perf_user_1799,perf123456
perf_user_1800,perf123456
perf_user_1801,perf123456
perf_user_1802,perf123456
perf_user_1803,perf123456
perf_user_1804,perf123456
perf_user_1805,perf123456
perf_user_1806,perf123456
perf_user_1807,perf123456
perf_user_1808,perf123456
perf_user_1809,perf123456
perf_user_1810,perf123456
perf_user_1811,perf123456
perf_user_1812,perf123456
perf_user_1813,perf123456
perf_user_1814,perf123456
perf_user_1815,perf123456
perf_user_1816,perf123456
perf_user_1817,perf123456
perf_user_1818,perf123456
perf_user_1819,perf123456
perf_user_1820,perf123456
perf_user_1821,perf123456
perf_user_1822,perf123456
perf_user_1823,perf123456
perf_user_1824,perf123456
perf_user_1825,perf123456
perf_user_1826,perf123456
perf_user_1827,perf123456
perf_user_1828,perf123456
perf_user_1829,perf123456
perf_user_1830,perf123456
perf_user_1831,perf123456
perf_user_1832,perf123456
perf_user_1833,perf123456
perf_user_1834,perf123456
perf_user_1835,perf123456
perf_user_1836,perf123456
perf_user_1837,perf123456
perf_user_1838,perf123456
perf_user_1839,perf123456
perf_user_1840,perf123456
perf_user_1841,perf123456
perf_user_1842,perf123456
perf_user_1843,perf123456
perf_user_1844,perf123456
perf_user_1845,perf123456
perf_user_1846,perf123456
perf_user_1847,perf123456
perf_user_1848,perf123456
perf_user_1849,perf123456
perf_user_1850,perf123456
perf_user_1851,perf123456
perf_user_1852,perf123456
perf_user_1853,perf123456
perf_user_1854,perf123456
perf_user_1855,perf123456
perf_user_1856,perf123456
perf_user_1857,perf123456
perf_user_1858,perf123456
perf_user_1859,perf123456
perf_user_1860,perf123456
perf_user_1861,perf123456
perf_user_1862,perf123456
perf_user_1863,perf123456
perf_user_1864,perf123456
perf_user_1865,perf123456
perf_user_1866,perf123456
perf_user_1867,perf123456
perf_user_1868,perf123456
perf_user_1869,perf123456
perf_user_1870,perf123456
perf_user_1871,perf123456
perf_user_1872,perf123456
perf_user_1873,perf123456
perf_user_1874,perf123456
perf_user_1875,perf123456
perf_user_1876,perf123456
perf_user_1877,perf123456
perf_user_1878,perf123456
perf_user_1879,perf123456
perf_user_1880,perf123456
perf_user_1881,perf123456
perf_user_1882,perf123456
perf_user_1883,perf123456
perf_user_1884,perf123456
perf_user_1885,perf123456
perf_user_1886,perf123456
perf_user_1887,perf123456
perf_user_1888,perf123456
perf_user_1889,perf123456
perf_user_1890,perf123456
perf_user_1891,perf123456
perf_user_1892,perf123456
perf_user_1893,perf123456
perf_user_1894,perf123456
perf_user_1895,perf123456
perf_user_1896,perf123456
perf_user_1897,perf123456
perf_user_1898,perf123456
perf_user_1899,perf123456
perf_user_1900,perf123456
perf_user_1901,perf123456
perf_user_1902,perf123456
perf_user_1903,perf123456
perf_user_1904,perf123456
perf_user_1905,perf123456
perf_user_1906,perf123456
perf_user_1907,perf123456
perf_user_1908,perf123456
perf_user_1909,perf123456
perf_user_1910,perf123456
perf_user_1911,perf123456
perf_user_1912,perf123456
perf_user_1913,perf123456
perf_user_1914,perf123456
perf_user_1915,perf123456
perf_user_1916,perf123456
perf_user_1917,perf123456
perf_user_1918,perf123456
perf_user_1919,perf123456
perf_user_1920,perf123456
perf_user_1921,perf123456
perf_user_1922,perf123456
perf_user_1923,perf123456
perf_user_1924,perf123456
perf_user_1925,perf123456
perf_user_1926,perf123456
perf_user_1927,perf123456
perf_user_1928,perf123456
perf_user_1929,perf123456
perf_user_1930,perf123456
perf_user_1931,perf123456
perf_user_1932,perf123456
perf_user_1933,perf123456
perf_user_1934,perf123456
perf_user_1935,perf123456
perf_user_1936,perf123456
perf_user_1937,perf123456
perf_user_1938,perf123456
perf_user_1939,perf123456
perf_user_1940,perf123456
perf_user_1941,perf123456
perf_user_1942,perf123456
perf_user_1943,perf123456
perf_user_1944,perf123456
perf_user_1945,perf123456
perf_user_1946,perf123456
perf_user_1947,perf123456
perf_user_1948,perf123456
perf_user_1949,perf123456
perf_user_1950,perf123456
perf_user_1951,perf123456
perf_user_1952,perf123456
perf_user_1953,perf123456
perf_user_1954,perf123456
perf_user_1955,perf123456
perf_user_1956,perf123456
perf_user_1957,perf123456
perf_user_1958,perf123456
perf_user_1959,perf123456
perf_user_1960,perf123456
perf_user_1961,perf123456
perf_user_1962,perf123456
perf_user_1963,perf123456
perf_user_1964,perf123456
perf_user_1965,perf123456
perf_user_1966,perf123456
perf_user_1967,perf123456
perf_user_1968,perf123456
perf_user_1969,perf123456
perf_user_1970,perf123456
perf_user_1971,perf123456
perf_user_1972,perf123456
perf_user_1973,perf123456
perf_user_1974,perf123456
perf_user_1975,perf123456
perf_user_1976,perf123456
perf_user_1977,perf123456
perf_user_1978,perf123456
perf_user_1979,perf123456
perf_user_1980,perf123456
perf_user_1981,perf123456
perf_user_1982,perf123456
perf_user_1983,perf123456
perf_user_1984,perf123456
perf_user_1985,perf123456
perf_user_1986,perf123456
perf_user_1987,perf123456
perf_user_1988,perf123456
perf_user_1989,perf123456
perf_user_1990,perf123456
perf_user_1991,perf123456
perf_user_1992,perf123456
perf_user_1993,perf123456
perf_user_1994,perf123456
perf_user_1995,perf123456
perf_user_1996,perf123456
perf_user_1997,perf123456
perf_user_1998,perf123456
perf_user_1999,perf123456
perf_user_2000,perf123456
perf_user_2001,perf123456
perf_user_2002,perf123456
perf_user_2003,perf123456
perf_user_2004,perf123456
perf_user_2005,perf123456
perf_user_2006,perf123456
perf_user_2007,perf123456
perf_user_2008,perf123456
perf_user_2009,perf123456
perf_user_2010,perf123456
perf_user_2011,perf123456
perf_user_2012,perf123456
perf_user_2013,perf123456
perf_user_2014,perf123456
perf_user_2015,perf123456
perf_user_2016,perf123456
perf_user_2017,perf123456
perf_user_2018,perf123456
perf_user_2019,perf123456
perf_user_2020,perf123456
perf_user_2021,perf123456
perf_user_2022,perf123456
perf_user_2023,perf123456
perf_user_2024,perf123456
perf_user_2025,perf123456
perf_user_2026,perf123456
perf_user_2027,perf123456
perf_user_2028,perf123456
perf_user_2029,perf123456
perf_user_2030,perf123456
perf_user_2031,perf123456
perf_user_2032,perf123456
perf_user_2033,perf123456
perf_user_2034,perf123456
perf_user_2035,perf123456
perf_user_2036,perf123456
perf_user_2037,perf123456
perf_user_2038,perf123456
perf_user_2039,perf123456
perf_user_2040,perf123456
perf_user_2041,perf123456
perf_user_2042,perf123456
perf_user_2043,perf123456
perf_user_2044,perf123456
perf_user_2045,perf123456
perf_user_2046,perf123456
perf_user_2047,perf123456
perf_user_2048,perf123456
perf_user_2049,perf123456
perf_user_2050,perf123456
perf_user_2051,perf123456
perf_user_2052,perf123456
perf_user_2053,perf123456
perf_user_2054,perf123456
perf_user_2055,perf123456
perf_user_2056,perf123456
perf_user_2057,perf123456
perf_user_2058,perf123456
perf_user_2059,perf123456
perf_user_2060,perf123456
perf_user_2061,perf123456
perf_user_2062,perf123456
perf_user_2063,perf123456
perf_user_2064,perf123456
perf_user_2065,perf123456
perf_user_2066,perf123456
perf_user_2067,perf123456
perf_user_2068,perf123456
perf_user_2069,perf123456
perf_user_2070,perf123456
perf_user_2071,perf123456
perf_user_2072,perf123456
perf_user_2073,perf123456
perf_user_2074,perf123456
perf_user_2075,perf123456
perf_user_2076,perf123456
perf_user_2077,perf123456
perf_user_2078,perf123456
perf_user_2079,perf123456
perf_user_2080,perf123456
perf_user_2081,perf123456
perf_user_2082,perf123456
perf_user_2083,perf123456
perf_user_2084,perf123456
perf_user_2085,perf123456
perf_user_2086,perf123456
perf_user_2087,perf123456
perf_user_2088,perf123456
perf_user_2089,perf123456
perf_user_2090,perf123456
perf_user_2091,perf123456
perf_user_2092,perf123456
perf_user_2093,perf123456
perf_user_2094,perf123456
perf_user_2095,perf123456
perf_user_2096,perf123456
perf_user_2097,perf123456
perf_user_2098,perf123456
perf_user_2099,perf123456
perf_user_2100,perf123456
perf_user_2101,perf123456
perf_user_2102,perf123456
perf_user_2103,perf123456
perf_user_2104,perf123456
perf_user_2105,perf123456
perf_user_2106,perf123456
perf_user_2107,perf123456
perf_user_2108,perf123456
perf_user_2109,perf123456
perf_user_2110,perf123456
perf_user_2111,perf123456
perf_user_2112,perf123456
perf_user_2113,perf123456
perf_user_2114,perf123456
perf_user_2115,perf123456
perf_user_2116,perf123456
perf_user_2117,perf123456
perf_user_2118,perf123456
perf_user_2119,perf123456
perf_user_2120,perf123456
perf_user_2121,perf123456
perf_user_2122,perf123456
perf_user_2123,perf123456
perf_user_2124,perf123456
perf_user_2125,perf123456
perf_user_2126,perf123456
perf_user_2127,perf123456
perf_user_2128,perf123456
perf_user_2129,perf123456
perf_user_2130,perf123456
perf_user_2131,perf123456
perf_user_2132,perf123456
perf_user_2133,perf123456
perf_user_2134,perf123456
perf_user_2135,perf123456
perf_user_2136,perf123456
perf_user_2137,perf123456
perf_user_2138,perf123456
perf_user_2139,perf123456
perf_user_2140,perf123456
perf_user_2141,perf123456
perf_user_2142,perf123456
perf_user_2143,perf123456
perf_user_2144,perf123456
perf_user_2145,perf123456
perf_user_2146,perf123456
perf_user_2147,perf123456
perf_user_2148,perf123456
perf_user_2149,perf123456
perf_user_2150,perf123456
perf_user_2151,perf123456
perf_user_2152,perf123456
perf_user_2153,perf123456
perf_user_2154,perf123456
perf_user_2155,perf123456
perf_user_2156,perf123456
perf_user_2157,perf123456
perf_user_2158,perf123456
perf_user_2159,perf123456
perf_user_2160,perf123456
perf_user_2161,perf123456
perf_user_2162,perf123456
perf_user_2163,perf123456
perf_user_2164,perf123456
perf_user_2165,perf123456
perf_user_2166,perf123456
perf_user_2167,perf123456
perf_user_2168,perf123456
perf_user_2169,perf123456
perf_user_2170,perf123456
perf_user_2171,perf123456
perf_user_2172,perf123456
perf_user_2173,perf123456
perf_user_2174,perf123456
perf_user_2175,perf123456
perf_user_2176,perf123456
perf_user_2177,perf123456
perf_user_2178,perf123456
perf_user_2179,perf123456
perf_user_2180,perf123456
perf_user_2181,perf123456
perf_user_2182,perf123456
perf_user_2183,perf123456
perf_user_2184,perf123456
perf_user_2185,perf123456
perf_user_2186,perf123456
perf_user_2187,perf123456
perf_user_2188,perf123456
perf_user_2189,perf123456
perf_user_2190,perf123456
perf_user_2191,perf123456
perf_user_2192,perf123456
perf_user_2193,perf123456
perf_user_2194,perf123456
perf_user_2195,perf123456
perf_user_2196,perf123456
perf_user_2197,perf123456
perf_user_2198,perf123456
perf_user_2199,perf123456
perf_user_2200,perf123456
perf_user_2201,perf123456
perf_user_2202,perf123456
perf_user_2203,perf123456
perf_user_2204,perf123456
perf_user_2205,perf123456
perf_user_2206,perf123456
perf_user_2207,perf123456
perf_user_2208,perf123456
perf_user_2209,perf123456
perf_user_2210,perf123456
perf_user_2211,perf123456
perf_user_2212,perf123456
perf_user_2213,perf123456
perf_user_2214,perf123456
perf_user_2215,perf123456
perf_user_2216,perf123456
perf_user_2217,perf123456
perf_user_2218,perf123456
perf_user_2219,perf123456
perf_user_2220,perf123456
perf_user_2221,perf123456
perf_user_2222,perf123456
perf_user_2223,perf123456
perf_user_2224,perf123456
perf_user_2225,perf123456
perf_user_2226,perf123456
perf_user_2227,perf123456
perf_user_2228,perf123456
perf_user_2229,perf123456
perf_user_2230,perf123456
perf_user_2231,perf123456
perf_user_2232,perf123456
perf_user_2233,perf123456
perf_user_2234,perf123456
perf_user_2235,perf123456
perf_user_2236,perf123456
perf_user_2237,perf123456
perf_user_2238,perf123456
perf_user_2239,perf123456
perf_user_2240,perf123456
perf_user_2241,perf123456
perf_user_2242,perf123456
perf_user_2243,perf123456
perf_user_2244,perf123456
perf_user_2245,perf123456
perf_user_2246,perf123456
perf_user_2247,perf123456
perf_user_2248,perf123456
perf_user_2249,perf123456
perf_user_2250,perf123456
perf_user_2251,perf123456
perf_user_2252,perf123456
perf_user_2253,perf123456
perf_user_2254,perf123456
perf_user_2255,perf123456
perf_user_2256,perf123456
perf_user_2257,perf123456
perf_user_2258,perf123456
perf_user_2259,perf123456
perf_user_2260,perf123456
perf_user_2261,perf123456
perf_user_2262,perf123456
perf_user_2263,perf123456
perf_user_2264,perf123456
perf_user_2265,perf123456
perf_user_2266,perf123456
perf_user_2267,perf123456
perf_user_2268,perf123456
perf_user_2269,perf123456
perf_user_2270,perf123456
perf_user_2271,perf123456
perf_user_2272,perf123456
perf_user_2273,perf123456
perf_user_2274,perf123456
perf_user_2275,perf123456
perf_user_2276,perf123456
perf_user_2277,perf123456
perf_user_2278,perf123456
perf_user_2279,perf123456
perf_user_2280,perf123456
perf_user_2281,perf123456
perf_user_2282,perf123456
perf_user_2283,perf123456
perf_user_2284,perf123456
perf_user_2285,perf123456
perf_user_2286,perf123456
perf_user_2287,perf123456
perf_user_2288,perf123456
perf_user_2289,perf123456
perf_user_2290,perf123456
perf_user_2291,perf123456
perf_user_2292,perf123456
perf_user_2293,perf123456
perf_user_2294,perf123456
perf_user_2295,perf123456
perf_user_2296,perf123456
perf_user_2297,perf123456
perf_user_2298,perf123456
perf_user_2299,perf123456
perf_user_2300,perf123456
perf_user_2301,perf123456
perf_user_2302,perf123456
perf_user_2303,perf123456
perf_user_2304,perf123456
perf_user_2305,perf123456
perf_user_2306,perf123456
perf_user_2307,perf123456
perf_user_2308,perf123456
perf_user_2309,perf123456
perf_user_2310,perf123456
perf_user_2311,perf123456
perf_user_2312,perf123456
perf_user_2313,perf123456
perf_user_2314,perf123456
perf_user_2315,perf123456
perf_user_2316,perf123456
perf_user_2317,perf123456
perf_user_2318,perf123456
perf_user_2319,perf123456
perf_user_2320,perf123456
perf_user_2321,perf123456
perf_user_2322,perf123456
perf_user_2323,perf123456
perf_user_2324,perf123456
perf_user_2325,perf123456
perf_user_2326,perf123456
perf_user_2327,perf123456
perf_user_2328,perf123456
perf_user_2329,perf123456
perf_user_2330,perf123456
perf_user_2331,perf123456
perf_user_2332,perf123456
perf_user_2333,perf123456
perf_user_2334,perf123456
perf_user_2335,perf123456
perf_user_2336,perf123456
perf_user_2337,perf123456
perf_user_2338,perf123456
perf_user_2339,perf123456
perf_user_2340,perf123456
perf_user_2341,perf123456
perf_user_2342,perf123456
perf_user_2343,perf123456
perf_user_2344,perf123456
perf_user_2345,perf123456
perf_user_2346,perf123456
perf_user_2347,perf123456
perf_user_2348,perf123456
perf_user_2349,perf123456
perf_user_2350,perf123456
perf_user_2351,perf123456
perf_user_2352,perf123456
perf_user_2353,perf123456
perf_user_2354,perf123456
perf_user_2355,perf123456
perf_user_2356,perf123456
perf_user_2357,perf123456
perf_user_2358,perf123456
perf_user_2359,perf123456
perf_user_2360,perf123456
perf_user_2361,perf123456
perf_user_2362,perf123456
perf_user_2363,perf123456
perf_user_2364,perf123456
perf_user_2365,perf123456
perf_user_2366,perf123456
perf_user_2367,perf123456
perf_user_2368,perf123456
perf_user_2369,perf123456
perf_user_2370,perf123456
perf_user_2371,perf123456
perf_user_2372,perf123456
perf_user_2373,perf123456
perf_user_2374,perf123456
perf_user_2375,perf123456
perf_user_2376,perf123456
perf_user_2377,perf123456
perf_user_2378,perf123456
perf_user_2379,perf123456
perf_user_2380,perf123456
perf_user_2381,perf123456
perf_user_2382,perf123456
perf_user_2383,perf123456
perf_user_2384,perf123456
perf_user_2385,perf123456
perf_user_2386,perf123456
perf_user_2387,perf123456
perf_user_2388,perf123456
perf_user_2389,perf123456
perf_user_2390,perf123456
perf_user_2391,perf123456
perf_user_2392,perf123456
perf_user_2393,perf123456
perf_user_2394,perf123456
perf_user_2395,perf123456
perf_user_2396,perf123456
perf_user_2397,perf123456
perf_user_2398,perf123456
perf_user_2399,perf123456
perf_user_2400,perf123456
perf_user_2401,perf123456
perf_user_2402,perf123456
perf_user_2403,perf123456
perf_user_2404,perf123456
perf_user_2405,perf123456
perf_user_2406,perf123456
perf_user_2407,perf123456
perf_user_2408,perf123456
perf_user_2409,perf123456
perf_user_2410,perf123456
perf_user_2411,perf123456
perf_user_2412,perf123456
perf_user_2413,perf123456
perf_user_2414,perf123456
perf_user_2415,perf123456
perf_user_2416,perf123456
perf_user_2417,perf123456
perf_user_2418,perf123456
perf_user_2419,perf123456
perf_user_2420,perf123456
perf_user_2421,perf123456
perf_user_2422,perf123456
perf_user_2423,perf123456
perf_user_2424,perf123456
perf_user_2425,perf123456
perf_user_2426,perf123456
perf_user_2427,perf123456
perf_user_2428,perf123456
perf_user_2429,perf123456
perf_user_2430,perf123456
perf_user_2431,perf123456
perf_user_2432,perf123456
perf_user_2433,perf123456
perf_user_2434,perf123456
perf_user_2435,perf123456
perf_user_2436,perf123456
perf_user_2437,perf123456
perf_user_2438,perf123456
perf_user_2439,perf123456
perf_user_2440,perf123456
perf_user_2441,perf123456
perf_user_2442,perf123456
perf_user_2443,perf123456
perf_user_2444,perf123456
perf_user_2445,perf123456
perf_user_2446,perf123456
perf_user_2447,perf123456
perf_user_2448,perf123456
perf_user_2449,perf123456
perf_user_2450,perf123456
perf_user_2451,perf123456
perf_user_2452,perf123456
perf_user_2453,perf123456
perf_user_2454,perf123456
perf_user_2455,perf123456
perf_user_2456,perf123456
perf_user_2457,perf123456
perf_user_2458,perf123456
perf_user_2459,perf123456
perf_user_2460,perf123456
perf_user_2461,perf123456
perf_user_2462,perf123456
perf_user_2463,perf123456
perf_user_2464,perf123456
perf_user_2465,perf123456
perf_user_2466,perf123456
perf_user_2467,perf123456
perf_user_2468,perf123456
perf_user_2469,perf123456
perf_user_2470,perf123456
perf_user_2471,perf123456
perf_user_2472,perf123456
perf_user_2473,perf123456
perf_user_2474,perf123456
perf_user_2475,perf123456
perf_user_2476,perf123456
perf_user_2477,perf123456
perf_user_2478,perf123456
perf_user_2479,perf123456
perf_user_2480,perf123456
perf_user_2481,perf123456
perf_user_2482,perf123456
perf_user_2483,perf123456
perf_user_2484,perf123456
perf_user_2485,perf123456
perf_user_2486,perf123456
perf_user_2487,perf123456
perf_user_2488,perf123456
perf_user_2489,perf123456
perf_user_2490,perf123456
perf_user_2491,perf123456
perf_user_2492,perf123456
perf_user_2493,perf123456
perf_user_2494,perf123456
perf_user_2495,perf123456
perf_user_2496,perf123456
perf_user_2497,perf123456
perf_user_2498,perf123456
perf_user_2499,perf123456
perf_user_2500,perf123456
perf_user_2501,perf123456
perf_user_2502,perf123456
perf_user_2503,perf123456
perf_user_2504,perf123456
perf_user_2505,perf123456
perf_user_2506,perf123456
perf_user_2507,perf123456
perf_user_2508,perf123456
perf_user_2509,perf123456
perf_user_2510,perf123456
perf_user_2511,perf123456
perf_user_2512,perf123456
perf_user_2513,perf123456
perf_user_2514,perf123456
perf_user_2515,perf123456
perf_user_2516,perf123456
perf_user_2517,perf123456
perf_user_2518,perf123456
perf_user_2519,perf123456
perf_user_2520,perf123456
perf_user_2521,perf123456
perf_user_2522,perf123456
perf_user_2523,perf123456
perf_user_2524,perf123456
perf_user_2525,perf123456
perf_user_2526,perf123456
perf_user_2527,perf123456
perf_user_2528,perf123456
perf_user_2529,perf123456
perf_user_2530,perf123456
perf_user_2531,perf123456
perf_user_2532,perf123456
perf_user_2533,perf123456
perf_user_2534,perf123456
perf_user_2535,perf123456
perf_user_2536,perf123456
perf_user_2537,perf123456
perf_user_2538,perf123456
perf_user_2539,perf123456
perf_user_2540,perf123456
perf_user_2541,perf123456
perf_user_2542,perf123456
perf_user_2543,perf123456
perf_user_2544,perf123456
perf_user_2545,perf123456
perf_user_2546,perf123456
perf_user_2547,perf123456
perf_user_2548,perf123456
perf_user_2549,perf123456
perf_user_2550,perf123456
perf_user_2551,perf123456
perf_user_2552,perf123456
perf_user_2553,perf123456
perf_user_2554,perf123456
perf_user_2555,perf123456
perf_user_2556,perf123456
perf_user_2557,perf123456
perf_user_2558,perf123456
perf_user_2559,perf123456
perf_user_2560,perf123456
perf_user_2561,perf123456
perf_user_2562,perf123456
perf_user_2563,perf123456
perf_user_2564,perf123456
perf_user_2565,perf123456
perf_user_2566,perf123456
perf_user_2567,perf123456
perf_user_2568,perf123456
perf_user_2569,perf123456
perf_user_2570,perf123456
perf_user_2571,perf123456
perf_user_2572,perf123456
perf_user_2573,perf123456
perf_user_2574,perf123456
perf_user_2575,perf123456
perf_user_2576,perf123456
perf_user_2577,perf123456
perf_user_2578,perf123456
perf_user_2579,perf123456
perf_user_2580,perf123456
perf_user_2581,perf123456
perf_user_2582,perf123456
perf_user_2583,perf123456
perf_user_2584,perf123456
perf_user_2585,perf123456
perf_user_2586,perf123456
perf_user_2587,perf123456
perf_user_2588,perf123456
perf_user_2589,perf123456
perf_user_2590,perf123456
perf_user_2591,perf123456
perf_user_2592,perf123456
perf_user_2593,perf123456
perf_user_2594,perf123456
perf_user_2595,perf123456
perf_user_2596,perf123456
perf_user_2597,perf123456
perf_user_2598,perf123456
perf_user_2599,perf123456
perf_user_2600,perf123456
perf_user_2601,perf123456
perf_user_2602,perf123456
perf_user_2603,perf123456
perf_user_2604,perf123456
perf_user_2605,perf123456
perf_user_2606,perf123456
perf_user_2607,perf123456
perf_user_2608,perf123456
perf_user_2609,perf123456
perf_user_2610,perf123456
perf_user_2611,perf123456
perf_user_2612,perf123456
perf_user_2613,perf123456
perf_user_2614,perf123456
perf_user_2615,perf123456
perf_user_2616,perf123456
perf_user_2617,perf123456
perf_user_2618,perf123456
perf_user_2619,perf123456
perf_user_2620,perf123456
perf_user_2621,perf123456
perf_user_2622,perf123456
perf_user_2623,perf123456
perf_user_2624,perf123456
perf_user_2625,perf123456
perf_user_2626,perf123456
perf_user_2627,perf123456
perf_user_2628,perf123456
perf_user_2629,perf123456
perf_user_2630,perf123456
perf_user_2631,perf123456
perf_user_2632,perf123456
perf_user_2633,perf123456
perf_user_2634,perf123456
perf_user_2635,perf123456
perf_user_2636,perf123456
perf_user_2637,perf123456
perf_user_2638,perf123456
perf_user_2639,perf123456
perf_user_2640,perf123456
perf_user_2641,perf123456
perf_user_2642,perf123456
perf_user_2643,perf123456
perf_user_2644,perf123456
perf_user_2645,perf123456
perf_user_2646,perf123456
perf_user_2647,perf123456
perf_user_2648,perf123456
perf_user_2649,perf123456
perf_user_2650,perf123456
perf_user_2651,perf123456
perf_user_2652,perf123456
perf_user_2653,perf123456
perf_user_2654,perf123456
perf_user_2655,perf123456
perf_user_2656,perf123456
perf_user_2657,perf123456
perf_user_2658,perf123456
perf_user_2659,perf123456
perf_user_2660,perf123456
perf_user_2661,perf123456
perf_user_2662,perf123456
perf_user_2663,perf123456
perf_user_2664,perf123456
perf_user_2665,perf123456
perf_user_2666,perf123456
perf_user_2667,perf123456
perf_user_2668,perf123456
perf_user_2669,perf123456
perf_user_2670,perf123456
perf_user_2671,perf123456
perf_user_2672,perf123456
perf_user_2673,perf123456
perf_user_2674,perf123456
perf_user_2675,perf123456
perf_user_2676,perf123456
perf_user_2677,perf123456
perf_user_2678,perf123456
perf_user_2679,perf123456
perf_user_2680,perf123456
perf_user_2681,perf123456
perf_user_2682,perf123456
perf_user_2683,perf123456
perf_user_2684,perf123456
perf_user_2685,perf123456
perf_user_2686,perf123456
perf_user_2687,perf123456
perf_user_2688,perf123456
perf_user_2689,perf123456
perf_user_2690,perf123456
perf_user_2691,perf123456
perf_user_2692,perf123456
perf_user_2693,perf123456
perf_user_2694,perf123456
perf_user_2695,perf123456
perf_user_2696,perf123456
perf_user_2697,perf123456
perf_user_2698,perf123456
perf_user_2699,perf123456
perf_user_2700,perf123456
perf_user_2701,perf123456
perf_user_2702,perf123456
perf_user_2703,perf123456
perf_user_2704,perf123456
perf_user_2705,perf123456
perf_user_2706,perf123456
perf_user_2707,perf123456
perf_user_2708,perf123456
perf_user_2709,perf123456
perf_user_2710,perf123456
perf_user_2711,perf123456
perf_user_2712,perf123456
perf_user_2713,perf123456
perf_user_2714,perf123456
perf_user_2715,perf123456
perf_user_2716,perf123456
perf_user_2717,perf123456
perf_user_2718,perf123456
perf_user_2719,perf123456
perf_user_2720,perf123456
perf_user_2721,perf123456
perf_user_2722,perf123456
perf_user_2723,perf123456
perf_user_2724,perf123456
perf_user_2725,perf123456
perf_user_2726,perf123456
perf_user_2727,perf123456
perf_user_2728,perf123456
perf_user_2729,perf123456
perf_user_2730,perf123456
perf_user_2731,perf123456
perf_user_2732,perf123456
perf_user_2733,perf123456
perf_user_2734,perf123456
perf_user_2735,perf123456
perf_user_2736,perf123456
perf_user_2737,perf123456
perf_user_2738,perf123456
perf_user_2739,perf123456
perf_user_2740,perf123456
perf_user_2741,perf123456
perf_user_2742,perf123456
perf_user_2743,perf123456
perf_user_2744,perf123456
perf_user_2745,perf123456
perf_user_2746,perf123456
perf_user_2747,perf123456
perf_user_2748,perf123456
perf_user_2749,perf123456
perf_user_2750,perf123456
perf_user_2751,perf123456
perf_user_2752,perf123456
perf_user_2753,perf123456
perf_user_2754,perf123456
perf_user_2755,perf123456
perf_user_2756,perf123456
perf_user_2757,perf123456
perf_user_2758,perf123456
perf_user_2759,perf123456
perf_user_2760,perf123456
perf_user_2761,perf123456
perf_user_2762,perf123456
perf_user_2763,perf123456
perf_user_2764,perf123456
perf_user_2765,perf123456
perf_user_2766,perf123456
perf_user_2767,perf123456
perf_user_2768,perf123456
perf_user_2769,perf123456
perf_user_2770,perf123456
perf_user_2771,perf123456
perf_user_2772,perf123456
perf_user_2773,perf123456
perf_user_2774,perf123456
perf_user_2775,perf123456
perf_user_2776,perf123456
perf_user_2777,perf123456
perf_user_2778,perf123456
perf_user_2779,perf123456
perf_user_2780,perf123456
perf_user_2781,perf123456
perf_user_2782,perf123456
perf_user_2783,perf123456
perf_user_2784,perf123456
perf_user_2785,perf123456
perf_user_2786,perf123456
perf_user_2787,perf123456
perf_user_2788,perf123456
perf_user_2789,perf123456
perf_user_2790,perf123456
perf_user_2791,perf123456
perf_user_2792,perf123456
perf_user_2793,perf123456
perf_user_2794,perf123456
perf_user_2795,perf123456
perf_user_2796,perf123456
perf_user_2797,perf123456
perf_user_2798,perf123456
perf_user_2799,perf123456
perf_user_2800,perf123456
perf_user_2801,perf123456
perf_user_2802,perf123456
perf_user_2803,perf123456
perf_user_2804,perf123456
perf_user_2805,perf123456
perf_user_2806,perf123456
perf_user_2807,perf123456
perf_user_2808,perf123456
perf_user_2809,perf123456
perf_user_2810,perf123456
perf_user_2811,perf123456
perf_user_2812,perf123456
perf_user_2813,perf123456
perf_user_2814,perf123456
perf_user_2815,perf123456
perf_user_2816,perf123456
perf_user_2817,perf123456
perf_user_2818,perf123456
perf_user_2819,perf123456
perf_user_2820,perf123456
perf_user_2821,perf123456
perf_user_2822,perf123456
perf_user_2823,perf123456
perf_user_2824,perf123456
perf_user_2825,perf123456
perf_user_2826,perf123456
perf_user_2827,perf123456
perf_user_2828,perf123456
perf_user_2829,perf123456
perf_user_2830,perf123456
perf_user_2831,perf123456
perf_user_2832,perf123456
perf_user_2833,perf123456
perf_user_2834,perf123456
perf_user_2835,perf123456
perf_user_2836,perf123456
perf_user_2837,perf123456
perf_user_2838,perf123456
perf_user_2839,perf123456
perf_user_2840,perf123456
perf_user_2841,perf123456
perf_user_2842,perf123456
perf_user_2843,perf123456
perf_user_2844,perf123456
perf_user_2845,perf123456
perf_user_2846,perf123456
perf_user_2847,perf123456
perf_user_2848,perf123456
perf_user_2849,perf123456
perf_user_2850,perf123456
perf_user_2851,perf123456
perf_user_2852,perf123456
perf_user_2853,perf123456
perf_user_2854,perf123456
perf_user_2855,perf123456
perf_user_2856,perf123456
perf_user_2857,perf123456
perf_user_2858,perf123456
perf_user_2859,perf123456
perf_user_2860,perf123456
perf_user_2861,perf123456
perf_user_2862,perf123456
perf_user_2863,perf123456
perf_user_2864,perf123456
perf_user_2865,perf123456
perf_user_2866,perf123456
perf_user_2867,perf123456
perf_user_2868,perf123456
perf_user_2869,perf123456
perf_user_2870,perf123456
perf_user_2871,perf123456
perf_user_2872,perf123456
perf_user_2873,perf123456
perf_user_2874,perf123456
perf_user_2875,perf123456
perf_user_2876,perf123456
perf_user_2877,perf123456
perf_user_2878,perf123456
perf_user_2879,perf123456
perf_user_2880,perf123456
perf_user_2881,perf123456
perf_user_2882,perf123456
perf_user_2883,perf123456
perf_user_2884,perf123456
perf_user_2885,perf123456
perf_user_2886,perf123456
perf_user_2887,perf123456
perf_user_2888,perf123456
perf_user_2889,perf123456
perf_user_2890,perf123456
perf_user_2891,perf123456
perf_user_2892,perf123456
perf_user_2893,perf123456
perf_user_2894,perf123456
perf_user_2895,perf123456
perf_user_2896,perf123456
perf_user_2897,perf123456
perf_user_2898,perf123456
perf_user_2899,perf123456
perf_user_2900,perf123456
perf_user_2901,perf123456
perf_user_2902,perf123456
perf_user_2903,perf123456
perf_user_2904,perf123456
perf_user_2905,perf123456
perf_user_2906,perf123456
perf_user_2907,perf123456
perf_user_2908,perf123456
perf_user_2909,perf123456
perf_user_2910,perf123456
perf_user_2911,perf123456
perf_user_2912,perf123456
perf_user_2913,perf123456
perf_user_2914,perf123456
perf_user_2915,perf123456
perf_user_2916,perf123456
perf_user_2917,perf123456
perf_user_2918,perf123456
perf_user_2919,perf123456
perf_user_2920,perf123456
perf_user_2921,perf123456
perf_user_2922,perf123456
perf_user_2923,perf123456
perf_user_2924,perf123456
perf_user_2925,perf123456
perf_user_2926,perf123456
perf_user_2927,perf123456
perf_user_2928,perf123456
perf_user_2929,perf123456
perf_user_2930,perf123456
perf_user_2931,perf123456
perf_user_2932,perf123456
perf_user_2933,perf123456
perf_user_2934,perf123456
perf_user_2935,perf123456
perf_user_2936,perf123456
perf_user_2937,perf123456
perf_user_2938,perf123456
perf_user_2939,perf123456
perf_user_2940,perf123456
perf_user_2941,perf123456
perf_user_2942,perf123456
perf_user_2943,perf123456
perf_user_2944,perf123456
perf_user_2945,perf123456
perf_user_2946,perf123456
perf_user_2947,perf123456
perf_user_2948,perf123456
perf_user_2949,perf123456
perf_user_2950,perf123456
perf_user_2951,perf123456
perf_user_2952,perf123456
perf_user_2953,perf123456
perf_user_2954,perf123456
perf_user_2955,perf123456
perf_user_2956,perf123456
perf_user_2957,perf123456
perf_user_2958,perf123456
perf_user_2959,perf123456
perf_user_2960,perf123456
perf_user_2961,perf123456
perf_user_2962,perf123456
perf_user_2963,perf123456
perf_user_2964,perf123456
perf_user_2965,perf123456
perf_user_2966,perf123456
perf_user_2967,perf123456
perf_user_2968,perf123456
perf_user_2969,perf123456
perf_user_2970,perf123456
perf_user_2971,perf123456
perf_user_2972,perf123456
perf_user_2973,perf123456
perf_user_2974,perf123456
perf_user_2975,perf123456
perf_user_2976,perf123456
perf_user_2977,perf123456
perf_user_2978,perf123456
perf_user_2979,perf123456
perf_user_2980,perf123456
perf_user_2981,perf123456
perf_user_2982,perf123456
perf_user_2983,perf123456
perf_user_2984,perf123456
perf_user_2985,perf123456
perf_user_2986,perf123456
perf_user_2987,perf123456
perf_user_2988,perf123456
perf_user_2989,perf123456
perf_user_2990,perf123456
perf_user_2991,perf123456
perf_user_2992,perf123456
perf_user_2993,perf123456
perf_user_2994,perf123456
perf_user_2995,perf123456
perf_user_2996,perf123456
perf_user_2997,perf123456
perf_user_2998,perf123456
perf_user_2999,perf123456
perf_user_3000,perf123456
perf_user_3001,perf123456
perf_user_3002,perf123456
perf_user_3003,perf123456
perf_user_3004,perf123456
perf_user_3005,perf123456
perf_user_3006,perf123456
perf_user_3007,perf123456
perf_user_3008,perf123456
perf_user_3009,perf123456
perf_user_3010,perf123456
perf_user_3011,perf123456
perf_user_3012,perf123456
perf_user_3013,perf123456
perf_user_3014,perf123456
perf_user_3015,perf123456
perf_user_3016,perf123456
perf_user_3017,perf123456
perf_user_3018,perf123456
perf_user_3019,perf123456
perf_user_3020,perf123456
perf_user_3021,perf123456
perf_user_3022,perf123456
perf_user_3023,perf123456
perf_user_3024,perf123456
perf_user_3025,perf123456
perf_user_3026,perf123456
perf_user_3027,perf123456
perf_user_3028,perf123456
perf_user_3029,perf123456
perf_user_3030,perf123456
perf_user_3031,perf123456
perf_user_3032,perf123456
perf_user_3033,perf123456
perf_user_3034,perf123456
perf_user_3035,perf123456
perf_user_3036,perf123456
perf_user_3037,perf123456
perf_user_3038,perf123456
perf_user_3039,perf123456
perf_user_3040,perf123456
perf_user_3041,perf123456
perf_user_3042,perf123456
perf_user_3043,perf123456
perf_user_3044,perf123456
perf_user_3045,perf123456
perf_user_3046,perf123456
perf_user_3047,perf123456
perf_user_3048,perf123456
perf_user_3049,perf123456
perf_user_3050,perf123456
perf_user_3051,perf123456
perf_user_3052,perf123456
perf_user_3053,perf123456
perf_user_3054,perf123456
perf_user_3055,perf123456
perf_user_3056,perf123456
perf_user_3057,perf123456
perf_user_3058,perf123456
perf_user_3059,perf123456
perf_user_3060,perf123456
perf_user_3061,perf123456
perf_user_3062,perf123456
perf_user_3063,perf123456
perf_user_3064,perf123456
perf_user_3065,perf123456
perf_user_3066,perf123456
perf_user_3067,perf123456
perf_user_3068,perf123456
perf_user_3069,perf123456
perf_user_3070,perf123456
perf_user_3071,perf123456
perf_user_3072,perf123456
perf_user_3073,perf123456
perf_user_3074,perf123456
perf_user_3075,perf123456
perf_user_3076,perf123456
perf_user_3077,perf123456
perf_user_3078,perf123456
perf_user_3079,perf123456
perf_user_3080,perf123456
perf_user_3081,perf123456
perf_user_3082,perf123456
perf_user_3083,perf123456
perf_user_3084,perf123456
perf_user_3085,perf123456
perf_user_3086,perf123456
perf_user_3087,perf123456
perf_user_3088,perf123456
perf_user_3089,perf123456
perf_user_3090,perf123456
perf_user_3091,perf123456
perf_user_3092,perf123456
perf_user_3093,perf123456
perf_user_3094,perf123456
perf_user_3095,perf123456
perf_user_3096,perf123456
perf_user_3097,perf123456
perf_user_3098,perf123456
perf_user_3099,perf123456
perf_user_3100,perf123456
perf_user_3101,perf123456
perf_user_3102,perf123456
perf_user_3103,perf123456
perf_user_3104,perf123456
perf_user_3105,perf123456
perf_user_3106,perf123456
perf_user_3107,perf123456
perf_user_3108,perf123456
perf_user_3109,perf123456
perf_user_3110,perf123456
perf_user_3111,perf123456
perf_user_3112,perf123456
perf_user_3113,perf123456
perf_user_3114,perf123456
perf_user_3115,perf123456
perf_user_3116,perf123456
perf_user_3117,perf123456
perf_user_3118,perf123456
perf_user_3119,perf123456
perf_user_3120,perf123456
perf_user_3121,perf123456
perf_user_3122,perf123456
perf_user_3123,perf123456
perf_user_3124,perf123456
perf_user_3125,perf123456
perf_user_3126,perf123456
perf_user_3127,perf123456
perf_user_3128,perf123456
perf_user_3129,perf123456
perf_user_3130,perf123456
perf_user_3131,perf123456
perf_user_3132,perf123456
perf_user_3133,perf123456
perf_user_3134,perf123456
perf_user_3135,perf123456
perf_user_3136,perf123456
perf_user_3137,perf123456
perf_user_3138,perf123456
perf_user_3139,perf123456
perf_user_3140,perf123456
perf_user_3141,perf123456
perf_user_3142,perf123456
perf_user_3143,perf123456
perf_user_3144,perf123456
perf_user_3145,perf123456
perf_user_3146,perf123456
perf_user_3147,perf123456
perf_user_3148,perf123456
perf_user_3149,perf123456
perf_user_3150,perf123456
perf_user_3151,perf123456
perf_user_3152,perf123456
perf_user_3153,perf123456
perf_user_3154,perf123456
perf_user_3155,perf123456
perf_user_3156,perf123456
perf_user_3157,perf123456
perf_user_3158,perf123456
perf_user_3159,perf123456
perf_user_3160,perf123456
perf_user_3161,perf123456
perf_user_3162,perf123456
perf_user_3163,perf123456
perf_user_3164,perf123456
perf_user_3165,perf123456
perf_user_3166,perf123456
perf_user_3167,perf123456
perf_user_3168,perf123456
perf_user_3169,perf123456
perf_user_3170,perf123456
perf_user_3171,perf123456
perf_user_3172,perf123456
perf_user_3173,perf123456
perf_user_3174,perf123456
perf_user_3175,perf123456
perf_user_3176,perf123456
perf_user_3177,perf123456
perf_user_3178,perf123456
perf_user_3179,perf123456
perf_user_3180,perf123456
perf_user_3181,perf123456
perf_user_3182,perf123456
perf_user_3183,perf123456
perf_user_3184,perf123456
perf_user_3185,perf123456
perf_user_3186,perf123456
perf_user_3187,perf123456
perf_user_3188,perf123456
perf_user_3189,perf123456
perf_user_3190,perf123456
perf_user_3191,perf123456
perf_user_3192,perf123456
perf_user_3193,perf123456
perf_user_3194,perf123456
perf_user_3195,perf123456
perf_user_3196,perf123456
perf_user_3197,perf123456
perf_user_3198,perf123456
perf_user_3199,perf123456
perf_user_3200,perf123456
perf_user_3201,perf123456
perf_user_3202,perf123456
perf_user_3203,perf123456
perf_user_3204,perf123456
perf_user_3205,perf123456
perf_user_3206,perf123456
perf_user_3207,perf123456
perf_user_3208,perf123456
perf_user_3209,perf123456
perf_user_3210,perf123456
perf_user_3211,perf123456
perf_user_3212,perf123456
perf_user_3213,perf123456
perf_user_3214,perf123456
perf_user_3215,perf123456
perf_user_3216,perf123456
perf_user_3217,perf123456
perf_user_3218,perf123456
perf_user_3219,perf123456
perf_user_3220,perf123456
perf_user_3221,perf123456
perf_user_3222,perf123456
perf_user_3223,perf123456
perf_user_3224,perf123456
perf_user_3225,perf123456
perf_user_3226,perf123456
perf_user_3227,perf123456
perf_user_3228,perf123456
perf_user_3229,perf123456
perf_user_3230,perf123456
perf_user_3231,perf123456
perf_user_3232,perf123456
perf_user_3233,perf123456
perf_user_3234,perf123456
perf_user_3235,perf123456
perf_user_3236,perf123456
perf_user_3237,perf123456
perf_user_3238,perf123456
perf_user_3239,perf123456
perf_user_3240,perf123456
perf_user_3241,perf123456
perf_user_3242,perf123456
perf_user_3243,perf123456
perf_user_3244,perf123456
perf_user_3245,perf123456
perf_user_3246,perf123456
perf_user_3247,perf123456
perf_user_3248,perf123456
perf_user_3249,perf123456
perf_user_3250,perf123456
perf_user_3251,perf123456
perf_user_3252,perf123456
perf_user_3253,perf123456
perf_user_3254,perf123456
perf_user_3255,perf123456
perf_user_3256,perf123456
perf_user_3257,perf123456
perf_user_3258,perf123456
perf_user_3259,perf123456
perf_user_3260,perf123456
perf_user_3261,perf123456
perf_user_3262,perf123456
perf_user_3263,perf123456
perf_user_3264,perf123456
perf_user_3265,perf123456
perf_user_3266,perf123456
perf_user_3267,perf123456
perf_user_3268,perf123456
perf_user_3269,perf123456
perf_user_3270,perf123456
perf_user_3271,perf123456
perf_user_3272,perf123456
perf_user_3273,perf123456
perf_user_3274,perf123456
perf_user_3275,perf123456
perf_user_3276,perf123456
perf_user_3277,perf123456
perf_user_3278,perf123456
perf_user_3279,perf123456
perf_user_3280,perf123456
perf_user_3281,perf123456
perf_user_3282,perf123456
perf_user_3283,perf123456
perf_user_3284,perf123456
perf_user_3285,perf123456
perf_user_3286,perf123456
perf_user_3287,perf123456
perf_user_3288,perf123456
perf_user_3289,perf123456
perf_user_3290,perf123456
perf_user_3291,perf123456
perf_user_3292,perf123456
perf_user_3293,perf123456
perf_user_3294,perf123456
perf_user_3295,perf123456
perf_user_3296,perf123456
perf_user_3297,perf123456
perf_user_3298,perf123456
perf_user_3299,perf123456
perf_user_3300,perf123456
perf_user_3301,perf123456
perf_user_3302,perf123456
perf_user_3303,perf123456
perf_user_3304,perf123456
perf_user_3305,perf123456
perf_user_3306,perf123456
perf_user_3307,perf123456
perf_user_3308,perf123456
perf_user_3309,perf123456
perf_user_3310,perf123456
perf_user_3311,perf123456
perf_user_3312,perf123456
perf_user_3313,perf123456
perf_user_3314,perf123456
perf_user_3315,perf123456
perf_user_3316,perf123456
perf_user_3317,perf123456
perf_user_3318,perf123456
perf_user_3319,perf123456
perf_user_3320,perf123456
perf_user_3321,perf123456
perf_user_3322,perf123456
perf_user_3323,perf123456
perf_user_3324,perf123456
perf_user_3325,perf123456
perf_user_3326,perf123456
perf_user_3327,perf123456
perf_user_3328,perf123456
perf_user_3329,perf123456
perf_user_3330,perf123456
perf_user_3331,perf123456
perf_user_3332,perf123456
perf_user_3333,perf123456
perf_user_3334,perf123456
perf_user_3335,perf123456
perf_user_3336,perf123456
perf_user_3337,perf123456
perf_user_3338,perf123456
perf_user_3339,perf123456
perf_user_3340,perf123456
perf_user_3341,perf123456
perf_user_3342,perf123456
perf_user_3343,perf123456
perf_user_3344,perf123456
perf_user_3345,perf123456
perf_user_3346,perf123456
perf_user_3347,perf123456
perf_user_3348,perf123456
perf_user_3349,perf123456
perf_user_3350,perf123456
perf_user_3351,perf123456
perf_user_3352,perf123456
perf_user_3353,perf123456
perf_user_3354,perf123456
perf_user_3355,perf123456
perf_user_3356,perf123456
perf_user_3357,perf123456
perf_user_3358,perf123456
perf_user_3359,perf123456
perf_user_3360,perf123456
perf_user_3361,perf123456
perf_user_3362,perf123456
perf_user_3363,perf123456
perf_user_3364,perf123456
perf_user_3365,perf123456
perf_user_3366,perf123456
perf_user_3367,perf123456
perf_user_3368,perf123456
perf_user_3369,perf123456
perf_user_3370,perf123456
perf_user_3371,perf123456
perf_user_3372,perf123456
perf_user_3373,perf123456
perf_user_3374,perf123456
perf_user_3375,perf123456
perf_user_3376,perf123456
perf_user_3377,perf123456
perf_user_3378,perf123456
perf_user_3379,perf123456
perf_user_3380,perf123456
perf_user_3381,perf123456
perf_user_3382,perf123456
perf_user_3383,perf123456
perf_user_3384,perf123456
perf_user_3385,perf123456
perf_user_3386,perf123456
perf_user_3387,perf123456
perf_user_3388,perf123456
perf_user_3389,perf123456
perf_user_3390,perf123456
perf_user_3391,perf123456
perf_user_3392,perf123456
perf_user_3393,perf123456
perf_user_3394,perf123456
perf_user_3395,perf123456
perf_user_3396,perf123456
perf_user_3397,perf123456
perf_user_3398,perf123456
perf_user_3399,perf123456
perf_user_3400,perf123456
perf_user_3401,perf123456
perf_user_3402,perf123456
perf_user_3403,perf123456
perf_user_3404,perf123456
perf_user_3405,perf123456
perf_user_3406,perf123456
perf_user_3407,perf123456
perf_user_3408,perf123456
perf_user_3409,perf123456
perf_user_3410,perf123456
perf_user_3411,perf123456
perf_user_3412,perf123456
perf_user_3413,perf123456
perf_user_3414,perf123456
perf_user_3415,perf123456
perf_user_3416,perf123456
perf_user_3417,perf123456
perf_user_3418,perf123456
perf_user_3419,perf123456
perf_user_3420,perf123456
perf_user_3421,perf123456
perf_user_3422,perf123456
perf_user_3423,perf123456
perf_user_3424,perf123456
perf_user_3425,perf123456
perf_user_3426,perf123456
perf_user_3427,perf123456
perf_user_3428,perf123456
perf_user_3429,perf123456
perf_user_3430,perf123456
perf_user_3431,perf123456
perf_user_3432,perf123456
perf_user_3433,perf123456
perf_user_3434,perf123456
perf_user_3435,perf123456
perf_user_3436,perf123456
perf_user_3437,perf123456
perf_user_3438,perf123456
perf_user_3439,perf123456
perf_user_3440,perf123456
perf_user_3441,perf123456
perf_user_3442,perf123456
perf_user_3443,perf123456
perf_user_3444,perf123456
perf_user_3445,perf123456
perf_user_3446,perf123456
perf_user_3447,perf123456
perf_user_3448,perf123456
perf_user_3449,perf123456
perf_user_3450,perf123456
perf_user_3451,perf123456
perf_user_3452,perf123456
perf_user_3453,perf123456
perf_user_3454,perf123456
perf_user_3455,perf123456
perf_user_3456,perf123456
perf_user_3457,perf123456
perf_user_3458,perf123456
perf_user_3459,perf123456
perf_user_3460,perf123456
perf_user_3461,perf123456
perf_user_3462,perf123456
perf_user_3463,perf123456
perf_user_3464,perf123456
perf_user_3465,perf123456
perf_user_3466,perf123456
perf_user_3467,perf123456
perf_user_3468,perf123456
perf_user_3469,perf123456
perf_user_3470,perf123456
perf_user_3471,perf123456
perf_user_3472,perf123456
perf_user_3473,perf123456
perf_user_3474,perf123456
perf_user_3475,perf123456
perf_user_3476,perf123456
perf_user_3477,perf123456
perf_user_3478,perf123456
perf_user_3479,perf123456
perf_user_3480,perf123456
perf_user_3481,perf123456
perf_user_3482,perf123456
perf_user_3483,perf123456
perf_user_3484,perf123456
perf_user_3485,perf123456
perf_user_3486,perf123456
perf_user_3487,perf123456
perf_user_3488,perf123456
perf_user_3489,perf123456
perf_user_3490,perf123456
perf_user_3491,perf123456
perf_user_3492,perf123456
perf_user_3493,perf123456
perf_user_3494,perf123456
perf_user_3495,perf123456
perf_user_3496,perf123456
perf_user_3497,perf123456
perf_user_3498,perf123456
perf_user_3499,perf123456
perf_user_3500,perf123456
perf_user_3501,perf123456
perf_user_3502,perf123456
perf_user_3503,perf123456
perf_user_3504,perf123456
perf_user_3505,perf123456
perf_user_3506,perf123456
perf_user_3507,perf123456
perf_user_3508,perf123456
perf_user_3509,perf123456
perf_user_3510,perf123456
perf_user_3511,perf123456
perf_user_3512,perf123456
perf_user_3513,perf123456
perf_user_3514,perf123456
perf_user_3515,perf123456
perf_user_3516,perf123456
perf_user_3517,perf123456
perf_user_3518,perf123456
perf_user_3519,perf123456
perf_user_3520,perf123456
perf_user_3521,perf123456
perf_user_3522,perf123456
perf_user_3523,perf123456
perf_user_3524,perf123456
perf_user_3525,perf123456
perf_user_3526,perf123456
perf_user_3527,perf123456
perf_user_3528,perf123456
perf_user_3529,perf123456
perf_user_3530,perf123456
perf_user_3531,perf123456
perf_user_3532,perf123456
perf_user_3533,perf123456
perf_user_3534,perf123456
perf_user_3535,perf123456
perf_user_3536,perf123456
perf_user_3537,perf123456
perf_user_3538,perf123456
perf_user_3539,perf123456
perf_user_3540,perf123456
perf_user_3541,perf123456
perf_user_3542,perf123456
perf_user_3543,perf123456
perf_user_3544,perf123456
perf_user_3545,perf123456
perf_user_3546,perf123456
perf_user_3547,perf123456
perf_user_3548,perf123456
perf_user_3549,perf123456
perf_user_3550,perf123456
perf_user_3551,perf123456
perf_user_3552,perf123456
perf_user_3553,perf123456
perf_user_3554,perf123456
perf_user_3555,perf123456
perf_user_3556,perf123456
perf_user_3557,perf123456
perf_user_3558,perf123456
perf_user_3559,perf123456
perf_user_3560,perf123456
perf_user_3561,perf123456
perf_user_3562,perf123456
perf_user_3563,perf123456
perf_user_3564,perf123456
perf_user_3565,perf123456
perf_user_3566,perf123456
perf_user_3567,perf123456
perf_user_3568,perf123456
perf_user_3569,perf123456
perf_user_3570,perf123456
perf_user_3571,perf123456
perf_user_3572,perf123456
perf_user_3573,perf123456
perf_user_3574,perf123456
perf_user_3575,perf123456
perf_user_3576,perf123456
perf_user_3577,perf123456
perf_user_3578,perf123456
perf_user_3579,perf123456
perf_user_3580,perf123456
perf_user_3581,perf123456
perf_user_3582,perf123456
perf_user_3583,perf123456
perf_user_3584,perf123456
perf_user_3585,perf123456
perf_user_3586,perf123456
perf_user_3587,perf123456
perf_user_3588,perf123456
perf_user_3589,perf123456
perf_user_3590,perf123456
perf_user_3591,perf123456
perf_user_3592,perf123456
perf_user_3593,perf123456
perf_user_3594,perf123456
perf_user_3595,perf123456
perf_user_3596,perf123456
perf_user_3597,perf123456
perf_user_3598,perf123456
perf_user_3599,perf123456
perf_user_3600,perf123456
perf_user_3601,perf123456
perf_user_3602,perf123456
perf_user_3603,perf123456
perf_user_3604,perf123456
perf_user_3605,perf123456
perf_user_3606,perf123456
perf_user_3607,perf123456
perf_user_3608,perf123456
perf_user_3609,perf123456
perf_user_3610,perf123456
perf_user_3611,perf123456
perf_user_3612,perf123456
perf_user_3613,perf123456
perf_user_3614,perf123456
perf_user_3615,perf123456
perf_user_3616,perf123456
perf_user_3617,perf123456
perf_user_3618,perf123456
perf_user_3619,perf123456
perf_user_3620,perf123456
perf_user_3621,perf123456
perf_user_3622,perf123456
perf_user_3623,perf123456
perf_user_3624,perf123456
perf_user_3625,perf123456
perf_user_3626,perf123456
perf_user_3627,perf123456
perf_user_3628,perf123456
perf_user_3629,perf123456
perf_user_3630,perf123456
perf_user_3631,perf123456
perf_user_3632,perf123456
perf_user_3633,perf123456
perf_user_3634,perf123456
perf_user_3635,perf123456
perf_user_3636,perf123456
perf_user_3637,perf123456
perf_user_3638,perf123456
perf_user_3639,perf123456
perf_user_3640,perf123456
perf_user_3641,perf123456
perf_user_3642,perf123456
perf_user_3643,perf123456
perf_user_3644,perf123456
perf_user_3645,perf123456
perf_user_3646,perf123456
perf_user_3647,perf123456
perf_user_3648,perf123456
perf_user_3649,perf123456
perf_user_3650,perf123456
perf_user_3651,perf123456
perf_user_3652,perf123456
perf_user_3653,perf123456
perf_user_3654,perf123456
perf_user_3655,perf123456
perf_user_3656,perf123456
perf_user_3657,perf123456
perf_user_3658,perf123456
perf_user_3659,perf123456
perf_user_3660,perf123456
perf_user_3661,perf123456
perf_user_3662,perf123456
perf_user_3663,perf123456
perf_user_3664,perf123456
perf_user_3665,perf123456
perf_user_3666,perf123456
perf_user_3667,perf123456
perf_user_3668,perf123456
perf_user_3669,perf123456
perf_user_3670,perf123456
perf_user_3671,perf123456
perf_user_3672,perf123456
perf_user_3673,perf123456
perf_user_3674,perf123456
perf_user_3675,perf123456
perf_user_3676,perf123456
perf_user_3677,perf123456
perf_user_3678,perf123456
perf_user_3679,perf123456
perf_user_3680,perf123456
perf_user_3681,perf123456
perf_user_3682,perf123456
perf_user_3683,perf123456
perf_user_3684,perf123456
perf_user_3685,perf123456
perf_user_3686,perf123456
perf_user_3687,perf123456
perf_user_3688,perf123456
perf_user_3689,perf123456
perf_user_3690,perf123456
perf_user_3691,perf123456
perf_user_3692,perf123456
perf_user_3693,perf123456
perf_user_3694,perf123456
perf_user_3695,perf123456
perf_user_3696,perf123456
perf_user_3697,perf123456
perf_user_3698,perf123456
perf_user_3699,perf123456
perf_user_3700,perf123456
perf_user_3701,perf123456
perf_user_3702,perf123456
perf_user_3703,perf123456
perf_user_3704,perf123456
perf_user_3705,perf123456
perf_user_3706,perf123456
perf_user_3707,perf123456
perf_user_3708,perf123456
perf_user_3709,perf123456
perf_user_3710,perf123456
perf_user_3711,perf123456
perf_user_3712,perf123456
perf_user_3713,perf123456
perf_user_3714,perf123456
perf_user_3715,perf123456
perf_user_3716,perf123456
perf_user_3717,perf123456
perf_user_3718,perf123456
perf_user_3719,perf123456
perf_user_3720,perf123456
perf_user_3721,perf123456
perf_user_3722,perf123456
perf_user_3723,perf123456
perf_user_3724,perf123456
perf_user_3725,perf123456
perf_user_3726,perf123456
perf_user_3727,perf123456
perf_user_3728,perf123456
perf_user_3729,perf123456
perf_user_3730,perf123456
perf_user_3731,perf123456
perf_user_3732,perf123456
perf_user_3733,perf123456
perf_user_3734,perf123456
perf_user_3735,perf123456
perf_user_3736,perf123456
perf_user_3737,perf123456
perf_user_3738,perf123456
perf_user_3739,perf123456
perf_user_3740,perf123456
perf_user_3741,perf123456
perf_user_3742,perf123456
perf_user_3743,perf123456
perf_user_3744,perf123456
perf_user_3745,perf123456
perf_user_3746,perf123456
perf_user_3747,perf123456
perf_user_3748,perf123456
perf_user_3749,perf123456
perf_user_3750,perf123456
perf_user_3751,perf123456
perf_user_3752,perf123456
perf_user_3753,perf123456
perf_user_3754,perf123456
perf_user_3755,perf123456
perf_user_3756,perf123456
perf_user_3757,perf123456
perf_user_3758,perf123456
perf_user_3759,perf123456
perf_user_3760,perf123456
perf_user_3761,perf123456
perf_user_3762,perf123456
perf_user_3763,perf123456
perf_user_3764,perf123456
perf_user_3765,perf123456
perf_user_3766,perf123456
perf_user_3767,perf123456
perf_user_3768,perf123456
perf_user_3769,perf123456
perf_user_3770,perf123456
perf_user_3771,perf123456
perf_user_3772,perf123456
perf_user_3773,perf123456
perf_user_3774,perf123456
perf_user_3775,perf123456
perf_user_3776,perf123456
perf_user_3777,perf123456
perf_user_3778,perf123456
perf_user_3779,perf123456
perf_user_3780,perf123456
perf_user_3781,perf123456
perf_user_3782,perf123456
perf_user_3783,perf123456
perf_user_3784,perf123456
perf_user_3785,perf123456
perf_user_3786,perf123456
perf_user_3787,perf123456
perf_user_3788,perf123456
perf_user_3789,perf123456
perf_user_3790,perf123456
perf_user_3791,perf123456
perf_user_3792,perf123456
perf_user_3793,perf123456
perf_user_3794,perf123456
perf_user_3795,perf123456
perf_user_3796,perf123456
perf_user_3797,perf123456
perf_user_3798,perf123456
perf_user_3799,perf123456
perf_user_3800,perf123456
perf_user_3801,perf123456
perf_user_3802,perf123456
perf_user_3803,perf123456
perf_user_3804,perf123456
perf_user_3805,perf123456
perf_user_3806,perf123456
perf_user_3807,perf123456
perf_user_3808,perf123456
perf_user_3809,perf123456
perf_user_3810,perf123456
perf_user_3811,perf123456
perf_user_3812,perf123456
perf_user_3813,perf123456
perf_user_3814,perf123456
perf_user_3815,perf123456
perf_user_3816,perf123456
perf_user_3817,perf123456
perf_user_3818,perf123456
perf_user_3819,perf123456
perf_user_3820,perf123456
perf_user_3821,perf123456
perf_user_3822,perf123456
perf_user_3823,perf123456
perf_user_3824,perf123456
perf_user_3825,perf123456
perf_user_3826,perf123456
perf_user_3827,perf123456
perf_user_3828,perf123456
perf_user_3829,perf123456
perf_user_3830,perf123456
perf_user_3831,perf123456
perf_user_3832,perf123456
perf_user_3833,perf123456
perf_user_3834,perf123456
perf_user_3835,perf123456
perf_user_3836,perf123456
perf_user_3837,perf123456
perf_user_3838,perf123456
perf_user_3839,perf123456
perf_user_3840,perf123456
perf_user_3841,perf123456
perf_user_3842,perf123456
perf_user_3843,perf123456
perf_user_3844,perf123456
perf_user_3845,perf123456
perf_user_3846,perf123456
perf_user_3847,perf123456
perf_user_3848,perf123456
perf_user_3849,perf123456
perf_user_3850,perf123456
perf_user_3851,perf123456
perf_user_3852,perf123456
perf_user_3853,perf123456
perf_user_3854,perf123456
perf_user_3855,perf123456
perf_user_3856,perf123456
perf_user_3857,perf123456
perf_user_3858,perf123456
perf_user_3859,perf123456
perf_user_3860,perf123456
perf_user_3861,perf123456
perf_user_3862,perf123456
perf_user_3863,perf123456
perf_user_3864,perf123456
perf_user_3865,perf123456
perf_user_3866,perf123456
perf_user_3867,perf123456
perf_user_3868,perf123456
perf_user_3869,perf123456
perf_user_3870,perf123456
perf_user_3871,perf123456
perf_user_3872,perf123456
perf_user_3873,perf123456
perf_user_3874,perf123456
perf_user_3875,perf123456
perf_user_3876,perf123456
perf_user_3877,perf123456
perf_user_3878,perf123456
perf_user_3879,perf123456
perf_user_3880,perf123456
perf_user_3881,perf123456
perf_user_3882,perf123456
perf_user_3883,perf123456
perf_user_3884,perf123456
perf_user_3885,perf123456
perf_user_3886,perf123456
perf_user_3887,perf123456
perf_user_3888,perf123456
perf_user_3889,perf123456
perf_user_3890,perf123456
perf_user_3891,perf123456
perf_user_3892,perf123456
perf_user_3893,perf123456
perf_user_3894,perf123456
perf_user_3895,perf123456
perf_user_3896,perf123456
perf_user_3897,perf123456
perf_user_3898,perf123456
perf_user_3899,perf123456
perf_user_3900,perf123456
perf_user_3901,perf123456
perf_user_3902,perf123456
perf_user_3903,perf123456
perf_user_3904,perf123456
perf_user_3905,perf123456
perf_user_3906,perf123456
perf_user_3907,perf123456
perf_user_3908,perf123456
perf_user_3909,perf123456
perf_user_3910,perf123456
perf_user_3911,perf123456
perf_user_3912,perf123456
perf_user_3913,perf123456
perf_user_3914,perf123456
perf_user_3915,perf123456
perf_user_3916,perf123456
perf_user_3917,perf123456
perf_user_3918,perf123456
perf_user_3919,perf123456
perf_user_3920,perf123456
perf_user_3921,perf123456
perf_user_3922,perf123456
perf_user_3923,perf123456
perf_user_3924,perf123456
perf_user_3925,perf123456
perf_user_3926,perf123456
perf_user_3927,perf123456
perf_user_3928,perf123456
perf_user_3929,perf123456
perf_user_3930,perf123456
perf_user_3931,perf123456
perf_user_3932,perf123456
perf_user_3933,perf123456
perf_user_3934,perf123456
perf_user_3935,perf123456
perf_user_3936,perf123456
perf_user_3937,perf123456
perf_user_3938,perf123456
perf_user_3939,perf123456
perf_user_3940,perf123456
perf_user_3941,perf123456
perf_user_3942,perf123456
perf_user_3943,perf123456
perf_user_3944,perf123456
perf_user_3945,perf123456
perf_user_3946,perf123456
perf_user_3947,perf123456
perf_user_3948,perf123456
perf_user_3949,perf123456
perf_user_3950,perf123456
perf_user_3951,perf123456
perf_user_3952,perf123456
perf_user_3953,perf123456
perf_user_3954,perf123456
perf_user_3955,perf123456
perf_user_3956,perf123456
perf_user_3957,perf123456
perf_user_3958,perf123456
perf_user_3959,perf123456
perf_user_3960,perf123456
perf_user_3961,perf123456
perf_user_3962,perf123456
perf_user_3963,perf123456
perf_user_3964,perf123456
perf_user_3965,perf123456
perf_user_3966,perf123456
perf_user_3967,perf123456
perf_user_3968,perf123456
perf_user_3969,perf123456
perf_user_3970,perf123456
perf_user_3971,perf123456
perf_user_3972,perf123456
perf_user_3973,perf123456
perf_user_3974,perf123456
perf_user_3975,perf123456
perf_user_3976,perf123456
perf_user_3977,perf123456
perf_user_3978,perf123456
perf_user_3979,perf123456
perf_user_3980,perf123456
perf_user_3981,perf123456
perf_user_3982,perf123456
perf_user_3983,perf123456
perf_user_3984,perf123456
perf_user_3985,perf123456
perf_user_3986,perf123456
perf_user_3987,perf123456
perf_user_3988,perf123456
perf_user_3989,perf123456
perf_user_3990,perf123456
perf_user_3991,perf123456
perf_user_3992,perf123456
perf_user_3993,perf123456
perf_user_3994,perf123456
perf_user_3995,perf123456
perf_user_3996,perf123456
perf_user_3997,perf123456
perf_user_3998,perf123456
perf_user_3999,perf123456
perf_user_4000,perf123456
perf_user_4001,perf123456
perf_user_4002,perf123456
perf_user_4003,perf123456
perf_user_4004,perf123456
perf_user_4005,perf123456
perf_user_4006,perf123456
perf_user_4007,perf123456
perf_user_4008,perf123456
perf_user_4009,perf123456
perf_user_4010,perf123456
perf_user_4011,perf123456
perf_user_4012,perf123456
perf_user_4013,perf123456
perf_user_4014,perf123456
perf_user_4015,perf123456
perf_user_4016,perf123456
perf_user_4017,perf123456
perf_user_4018,perf123456
perf_user_4019,perf123456
perf_user_4020,perf123456
perf_user_4021,perf123456
perf_user_4022,perf123456
perf_user_4023,perf123456
perf_user_4024,perf123456
perf_user_4025,perf123456
perf_user_4026,perf123456
perf_user_4027,perf123456
perf_user_4028,perf123456
perf_user_4029,perf123456
perf_user_4030,perf123456
perf_user_4031,perf123456
perf_user_4032,perf123456
perf_user_4033,perf123456
perf_user_4034,perf123456
perf_user_4035,perf123456
perf_user_4036,perf123456
perf_user_4037,perf123456
perf_user_4038,perf123456
perf_user_4039,perf123456
perf_user_4040,perf123456
perf_user_4041,perf123456
perf_user_4042,perf123456
perf_user_4043,perf123456
perf_user_4044,perf123456
perf_user_4045,perf123456
perf_user_4046,perf123456
perf_user_4047,perf123456
perf_user_4048,perf123456
perf_user_4049,perf123456
perf_user_4050,perf123456
perf_user_4051,perf123456
perf_user_4052,perf123456
perf_user_4053,perf123456
perf_user_4054,perf123456
perf_user_4055,perf123456
perf_user_4056,perf123456
perf_user_4057,perf123456
perf_user_4058,perf123456
perf_user_4059,perf123456
perf_user_4060,perf123456
perf_user_4061,perf123456
perf_user_4062,perf123456
perf_user_4063,perf123456
perf_user_4064,perf123456
perf_user_4065,perf123456
perf_user_4066,perf123456
perf_user_4067,perf123456
perf_user_4068,perf123456
perf_user_4069,perf123456
perf_user_4070,perf123456
perf_user_4071,perf123456
perf_user_4072,perf123456
perf_user_4073,perf123456
perf_user_4074,perf123456
perf_user_4075,perf123456
perf_user_4076,perf123456
perf_user_4077,perf123456
perf_user_4078,perf123456
perf_user_4079,perf123456
perf_user_4080,perf123456
perf_user_4081,perf123456
perf_user_4082,perf123456
perf_user_4083,perf123456
perf_user_4084,perf123456
perf_user_4085,perf123456
perf_user_4086,perf123456
perf_user_4087,perf123456
perf_user_4088,perf123456
perf_user_4089,perf123456
perf_user_4090,perf123456
perf_user_4091,perf123456
perf_user_4092,perf123456
perf_user_4093,perf123456
perf_user_4094,perf123456
perf_user_4095,perf123456
perf_user_4096,perf123456
perf_user_4097,perf123456
perf_user_4098,perf123456
perf_user_4099,perf123456
perf_user_4100,perf123456
perf_user_4101,perf123456
perf_user_4102,perf123456
perf_user_4103,perf123456
perf_user_4104,perf123456
perf_user_4105,perf123456
perf_user_4106,perf123456
perf_user_4107,perf123456
perf_user_4108,perf123456
perf_user_4109,perf123456
perf_user_4110,perf123456
perf_user_4111,perf123456
perf_user_4112,perf123456
perf_user_4113,perf123456
perf_user_4114,perf123456
perf_user_4115,perf123456
perf_user_4116,perf123456
perf_user_4117,perf123456
perf_user_4118,perf123456
perf_user_4119,perf123456
perf_user_4120,perf123456
perf_user_4121,perf123456
perf_user_4122,perf123456
perf_user_4123,perf123456
perf_user_4124,perf123456
perf_user_4125,perf123456
perf_user_4126,perf123456
perf_user_4127,perf123456
perf_user_4128,perf123456
perf_user_4129,perf123456
perf_user_4130,perf123456
perf_user_4131,perf123456
perf_user_4132,perf123456
perf_user_4133,perf123456
perf_user_4134,perf123456
perf_user_4135,perf123456
perf_user_4136,perf123456
perf_user_4137,perf123456
perf_user_4138,perf123456
perf_user_4139,perf123456
perf_user_4140,perf123456
perf_user_4141,perf123456
perf_user_4142,perf123456
perf_user_4143,perf123456
perf_user_4144,perf123456
perf_user_4145,perf123456
perf_user_4146,perf123456
perf_user_4147,perf123456
perf_user_4148,perf123456
perf_user_4149,perf123456
perf_user_4150,perf123456
perf_user_4151,perf123456
perf_user_4152,perf123456
perf_user_4153,perf123456
perf_user_4154,perf123456
perf_user_4155,perf123456
perf_user_4156,perf123456
perf_user_4157,perf123456
perf_user_4158,perf123456
perf_user_4159,perf123456
perf_user_4160,perf123456
perf_user_4161,perf123456
perf_user_4162,perf123456
perf_user_4163,perf123456
perf_user_4164,perf123456
perf_user_4165,perf123456
perf_user_4166,perf123456
perf_user_4167,perf123456
perf_user_4168,perf123456
perf_user_4169,perf123456
perf_user_4170,perf123456
perf_user_4171,perf123456
perf_user_4172,perf123456
perf_user_4173,perf123456
perf_user_4174,perf123456
perf_user_4175,perf123456
perf_user_4176,perf123456
perf_user_4177,perf123456
perf_user_4178,perf123456
perf_user_4179,perf123456
perf_user_4180,perf123456
perf_user_4181,perf123456
perf_user_4182,perf123456
perf_user_4183,perf123456
perf_user_4184,perf123456
perf_user_4185,perf123456
perf_user_4186,perf123456
perf_user_4187,perf123456
perf_user_4188,perf123456
perf_user_4189,perf123456
perf_user_4190,perf123456
perf_user_4191,perf123456
perf_user_4192,perf123456
perf_user_4193,perf123456
perf_user_4194,perf123456
perf_user_4195,perf123456
perf_user_4196,perf123456
perf_user_4197,perf123456
perf_user_4198,perf123456
perf_user_4199,perf123456
perf_user_4200,perf123456
perf_user_4201,perf123456
perf_user_4202,perf123456
perf_user_4203,perf123456
perf_user_4204,perf123456
perf_user_4205,perf123456
perf_user_4206,perf123456
perf_user_4207,perf123456
perf_user_4208,perf123456
perf_user_4209,perf123456
perf_user_4210,perf123456
perf_user_4211,perf123456
perf_user_4212,perf123456
perf_user_4213,perf123456
perf_user_4214,perf123456
perf_user_4215,perf123456
perf_user_4216,perf123456
perf_user_4217,perf123456
perf_user_4218,perf123456
perf_user_4219,perf123456
perf_user_4220,perf123456
perf_user_4221,perf123456
perf_user_4222,perf123456
perf_user_4223,perf123456
perf_user_4224,perf123456
perf_user_4225,perf123456
perf_user_4226,perf123456
perf_user_4227,perf123456
perf_user_4228,perf123456
perf_user_4229,perf123456
perf_user_4230,perf123456
perf_user_4231,perf123456
perf_user_4232,perf123456
perf_user_4233,perf123456
perf_user_4234,perf123456
perf_user_4235,perf123456
perf_user_4236,perf123456
perf_user_4237,perf123456
perf_user_4238,perf123456
perf_user_4239,perf123456
perf_user_4240,perf123456
perf_user_4241,perf123456
perf_user_4242,perf123456
perf_user_4243,perf123456
perf_user_4244,perf123456
perf_user_4245,perf123456
perf_user_4246,perf123456
perf_user_4247,perf123456
perf_user_4248,perf123456
perf_user_4249,perf123456
perf_user_4250,perf123456
perf_user_4251,perf123456
perf_user_4252,perf123456
perf_user_4253,perf123456
perf_user_4254,perf123456
perf_user_4255,perf123456
perf_user_4256,perf123456
perf_user_4257,perf123456
perf_user_4258,perf123456
perf_user_4259,perf123456
perf_user_4260,perf123456
perf_user_4261,perf123456
perf_user_4262,perf123456
perf_user_4263,perf123456
perf_user_4264,perf123456
perf_user_4265,perf123456
perf_user_4266,perf123456
perf_user_4267,perf123456
perf_user_4268,perf123456
perf_user_4269,perf123456
perf_user_4270,perf123456
perf_user_4271,perf123456
perf_user_4272,perf123456
perf_user_4273,perf123456
perf_user_4274,perf123456
perf_user_4275,perf123456
perf_user_4276,perf123456
perf_user_4277,perf123456
perf_user_4278,perf123456
perf_user_4279,perf123456
perf_user_4280,perf123456
perf_user_4281,perf123456
perf_user_4282,perf123456
perf_user_4283,perf123456
perf_user_4284,perf123456
perf_user_4285,perf123456
perf_user_4286,perf123456
perf_user_4287,perf123456
perf_user_4288,perf123456
perf_user_4289,perf123456
perf_user_4290,perf123456
perf_user_4291,perf123456
perf_user_4292,perf123456
perf_user_4293,perf123456
perf_user_4294,perf123456
perf_user_4295,perf123456
perf_user_4296,perf123456
perf_user_4297,perf123456
perf_user_4298,perf123456
perf_user_4299,perf123456
perf_user_4300,perf123456
perf_user_4301,perf123456
perf_user_4302,perf123456
perf_user_4303,perf123456
perf_user_4304,perf123456
perf_user_4305,perf123456
perf_user_4306,perf123456
perf_user_4307,perf123456
perf_user_4308,perf123456
perf_user_4309,perf123456
perf_user_4310,perf123456
perf_user_4311,perf123456
perf_user_4312,perf123456
perf_user_4313,perf123456
perf_user_4314,perf123456
perf_user_4315,perf123456
perf_user_4316,perf123456
perf_user_4317,perf123456
perf_user_4318,perf123456
perf_user_4319,perf123456
perf_user_4320,perf123456
perf_user_4321,perf123456
perf_user_4322,perf123456
perf_user_4323,perf123456
perf_user_4324,perf123456
perf_user_4325,perf123456
perf_user_4326,perf123456
perf_user_4327,perf123456
perf_user_4328,perf123456
perf_user_4329,perf123456
perf_user_4330,perf123456
perf_user_4331,perf123456
perf_user_4332,perf123456
perf_user_4333,perf123456
perf_user_4334,perf123456
perf_user_4335,perf123456
perf_user_4336,perf123456
perf_user_4337,perf123456
perf_user_4338,perf123456
perf_user_4339,perf123456
perf_user_4340,perf123456
perf_user_4341,perf123456
perf_user_4342,perf123456
perf_user_4343,perf123456
perf_user_4344,perf123456
perf_user_4345,perf123456
perf_user_4346,perf123456
perf_user_4347,perf123456
perf_user_4348,perf123456
perf_user_4349,perf123456
perf_user_4350,perf123456
perf_user_4351,perf123456
perf_user_4352,perf123456
perf_user_4353,perf123456
perf_user_4354,perf123456
perf_user_4355,perf123456
perf_user_4356,perf123456
perf_user_4357,perf123456
perf_user_4358,perf123456
perf_user_4359,perf123456
perf_user_4360,perf123456
perf_user_4361,perf123456
perf_user_4362,perf123456
perf_user_4363,perf123456
perf_user_4364,perf123456
perf_user_4365,perf123456
perf_user_4366,perf123456
perf_user_4367,perf123456
perf_user_4368,perf123456
perf_user_4369,perf123456
perf_user_4370,perf123456
perf_user_4371,perf123456
perf_user_4372,perf123456
perf_user_4373,perf123456
perf_user_4374,perf123456
perf_user_4375,perf123456
perf_user_4376,perf123456
perf_user_4377,perf123456
perf_user_4378,perf123456
perf_user_4379,perf123456
perf_user_4380,perf123456
perf_user_4381,perf123456
perf_user_4382,perf123456
perf_user_4383,perf123456
perf_user_4384,perf123456
perf_user_4385,perf123456
perf_user_4386,perf123456
perf_user_4387,perf123456
perf_user_4388,perf123456
perf_user_4389,perf123456
perf_user_4390,perf123456
perf_user_4391,perf123456
perf_user_4392,perf123456
perf_user_4393,perf123456
perf_user_4394,perf123456
perf_user_4395,perf123456
perf_user_4396,perf123456
perf_user_4397,perf123456
perf_user_4398,perf123456
perf_user_4399,perf123456
perf_user_4400,perf123456
perf_user_4401,perf123456
perf_user_4402,perf123456
perf_user_4403,perf123456
perf_user_4404,perf123456
perf_user_4405,perf123456
perf_user_4406,perf123456
perf_user_4407,perf123456
perf_user_4408,perf123456
perf_user_4409,perf123456
perf_user_4410,perf123456
perf_user_4411,perf123456
perf_user_4412,perf123456
perf_user_4413,perf123456
perf_user_4414,perf123456
perf_user_4415,perf123456
perf_user_4416,perf123456
perf_user_4417,perf123456
perf_user_4418,perf123456
perf_user_4419,perf123456
perf_user_4420,perf123456
perf_user_4421,perf123456
perf_user_4422,perf123456
perf_user_4423,perf123456
perf_user_4424,perf123456
perf_user_4425,perf123456
perf_user_4426,perf123456
perf_user_4427,perf123456
perf_user_4428,perf123456
perf_user_4429,perf123456
perf_user_4430,perf123456
perf_user_4431,perf123456
perf_user_4432,perf123456
perf_user_4433,perf123456
perf_user_4434,perf123456
perf_user_4435,perf123456
perf_user_4436,perf123456
perf_user_4437,perf123456
perf_user_4438,perf123456
perf_user_4439,perf123456
perf_user_4440,perf123456
perf_user_4441,perf123456
perf_user_4442,perf123456
perf_user_4443,perf123456
perf_user_4444,perf123456
perf_user_4445,perf123456
perf_user_4446,perf123456
perf_user_4447,perf123456
perf_user_4448,perf123456
perf_user_4449,perf123456
perf_user_4450,perf123456
perf_user_4451,perf123456
perf_user_4452,perf123456
perf_user_4453,perf123456
perf_user_4454,perf123456
perf_user_4455,perf123456
perf_user_4456,perf123456
perf_user_4457,perf123456
perf_user_4458,perf123456
perf_user_4459,perf123456
perf_user_4460,perf123456
perf_user_4461,perf123456
perf_user_4462,perf123456
perf_user_4463,perf123456
perf_user_4464,perf123456
perf_user_4465,perf123456
perf_user_4466,perf123456
perf_user_4467,perf123456
perf_user_4468,perf123456
perf_user_4469,perf123456
perf_user_4470,perf123456
perf_user_4471,perf123456
perf_user_4472,perf123456
perf_user_4473,perf123456
perf_user_4474,perf123456
perf_user_4475,perf123456
perf_user_4476,perf123456
perf_user_4477,perf123456
perf_user_4478,perf123456
perf_user_4479,perf123456
perf_user_4480,perf123456
perf_user_4481,perf123456
perf_user_4482,perf123456
perf_user_4483,perf123456
perf_user_4484,perf123456
perf_user_4485,perf123456
perf_user_4486,perf123456
perf_user_4487,perf123456
perf_user_4488,perf123456
perf_user_4489,perf123456
perf_user_4490,perf123456
perf_user_4491,perf123456
perf_user_4492,perf123456
perf_user_4493,perf123456
perf_user_4494,perf123456
perf_user_4495,perf123456
perf_user_4496,perf123456
perf_user_4497,perf123456
perf_user_4498,perf123456
perf_user_4499,perf123456
perf_user_4500,perf123456
perf_user_4501,perf123456
perf_user_4502,perf123456
perf_user_4503,perf123456
perf_user_4504,perf123456
perf_user_4505,perf123456
perf_user_4506,perf123456
perf_user_4507,perf123456
perf_user_4508,perf123456
perf_user_4509,perf123456
perf_user_4510,perf123456
perf_user_4511,perf123456
perf_user_4512,perf123456
perf_user_4513,perf123456
perf_user_4514,perf123456
perf_user_4515,perf123456
perf_user_4516,perf123456
perf_user_4517,perf123456
perf_user_4518,perf123456
perf_user_4519,perf123456
perf_user_4520,perf123456
perf_user_4521,perf123456
perf_user_4522,perf123456
perf_user_4523,perf123456
perf_user_4524,perf123456
perf_user_4525,perf123456
perf_user_4526,perf123456
perf_user_4527,perf123456
perf_user_4528,perf123456
perf_user_4529,perf123456
perf_user_4530,perf123456
perf_user_4531,perf123456
perf_user_4532,perf123456
perf_user_4533,perf123456
perf_user_4534,perf123456
perf_user_4535,perf123456
perf_user_4536,perf123456
perf_user_4537,perf123456
perf_user_4538,perf123456
perf_user_4539,perf123456
perf_user_4540,perf123456
perf_user_4541,perf123456
perf_user_4542,perf123456
perf_user_4543,perf123456
perf_user_4544,perf123456
perf_user_4545,perf123456
perf_user_4546,perf123456
perf_user_4547,perf123456
perf_user_4548,perf123456
perf_user_4549,perf123456
perf_user_4550,perf123456
perf_user_4551,perf123456
perf_user_4552,perf123456
perf_user_4553,perf123456
perf_user_4554,perf123456
perf_user_4555,perf123456
perf_user_4556,perf123456
perf_user_4557,perf123456
perf_user_4558,perf123456
perf_user_4559,perf123456
perf_user_4560,perf123456
perf_user_4561,perf123456
perf_user_4562,perf123456
perf_user_4563,perf123456
perf_user_4564,perf123456
perf_user_4565,perf123456
perf_user_4566,perf123456
perf_user_4567,perf123456
perf_user_4568,perf123456
perf_user_4569,perf123456
perf_user_4570,perf123456
perf_user_4571,perf123456
perf_user_4572,perf123456
perf_user_4573,perf123456
perf_user_4574,perf123456
perf_user_4575,perf123456
perf_user_4576,perf123456
perf_user_4577,perf123456
perf_user_4578,perf123456
perf_user_4579,perf123456
perf_user_4580,perf123456
perf_user_4581,perf123456
perf_user_4582,perf123456
perf_user_4583,perf123456
perf_user_4584,perf123456
perf_user_4585,perf123456
perf_user_4586,perf123456
perf_user_4587,perf123456
perf_user_4588,perf123456
perf_user_4589,perf123456
perf_user_4590,perf123456
perf_user_4591,perf123456
perf_user_4592,perf123456
perf_user_4593,perf123456
perf_user_4594,perf123456
perf_user_4595,perf123456
perf_user_4596,perf123456
perf_user_4597,perf123456
perf_user_4598,perf123456
perf_user_4599,perf123456
perf_user_4600,perf123456
perf_user_4601,perf123456
perf_user_4602,perf123456
perf_user_4603,perf123456
perf_user_4604,perf123456
perf_user_4605,perf123456
perf_user_4606,perf123456
perf_user_4607,perf123456
perf_user_4608,perf123456
perf_user_4609,perf123456
perf_user_4610,perf123456
perf_user_4611,perf123456
perf_user_4612,perf123456
perf_user_4613,perf123456
perf_user_4614,perf123456
perf_user_4615,perf123456
perf_user_4616,perf123456
perf_user_4617,perf123456
perf_user_4618,perf123456
perf_user_4619,perf123456
perf_user_4620,perf123456
perf_user_4621,perf123456
perf_user_4622,perf123456
perf_user_4623,perf123456
perf_user_4624,perf123456
perf_user_4625,perf123456
perf_user_4626,perf123456
perf_user_4627,perf123456
perf_user_4628,perf123456
perf_user_4629,perf123456
perf_user_4630,perf123456
perf_user_4631,perf123456
perf_user_4632,perf123456
perf_user_4633,perf123456
perf_user_4634,perf123456
perf_user_4635,perf123456
perf_user_4636,perf123456
perf_user_4637,perf123456
perf_user_4638,perf123456
perf_user_4639,perf123456
perf_user_4640,perf123456
perf_user_4641,perf123456
perf_user_4642,perf123456
perf_user_4643,perf123456
perf_user_4644,perf123456
perf_user_4645,perf123456
perf_user_4646,perf123456
perf_user_4647,perf123456
perf_user_4648,perf123456
perf_user_4649,perf123456
perf_user_4650,perf123456
perf_user_4651,perf123456
perf_user_4652,perf123456
perf_user_4653,perf123456
perf_user_4654,perf123456
perf_user_4655,perf123456
perf_user_4656,perf123456
perf_user_4657,perf123456
perf_user_4658,perf123456
perf_user_4659,perf123456
perf_user_4660,perf123456
perf_user_4661,perf123456
perf_user_4662,perf123456
perf_user_4663,perf123456
perf_user_4664,perf123456
perf_user_4665,perf123456
perf_user_4666,perf123456
perf_user_4667,perf123456
perf_user_4668,perf123456
perf_user_4669,perf123456
perf_user_4670,perf123456
perf_user_4671,perf123456
perf_user_4672,perf123456
perf_user_4673,perf123456
perf_user_4674,perf123456
perf_user_4675,perf123456
perf_user_4676,perf123456
perf_user_4677,perf123456
perf_user_4678,perf123456
perf_user_4679,perf123456
perf_user_4680,perf123456
perf_user_4681,perf123456
perf_user_4682,perf123456
perf_user_4683,perf123456
perf_user_4684,perf123456
perf_user_4685,perf123456
perf_user_4686,perf123456
perf_user_4687,perf123456
perf_user_4688,perf123456
perf_user_4689,perf123456
perf_user_4690,perf123456
perf_user_4691,perf123456
perf_user_4692,perf123456
perf_user_4693,perf123456
perf_user_4694,perf123456
perf_user_4695,perf123456
perf_user_4696,perf123456
perf_user_4697,perf123456
perf_user_4698,perf123456
perf_user_4699,perf123456
perf_user_4700,perf123456
perf_user_4701,perf123456
perf_user_4702,perf123456
perf_user_4703,perf123456
perf_user_4704,perf123456
perf_user_4705,perf123456
perf_user_4706,perf123456
perf_user_4707,perf123456
perf_user_4708,perf123456
perf_user_4709,perf123456
perf_user_4710,perf123456
perf_user_4711,perf123456
perf_user_4712,perf123456
perf_user_4713,perf123456
perf_user_4714,perf123456
perf_user_4715,perf123456
perf_user_4716,perf123456
perf_user_4717,perf123456
perf_user_4718,perf123456
perf_user_4719,perf123456
perf_user_4720,perf123456
perf_user_4721,perf123456
perf_user_4722,perf123456
perf_user_4723,perf123456
perf_user_4724,perf123456
perf_user_4725,perf123456
perf_user_4726,perf123456
perf_user_4727,perf123456
perf_user_4728,perf123456
perf_user_4729,perf123456
perf_user_4730,perf123456
perf_user_4731,perf123456
perf_user_4732,perf123456
perf_user_4733,perf123456
perf_user_4734,perf123456
perf_user_4735,perf123456
perf_user_4736,perf123456
perf_user_4737,perf123456
perf_user_4738,perf123456
perf_user_4739,perf123456
perf_user_4740,perf123456
perf_user_4741,perf123456
perf_user_4742,perf123456
perf_user_4743,perf123456
perf_user_4744,perf123456
perf_user_4745,perf123456
perf_user_4746,perf123456
perf_user_4747,perf123456
perf_user_4748,perf123456
perf_user_4749,perf123456
perf_user_4750,perf123456
perf_user_4751,perf123456
perf_user_4752,perf123456
perf_user_4753,perf123456
perf_user_4754,perf123456
perf_user_4755,perf123456
perf_user_4756,perf123456
perf_user_4757,perf123456
perf_user_4758,perf123456
perf_user_4759,perf123456
perf_user_4760,perf123456
perf_user_4761,perf123456
perf_user_4762,perf123456
perf_user_4763,perf123456
perf_user_4764,perf123456
perf_user_4765,perf123456
perf_user_4766,perf123456
perf_user_4767,perf123456
perf_user_4768,perf123456
perf_user_4769,perf123456
perf_user_4770,perf123456
perf_user_4771,perf123456
perf_user_4772,perf123456
perf_user_4773,perf123456
perf_user_4774,perf123456
perf_user_4775,perf123456
perf_user_4776,perf123456
perf_user_4777,perf123456
perf_user_4778,perf123456
perf_user_4779,perf123456
perf_user_4780,perf123456
perf_user_4781,perf123456
perf_user_4782,perf123456
perf_user_4783,perf123456
perf_user_4784,perf123456
perf_user_4785,perf123456
perf_user_4786,perf123456
perf_user_4787,perf123456
perf_user_4788,perf123456
perf_user_4789,perf123456
perf_user_4790,perf123456
perf_user_4791,perf123456
perf_user_4792,perf123456
perf_user_4793,perf123456
perf_user_4794,perf123456
perf_user_4795,perf123456
perf_user_4796,perf123456
perf_user_4797,perf123456
perf_user_4798,perf123456
perf_user_4799,perf123456
perf_user_4800,perf123456
perf_user_4801,perf123456
perf_user_4802,perf123456
perf_user_4803,perf123456
perf_user_4804,perf123456
perf_user_4805,perf123456
perf_user_4806,perf123456
perf_user_4807,perf123456
perf_user_4808,perf123456
perf_user_4809,perf123456
perf_user_4810,perf123456
perf_user_4811,perf123456
perf_user_4812,perf123456
perf_user_4813,perf123456
perf_user_4814,perf123456
perf_user_4815,perf123456
perf_user_4816,perf123456
perf_user_4817,perf123456
perf_user_4818,perf123456
perf_user_4819,perf123456
perf_user_4820,perf123456
perf_user_4821,perf123456
perf_user_4822,perf123456
perf_user_4823,perf123456
perf_user_4824,perf123456
perf_user_4825,perf123456
perf_user_4826,perf123456
perf_user_4827,perf123456
perf_user_4828,perf123456
perf_user_4829,perf123456
perf_user_4830,perf123456
perf_user_4831,perf123456
perf_user_4832,perf123456
perf_user_4833,perf123456
perf_user_4834,perf123456
perf_user_4835,perf123456
perf_user_4836,perf123456
perf_user_4837,perf123456
perf_user_4838,perf123456
perf_user_4839,perf123456
perf_user_4840,perf123456
perf_user_4841,perf123456
perf_user_4842,perf123456
perf_user_4843,perf123456
perf_user_4844,perf123456
perf_user_4845,perf123456
perf_user_4846,perf123456
perf_user_4847,perf123456
perf_user_4848,perf123456
perf_user_4849,perf123456
perf_user_4850,perf123456
perf_user_4851,perf123456
perf_user_4852,perf123456
perf_user_4853,perf123456
perf_user_4854,perf123456
perf_user_4855,perf123456
perf_user_4856,perf123456
perf_user_4857,perf123456
perf_user_4858,perf123456
perf_user_4859,perf123456
perf_user_4860,perf123456
perf_user_4861,perf123456
perf_user_4862,perf123456
perf_user_4863,perf123456
perf_user_4864,perf123456
perf_user_4865,perf123456
perf_user_4866,perf123456
perf_user_4867,perf123456
perf_user_4868,perf123456
perf_user_4869,perf123456
perf_user_4870,perf123456
perf_user_4871,perf123456
perf_user_4872,perf123456
perf_user_4873,perf123456
perf_user_4874,perf123456
perf_user_4875,perf123456
perf_user_4876,perf123456
perf_user_4877,perf123456
perf_user_4878,perf123456
perf_user_4879,perf123456
perf_user_4880,perf123456
perf_user_4881,perf123456
perf_user_4882,perf123456
perf_user_4883,perf123456
perf_user_4884,perf123456
perf_user_4885,perf123456
perf_user_4886,perf123456
perf_user_4887,perf123456
perf_user_4888,perf123456
perf_user_4889,perf123456
perf_user_4890,perf123456
perf_user_4891,perf123456
perf_user_4892,perf123456
perf_user_4893,perf123456
perf_user_4894,perf123456
perf_user_4895,perf123456
perf_user_4896,perf123456
perf_user_4897,perf123456
perf_user_4898,perf123456
perf_user_4899,perf123456
perf_user_4900,perf123456
perf_user_4901,perf123456
perf_user_4902,perf123456
perf_user_4903,perf123456
perf_user_4904,perf123456
perf_user_4905,perf123456
perf_user_4906,perf123456
perf_user_4907,perf123456
perf_user_4908,perf123456
perf_user_4909,perf123456
perf_user_4910,perf123456
perf_user_4911,perf123456
perf_user_4912,perf123456
perf_user_4913,perf123456
perf_user_4914,perf123456
perf_user_4915,perf123456
perf_user_4916,perf123456
perf_user_4917,perf123456
perf_user_4918,perf123456
perf_user_4919,perf123456
perf_user_4920,perf123456
perf_user_4921,perf123456
perf_user_4922,perf123456
perf_user_4923,perf123456
perf_user_4924,perf123456
perf_user_4925,perf123456
perf_user_4926,perf123456
perf_user_4927,perf123456
perf_user_4928,perf123456
perf_user_4929,perf123456
perf_user_4930,perf123456
perf_user_4931,perf123456
perf_user_4932,perf123456
perf_user_4933,perf123456
perf_user_4934,perf123456
perf_user_4935,perf123456
perf_user_4936,perf123456
perf_user_4937,perf123456
perf_user_4938,perf123456
perf_user_4939,perf123456
perf_user_4940,perf123456
perf_user_4941,perf123456
perf_user_4942,perf123456
perf_user_4943,perf123456
perf_user_4944,perf123456
perf_user_4945,perf123456
perf_user_4946,perf123456
perf_user_4947,perf123456
perf_user_4948,perf123456
perf_user_4949,perf123456
perf_user_4950,perf123456
perf_user_4951,perf123456
perf_user_4952,perf123456
perf_user_4953,perf123456
perf_user_4954,perf123456
perf_user_4955,perf123456
perf_user_4956,perf123456
perf_user_4957,perf123456
perf_user_4958,perf123456
perf_user_4959,perf123456
perf_user_4960,perf123456
perf_user_4961,perf123456
perf_user_4962,perf123456
perf_user_4963,perf123456
perf_user_4964,perf123456
perf_user_4965,perf123456
perf_user_4966,perf123456
perf_user_4967,perf123456
perf_user_4968,perf123456
perf_user_4969,perf123456
perf_user_4970,perf123456
perf_user_4971,perf123456
perf_user_4972,perf123456
perf_user_4973,perf123456
perf_user_4974,perf123456
perf_user_4975,perf123456
perf_user_4976,perf123456
perf_user_4977,perf123456
perf_user_4978,perf123456
perf_user_4979,perf123456
perf_user_4980,perf123456
perf_user_4981,perf123456
perf_user_4982,perf123456
perf_user_4983,perf123456
perf_user_4984,perf123456
perf_user_4985,perf123456
perf_user_4986,perf123456
perf_user_4987,perf123456
perf_user_4988,perf123456
perf_user_4989,perf123456
perf_user_4990,perf123456
perf_user_4991,perf123456
perf_user_4992,perf123456
perf_user_4993,perf123456
perf_user_4994,perf123456
perf_user_4995,perf123456
perf_user_4996,perf123456
perf_user_4997,perf123456
perf_user_4998,perf123456
perf_user_4999,perf123456
perf_user_5000,perf123456
perf_user_5001,perf123456
perf_user_5002,perf123456
perf_user_5003,perf123456
perf_user_5004,perf123456
perf_user_5005,perf123456
perf_user_5006,perf123456
perf_user_5007,perf123456
perf_user_5008,perf123456
perf_user_5009,perf123456
perf_user_5010,perf123456
perf_user_5011,perf123456
perf_user_5012,perf123456
perf_user_5013,perf123456
perf_user_5014,perf123456
perf_user_5015,perf123456
perf_user_5016,perf123456
perf_user_5017,perf123456
perf_user_5018,perf123456
perf_user_5019,perf123456
perf_user_5020,perf123456
perf_user_5021,perf123456
perf_user_5022,perf123456
perf_user_5023,perf123456
perf_user_5024,perf123456
perf_user_5025,perf123456
perf_user_5026,perf123456
perf_user_5027,perf123456
perf_user_5028,perf123456
perf_user_5029,perf123456
perf_user_5030,perf123456
perf_user_5031,perf123456
perf_user_5032,perf123456
perf_user_5033,perf123456
perf_user_5034,perf123456
perf_user_5035,perf123456
perf_user_5036,perf123456
perf_user_5037,perf123456
perf_user_5038,perf123456
perf_user_5039,perf123456
perf_user_5040,perf123456
perf_user_5041,perf123456
perf_user_5042,perf123456
perf_user_5043,perf123456
perf_user_5044,perf123456
perf_user_5045,perf123456
perf_user_5046,perf123456
perf_user_5047,perf123456
perf_user_5048,perf123456
perf_user_5049,perf123456
perf_user_5050,perf123456
perf_user_5051,perf123456
perf_user_5052,perf123456
perf_user_5053,perf123456
perf_user_5054,perf123456
perf_user_5055,perf123456
perf_user_5056,perf123456
perf_user_5057,perf123456
perf_user_5058,perf123456
perf_user_5059,perf123456
perf_user_5060,perf123456
perf_user_5061,perf123456
perf_user_5062,perf123456
perf_user_5063,perf123456
perf_user_5064,perf123456
perf_user_5065,perf123456
perf_user_5066,perf123456
perf_user_5067,perf123456
perf_user_5068,perf123456
perf_user_5069,perf123456
perf_user_5070,perf123456
perf_user_5071,perf123456
perf_user_5072,perf123456
perf_user_5073,perf123456
perf_user_5074,perf123456
perf_user_5075,perf123456
perf_user_5076,perf123456
perf_user_5077,perf123456
perf_user_5078,perf123456
perf_user_5079,perf123456
perf_user_5080,perf123456
perf_user_5081,perf123456
perf_user_5082,perf123456
perf_user_5083,perf123456
perf_user_5084,perf123456
perf_user_5085,perf123456
perf_user_5086,perf123456
perf_user_5087,perf123456
perf_user_5088,perf123456
perf_user_5089,perf123456
perf_user_5090,perf123456
perf_user_5091,perf123456
perf_user_5092,perf123456
perf_user_5093,perf123456
perf_user_5094,perf123456
perf_user_5095,perf123456
perf_user_5096,perf123456
perf_user_5097,perf123456
perf_user_5098,perf123456
perf_user_5099,perf123456
perf_user_5100,perf123456
perf_user_5101,perf123456
perf_user_5102,perf123456
perf_user_5103,perf123456
perf_user_5104,perf123456
perf_user_5105,perf123456
perf_user_5106,perf123456
perf_user_5107,perf123456
perf_user_5108,perf123456
perf_user_5109,perf123456
perf_user_5110,perf123456
perf_user_5111,perf123456
perf_user_5112,perf123456
perf_user_5113,perf123456
perf_user_5114,perf123456
perf_user_5115,perf123456
perf_user_5116,perf123456
perf_user_5117,perf123456
perf_user_5118,perf123456
perf_user_5119,perf123456
perf_user_5120,perf123456
perf_user_5121,perf123456
perf_user_5122,perf123456
perf_user_5123,perf123456
perf_user_5124,perf123456
perf_user_5125,perf123456
perf_user_5126,perf123456
perf_user_5127,perf123456
perf_user_5128,perf123456
perf_user_5129,perf123456
perf_user_5130,perf123456
perf_user_5131,perf123456
perf_user_5132,perf123456
perf_user_5133,perf123456
perf_user_5134,perf123456
perf_user_5135,perf123456
perf_user_5136,perf123456
perf_user_5137,perf123456
perf_user_5138,perf123456
perf_user_5139,perf123456
perf_user_5140,perf123456
perf_user_5141,perf123456
perf_user_5142,perf123456
perf_user_5143,perf123456
perf_user_5144,perf123456
perf_user_5145,perf123456
perf_user_5146,perf123456
perf_user_5147,perf123456
perf_user_5148,perf123456
perf_user_5149,perf123456
perf_user_5150,perf123456
perf_user_5151,perf123456
perf_user_5152,perf123456
perf_user_5153,perf123456
perf_user_5154,perf123456
perf_user_5155,perf123456
perf_user_5156,perf123456
perf_user_5157,perf123456
perf_user_5158,perf123456
perf_user_5159,perf123456
perf_user_5160,perf123456
perf_user_5161,perf123456
perf_user_5162,perf123456
perf_user_5163,perf123456
perf_user_5164,perf123456
perf_user_5165,perf123456
perf_user_5166,perf123456
perf_user_5167,perf123456
perf_user_5168,perf123456
perf_user_5169,perf123456
perf_user_5170,perf123456
perf_user_5171,perf123456
perf_user_5172,perf123456
perf_user_5173,perf123456
perf_user_5174,perf123456
perf_user_5175,perf123456
perf_user_5176,perf123456
perf_user_5177,perf123456
perf_user_5178,perf123456
perf_user_5179,perf123456
perf_user_5180,perf123456
perf_user_5181,perf123456
perf_user_5182,perf123456
perf_user_5183,perf123456
perf_user_5184,perf123456
perf_user_5185,perf123456
perf_user_5186,perf123456
perf_user_5187,perf123456
perf_user_5188,perf123456
perf_user_5189,perf123456
perf_user_5190,perf123456
perf_user_5191,perf123456
perf_user_5192,perf123456
perf_user_5193,perf123456
perf_user_5194,perf123456
perf_user_5195,perf123456
perf_user_5196,perf123456
perf_user_5197,perf123456
perf_user_5198,perf123456
perf_user_5199,perf123456
perf_user_5200,perf123456
perf_user_5201,perf123456
perf_user_5202,perf123456
perf_user_5203,perf123456
perf_user_5204,perf123456
perf_user_5205,perf123456
perf_user_5206,perf123456
perf_user_5207,perf123456
perf_user_5208,perf123456
perf_user_5209,perf123456
perf_user_5210,perf123456
perf_user_5211,perf123456
perf_user_5212,perf123456
perf_user_5213,perf123456
perf_user_5214,perf123456
perf_user_5215,perf123456
perf_user_5216,perf123456
perf_user_5217,perf123456
perf_user_5218,perf123456
perf_user_5219,perf123456
perf_user_5220,perf123456
perf_user_5221,perf123456
perf_user_5222,perf123456
perf_user_5223,perf123456
perf_user_5224,perf123456
perf_user_5225,perf123456
perf_user_5226,perf123456
perf_user_5227,perf123456
perf_user_5228,perf123456
perf_user_5229,perf123456
perf_user_5230,perf123456
perf_user_5231,perf123456
perf_user_5232,perf123456
perf_user_5233,perf123456
perf_user_5234,perf123456
perf_user_5235,perf123456
perf_user_5236,perf123456
perf_user_5237,perf123456
perf_user_5238,perf123456
perf_user_5239,perf123456
perf_user_5240,perf123456
perf_user_5241,perf123456
perf_user_5242,perf123456
perf_user_5243,perf123456
perf_user_5244,perf123456
perf_user_5245,perf123456
perf_user_5246,perf123456
perf_user_5247,perf123456
perf_user_5248,perf123456
perf_user_5249,perf123456
perf_user_5250,perf123456
perf_user_5251,perf123456
perf_user_5252,perf123456
perf_user_5253,perf123456
perf_user_5254,perf123456
perf_user_5255,perf123456
perf_user_5256,perf123456
perf_user_5257,perf123456
perf_user_5258,perf123456
perf_user_5259,perf123456
perf_user_5260,perf123456
perf_user_5261,perf123456
perf_user_5262,perf123456
perf_user_5263,perf123456
perf_user_5264,perf123456
perf_user_5265,perf123456
perf_user_5266,perf123456
perf_user_5267,perf123456
perf_user_5268,perf123456
perf_user_5269,perf123456
perf_user_5270,perf123456
perf_user_5271,perf123456
perf_user_5272,perf123456
perf_user_5273,perf123456
perf_user_5274,perf123456
perf_user_5275,perf123456
perf_user_5276,perf123456
perf_user_5277,perf123456
perf_user_5278,perf123456
perf_user_5279,perf123456
perf_user_5280,perf123456
perf_user_5281,perf123456
perf_user_5282,perf123456
perf_user_5283,perf123456
perf_user_5284,perf123456
perf_user_5285,perf123456
perf_user_5286,perf123456
perf_user_5287,perf123456
perf_user_5288,perf123456
perf_user_5289,perf123456
perf_user_5290,perf123456
perf_user_5291,perf123456
perf_user_5292,perf123456
perf_user_5293,perf123456
perf_user_5294,perf123456
perf_user_5295,perf123456
perf_user_5296,perf123456
perf_user_5297,perf123456
perf_user_5298,perf123456
perf_user_5299,perf123456
perf_user_5300,perf123456
perf_user_5301,perf123456
perf_user_5302,perf123456
perf_user_5303,perf123456
perf_user_5304,perf123456
perf_user_5305,perf123456
perf_user_5306,perf123456
perf_user_5307,perf123456
perf_user_5308,perf123456
perf_user_5309,perf123456
perf_user_5310,perf123456
perf_user_5311,perf123456
perf_user_5312,perf123456
perf_user_5313,perf123456
perf_user_5314,perf123456
perf_user_5315,perf123456
perf_user_5316,perf123456
perf_user_5317,perf123456
perf_user_5318,perf123456
perf_user_5319,perf123456
perf_user_5320,perf123456
perf_user_5321,perf123456
perf_user_5322,perf123456
perf_user_5323,perf123456
perf_user_5324,perf123456
perf_user_5325,perf123456
perf_user_5326,perf123456
perf_user_5327,perf123456
perf_user_5328,perf123456
perf_user_5329,perf123456
perf_user_5330,perf123456
perf_user_5331,perf123456
perf_user_5332,perf123456
perf_user_5333,perf123456
perf_user_5334,perf123456
perf_user_5335,perf123456
perf_user_5336,perf123456
perf_user_5337,perf123456
perf_user_5338,perf123456
perf_user_5339,perf123456
perf_user_5340,perf123456
perf_user_5341,perf123456
perf_user_5342,perf123456
perf_user_5343,perf123456
perf_user_5344,perf123456
perf_user_5345,perf123456
perf_user_5346,perf123456
perf_user_5347,perf123456
perf_user_5348,perf123456
perf_user_5349,perf123456
perf_user_5350,perf123456
perf_user_5351,perf123456
perf_user_5352,perf123456
perf_user_5353,perf123456
perf_user_5354,perf123456
perf_user_5355,perf123456
perf_user_5356,perf123456
perf_user_5357,perf123456
perf_user_5358,perf123456
perf_user_5359,perf123456
perf_user_5360,perf123456
perf_user_5361,perf123456
perf_user_5362,perf123456
perf_user_5363,perf123456
perf_user_5364,perf123456
perf_user_5365,perf123456
perf_user_5366,perf123456
perf_user_5367,perf123456
perf_user_5368,perf123456
perf_user_5369,perf123456
perf_user_5370,perf123456
perf_user_5371,perf123456
perf_user_5372,perf123456
perf_user_5373,perf123456
perf_user_5374,perf123456
perf_user_5375,perf123456
perf_user_5376,perf123456
perf_user_5377,perf123456
perf_user_5378,perf123456
perf_user_5379,perf123456
perf_user_5380,perf123456
perf_user_5381,perf123456
perf_user_5382,perf123456
perf_user_5383,perf123456
perf_user_5384,perf123456
perf_user_5385,perf123456
perf_user_5386,perf123456
perf_user_5387,perf123456
perf_user_5388,perf123456
perf_user_5389,perf123456
perf_user_5390,perf123456
perf_user_5391,perf123456
perf_user_5392,perf123456
perf_user_5393,perf123456
perf_user_5394,perf123456
perf_user_5395,perf123456
perf_user_5396,perf123456
perf_user_5397,perf123456
perf_user_5398,perf123456
perf_user_5399,perf123456
perf_user_5400,perf123456
perf_user_5401,perf123456
perf_user_5402,perf123456
perf_user_5403,perf123456
perf_user_5404,perf123456
perf_user_5405,perf123456
perf_user_5406,perf123456
perf_user_5407,perf123456
perf_user_5408,perf123456
perf_user_5409,perf123456
perf_user_5410,perf123456
perf_user_5411,perf123456
perf_user_5412,perf123456
perf_user_5413,perf123456
perf_user_5414,perf123456
perf_user_5415,perf123456
perf_user_5416,perf123456
perf_user_5417,perf123456
perf_user_5418,perf123456
perf_user_5419,perf123456
perf_user_5420,perf123456
perf_user_5421,perf123456
perf_user_5422,perf123456
perf_user_5423,perf123456
perf_user_5424,perf123456
perf_user_5425,perf123456
perf_user_5426,perf123456
perf_user_5427,perf123456
perf_user_5428,perf123456
perf_user_5429,perf123456
perf_user_5430,perf123456
perf_user_5431,perf123456
perf_user_5432,perf123456
perf_user_5433,perf123456
perf_user_5434,perf123456
perf_user_5435,perf123456
perf_user_5436,perf123456
perf_user_5437,perf123456
perf_user_5438,perf123456
perf_user_5439,perf123456
perf_user_5440,perf123456
perf_user_5441,perf123456
perf_user_5442,perf123456
perf_user_5443,perf123456
perf_user_5444,perf123456
perf_user_5445,perf123456
perf_user_5446,perf123456
perf_user_5447,perf123456
perf_user_5448,perf123456
perf_user_5449,perf123456
perf_user_5450,perf123456
perf_user_5451,perf123456
perf_user_5452,perf123456
perf_user_5453,perf123456
perf_user_5454,perf123456
perf_user_5455,perf123456
perf_user_5456,perf123456
perf_user_5457,perf123456
perf_user_5458,perf123456
perf_user_5459,perf123456
perf_user_5460,perf123456
perf_user_5461,perf123456
perf_user_5462,perf123456
perf_user_5463,perf123456
perf_user_5464,perf123456
perf_user_5465,perf123456
perf_user_5466,perf123456
perf_user_5467,perf123456
perf_user_5468,perf123456
perf_user_5469,perf123456
perf_user_5470,perf123456
perf_user_5471,perf123456
perf_user_5472,perf123456
perf_user_5473,perf123456
perf_user_5474,perf123456
perf_user_5475,perf123456
perf_user_5476,perf123456
perf_user_5477,perf123456
perf_user_5478,perf123456
perf_user_5479,perf123456
perf_user_5480,perf123456
perf_user_5481,perf123456
perf_user_5482,perf123456
perf_user_5483,perf123456
perf_user_5484,perf123456
perf_user_5485,perf123456
perf_user_5486,perf123456
perf_user_5487,perf123456
perf_user_5488,perf123456
perf_user_5489,perf123456
perf_user_5490,perf123456
perf_user_5491,perf123456
perf_user_5492,perf123456
perf_user_5493,perf123456
perf_user_5494,perf123456
perf_user_5495,perf123456
perf_user_5496,perf123456
perf_user_5497,perf123456
perf_user_5498,perf123456
perf_user_5499,perf123456
perf_user_5500,perf123456
perf_user_5501,perf123456
perf_user_5502,perf123456
perf_user_5503,perf123456
perf_user_5504,perf123456
perf_user_5505,perf123456
perf_user_5506,perf123456
perf_user_5507,perf123456
perf_user_5508,perf123456
perf_user_5509,perf123456
perf_user_5510,perf123456
perf_user_5511,perf123456
perf_user_5512,perf123456
perf_user_5513,perf123456
perf_user_5514,perf123456
perf_user_5515,perf123456
perf_user_5516,perf123456
perf_user_5517,perf123456
perf_user_5518,perf123456
perf_user_5519,perf123456
perf_user_5520,perf123456
perf_user_5521,perf123456
perf_user_5522,perf123456
perf_user_5523,perf123456
perf_user_5524,perf123456
perf_user_5525,perf123456
perf_user_5526,perf123456
perf_user_5527,perf123456
perf_user_5528,perf123456
perf_user_5529,perf123456
perf_user_5530,perf123456
perf_user_5531,perf123456
perf_user_5532,perf123456
perf_user_5533,perf123456
perf_user_5534,perf123456
perf_user_5535,perf123456
perf_user_5536,perf123456
perf_user_5537,perf123456
perf_user_5538,perf123456
perf_user_5539,perf123456
perf_user_5540,perf123456
perf_user_5541,perf123456
perf_user_5542,perf123456
perf_user_5543,perf123456
perf_user_5544,perf123456
perf_user_5545,perf123456
perf_user_5546,perf123456
perf_user_5547,perf123456
perf_user_5548,perf123456
perf_user_5549,perf123456
perf_user_5550,perf123456
perf_user_5551,perf123456
perf_user_5552,perf123456
perf_user_5553,perf123456
perf_user_5554,perf123456
perf_user_5555,perf123456
perf_user_5556,perf123456
perf_user_5557,perf123456
perf_user_5558,perf123456
perf_user_5559,perf123456
perf_user_5560,perf123456
perf_user_5561,perf123456
perf_user_5562,perf123456
perf_user_5563,perf123456
perf_user_5564,perf123456
perf_user_5565,perf123456
perf_user_5566,perf123456
perf_user_5567,perf123456
perf_user_5568,perf123456
perf_user_5569,perf123456
perf_user_5570,perf123456
perf_user_5571,perf123456
perf_user_5572,perf123456
perf_user_5573,perf123456
perf_user_5574,perf123456
perf_user_5575,perf123456
perf_user_5576,perf123456
perf_user_5577,perf123456
perf_user_5578,perf123456
perf_user_5579,perf123456
perf_user_5580,perf123456
perf_user_5581,perf123456
perf_user_5582,perf123456
perf_user_5583,perf123456
perf_user_5584,perf123456
perf_user_5585,perf123456
perf_user_5586,perf123456
perf_user_5587,perf123456
perf_user_5588,perf123456
perf_user_5589,perf123456
perf_user_5590,perf123456
perf_user_5591,perf123456
perf_user_5592,perf123456
perf_user_5593,perf123456
perf_user_5594,perf123456
perf_user_5595,perf123456
perf_user_5596,perf123456
perf_user_5597,perf123456
perf_user_5598,perf123456
perf_user_5599,perf123456
perf_user_5600,perf123456
perf_user_5601,perf123456
perf_user_5602,perf123456
perf_user_5603,perf123456
perf_user_5604,perf123456
perf_user_5605,perf123456
perf_user_5606,perf123456
perf_user_5607,perf123456
perf_user_5608,perf123456
perf_user_5609,perf123456
perf_user_5610,perf123456
perf_user_5611,perf123456
perf_user_5612,perf123456
perf_user_5613,perf123456
perf_user_5614,perf123456
perf_user_5615,perf123456
perf_user_5616,perf123456
perf_user_5617,perf123456
perf_user_5618,perf123456
perf_user_5619,perf123456
perf_user_5620,perf123456
perf_user_5621,perf123456
perf_user_5622,perf123456
perf_user_5623,perf123456
perf_user_5624,perf123456
perf_user_5625,perf123456
perf_user_5626,perf123456
perf_user_5627,perf123456
perf_user_5628,perf123456
perf_user_5629,perf123456
perf_user_5630,perf123456
perf_user_5631,perf123456
perf_user_5632,perf123456
perf_user_5633,perf123456
perf_user_5634,perf123456
perf_user_5635,perf123456
perf_user_5636,perf123456
perf_user_5637,perf123456
perf_user_5638,perf123456
perf_user_5639,perf123456
perf_user_5640,perf123456
perf_user_5641,perf123456
perf_user_5642,perf123456
perf_user_5643,perf123456
perf_user_5644,perf123456
perf_user_5645,perf123456
perf_user_5646,perf123456
perf_user_5647,perf123456
perf_user_5648,perf123456
perf_user_5649,perf123456
perf_user_5650,perf123456
perf_user_5651,perf123456
perf_user_5652,perf123456
perf_user_5653,perf123456
perf_user_5654,perf123456
perf_user_5655,perf123456
perf_user_5656,perf123456
perf_user_5657,perf123456
perf_user_5658,perf123456
perf_user_5659,perf123456
perf_user_5660,perf123456
perf_user_5661,perf123456
perf_user_5662,perf123456
perf_user_5663,perf123456
perf_user_5664,perf123456
perf_user_5665,perf123456
perf_user_5666,perf123456
perf_user_5667,perf123456
perf_user_5668,perf123456
perf_user_5669,perf123456
perf_user_5670,perf123456
perf_user_5671,perf123456
perf_user_5672,perf123456
perf_user_5673,perf123456
perf_user_5674,perf123456
perf_user_5675,perf123456
perf_user_5676,perf123456
perf_user_5677,perf123456
perf_user_5678,perf123456
perf_user_5679,perf123456
perf_user_5680,perf123456
perf_user_5681,perf123456
perf_user_5682,perf123456
perf_user_5683,perf123456
perf_user_5684,perf123456
perf_user_5685,perf123456
perf_user_5686,perf123456
perf_user_5687,perf123456
perf_user_5688,perf123456
perf_user_5689,perf123456
perf_user_5690,perf123456
perf_user_5691,perf123456
perf_user_5692,perf123456
perf_user_5693,perf123456
perf_user_5694,perf123456
perf_user_5695,perf123456
perf_user_5696,perf123456
perf_user_5697,perf123456
perf_user_5698,perf123456
perf_user_5699,perf123456
perf_user_5700,perf123456
perf_user_5701,perf123456
perf_user_5702,perf123456
perf_user_5703,perf123456
perf_user_5704,perf123456
perf_user_5705,perf123456
perf_user_5706,perf123456
perf_user_5707,perf123456
perf_user_5708,perf123456
perf_user_5709,perf123456
perf_user_5710,perf123456
perf_user_5711,perf123456
perf_user_5712,perf123456
perf_user_5713,perf123456
perf_user_5714,perf123456
perf_user_5715,perf123456
perf_user_5716,perf123456
perf_user_5717,perf123456
perf_user_5718,perf123456
perf_user_5719,perf123456
perf_user_5720,perf123456
perf_user_5721,perf123456
perf_user_5722,perf123456
perf_user_5723,perf123456
perf_user_5724,perf123456
perf_user_5725,perf123456
perf_user_5726,perf123456
perf_user_5727,perf123456
perf_user_5728,perf123456
perf_user_5729,perf123456
perf_user_5730,perf123456
perf_user_5731,perf123456
perf_user_5732,perf123456
perf_user_5733,perf123456
perf_user_5734,perf123456
perf_user_5735,perf123456
perf_user_5736,perf123456
perf_user_5737,perf123456
perf_user_5738,perf123456
perf_user_5739,perf123456
perf_user_5740,perf123456
perf_user_5741,perf123456
perf_user_5742,perf123456
perf_user_5743,perf123456
perf_user_5744,perf123456
perf_user_5745,perf123456
perf_user_5746,perf123456
perf_user_5747,perf123456
perf_user_5748,perf123456
perf_user_5749,perf123456
perf_user_5750,perf123456
perf_user_5751,perf123456
perf_user_5752,perf123456
perf_user_5753,perf123456
perf_user_5754,perf123456
perf_user_5755,perf123456
perf_user_5756,perf123456
perf_user_5757,perf123456
perf_user_5758,perf123456
perf_user_5759,perf123456
perf_user_5760,perf123456
perf_user_5761,perf123456
perf_user_5762,perf123456
perf_user_5763,perf123456
perf_user_5764,perf123456
perf_user_5765,perf123456
perf_user_5766,perf123456
perf_user_5767,perf123456
perf_user_5768,perf123456
perf_user_5769,perf123456
perf_user_5770,perf123456
perf_user_5771,perf123456
perf_user_5772,perf123456
perf_user_5773,perf123456
perf_user_5774,perf123456
perf_user_5775,perf123456
perf_user_5776,perf123456
perf_user_5777,perf123456
perf_user_5778,perf123456
perf_user_5779,perf123456
perf_user_5780,perf123456
perf_user_5781,perf123456
perf_user_5782,perf123456
perf_user_5783,perf123456
perf_user_5784,perf123456
perf_user_5785,perf123456
perf_user_5786,perf123456
perf_user_5787,perf123456
perf_user_5788,perf123456
perf_user_5789,perf123456
perf_user_5790,perf123456
perf_user_5791,perf123456
perf_user_5792,perf123456
perf_user_5793,perf123456
perf_user_5794,perf123456
perf_user_5795,perf123456
perf_user_5796,perf123456
perf_user_5797,perf123456
perf_user_5798,perf123456
perf_user_5799,perf123456
perf_user_5800,perf123456
perf_user_5801,perf123456
perf_user_5802,perf123456
perf_user_5803,perf123456
perf_user_5804,perf123456
perf_user_5805,perf123456
perf_user_5806,perf123456
perf_user_5807,perf123456
perf_user_5808,perf123456
perf_user_5809,perf123456
perf_user_5810,perf123456
perf_user_5811,perf123456
perf_user_5812,perf123456
perf_user_5813,perf123456
perf_user_5814,perf123456
perf_user_5815,perf123456
perf_user_5816,perf123456
perf_user_5817,perf123456
perf_user_5818,perf123456
perf_user_5819,perf123456
perf_user_5820,perf123456
perf_user_5821,perf123456
perf_user_5822,perf123456
perf_user_5823,perf123456
perf_user_5824,perf123456
perf_user_5825,perf123456
perf_user_5826,perf123456
perf_user_5827,perf123456
perf_user_5828,perf123456
perf_user_5829,perf123456
perf_user_5830,perf123456
perf_user_5831,perf123456
perf_user_5832,perf123456
perf_user_5833,perf123456
perf_user_5834,perf123456
perf_user_5835,perf123456
perf_user_5836,perf123456
perf_user_5837,perf123456
perf_user_5838,perf123456
perf_user_5839,perf123456
perf_user_5840,perf123456
perf_user_5841,perf123456
perf_user_5842,perf123456
perf_user_5843,perf123456
perf_user_5844,perf123456
perf_user_5845,perf123456
perf_user_5846,perf123456
perf_user_5847,perf123456
perf_user_5848,perf123456
perf_user_5849,perf123456
perf_user_5850,perf123456
perf_user_5851,perf123456
perf_user_5852,perf123456
perf_user_5853,perf123456
perf_user_5854,perf123456
perf_user_5855,perf123456
perf_user_5856,perf123456
perf_user_5857,perf123456
perf_user_5858,perf123456
perf_user_5859,perf123456
perf_user_5860,perf123456
perf_user_5861,perf123456
perf_user_5862,perf123456
perf_user_5863,perf123456
perf_user_5864,perf123456
perf_user_5865,perf123456
perf_user_5866,perf123456
perf_user_5867,perf123456
perf_user_5868,perf123456
perf_user_5869,perf123456
perf_user_5870,perf123456
perf_user_5871,perf123456
perf_user_5872,perf123456
perf_user_5873,perf123456
perf_user_5874,perf123456
perf_user_5875,perf123456
perf_user_5876,perf123456
perf_user_5877,perf123456
perf_user_5878,perf123456
perf_user_5879,perf123456
perf_user_5880,perf123456
perf_user_5881,perf123456
perf_user_5882,perf123456
perf_user_5883,perf123456
perf_user_5884,perf123456
perf_user_5885,perf123456
perf_user_5886,perf123456
perf_user_5887,perf123456
perf_user_5888,perf123456
perf_user_5889,perf123456
perf_user_5890,perf123456
perf_user_5891,perf123456
perf_user_5892,perf123456
perf_user_5893,perf123456
perf_user_5894,perf123456
perf_user_5895,perf123456
perf_user_5896,perf123456
perf_user_5897,perf123456
perf_user_5898,perf123456
perf_user_5899,perf123456
perf_user_5900,perf123456
perf_user_5901,perf123456
perf_user_5902,perf123456
perf_user_5903,perf123456
perf_user_5904,perf123456
perf_user_5905,perf123456
perf_user_5906,perf123456
perf_user_5907,perf123456
perf_user_5908,perf123456
perf_user_5909,perf123456
perf_user_5910,perf123456
perf_user_5911,perf123456
perf_user_5912,perf123456
perf_user_5913,perf123456
perf_user_5914,perf123456
perf_user_5915,perf123456
perf_user_5916,perf123456
perf_user_5917,perf123456
perf_user_5918,perf123456
perf_user_5919,perf123456
perf_user_5920,perf123456
perf_user_5921,perf123456
perf_user_5922,perf123456
perf_user_5923,perf123456
perf_user_5924,perf123456
perf_user_5925,perf123456
perf_user_5926,perf123456
perf_user_5927,perf123456
perf_user_5928,perf123456
perf_user_5929,perf123456
perf_user_5930,perf123456
perf_user_5931,perf123456
perf_user_5932,perf123456
perf_user_5933,perf123456
perf_user_5934,perf123456
perf_user_5935,perf123456
perf_user_5936,perf123456
perf_user_5937,perf123456
perf_user_5938,perf123456
perf_user_5939,perf123456
perf_user_5940,perf123456
perf_user_5941,perf123456
perf_user_5942,perf123456
perf_user_5943,perf123456
perf_user_5944,perf123456
perf_user_5945,perf123456
perf_user_5946,perf123456
perf_user_5947,perf123456
perf_user_5948,perf123456
perf_user_5949,perf123456
perf_user_5950,perf123456
perf_user_5951,perf123456
perf_user_5952,perf123456
perf_user_5953,perf123456
perf_user_5954,perf123456
perf_user_5955,perf123456
perf_user_5956,perf123456
perf_user_5957,perf123456
perf_user_5958,perf123456
perf_user_5959,perf123456
perf_user_5960,perf123456
perf_user_5961,perf123456
perf_user_5962,perf123456
perf_user_5963,perf123456
perf_user_5964,perf123456
perf_user_5965,perf123456
perf_user_5966,perf123456
perf_user_5967,perf123456
perf_user_5968,perf123456
perf_user_5969,perf123456
perf_user_5970,perf123456
perf_user_5971,perf123456
perf_user_5972,perf123456
perf_user_5973,perf123456
perf_user_5974,perf123456
perf_user_5975,perf123456
perf_user_5976,perf123456
perf_user_5977,perf123456
perf_user_5978,perf123456
perf_user_5979,perf123456
perf_user_5980,perf123456
perf_user_5981,perf123456
perf_user_5982,perf123456
perf_user_5983,perf123456
perf_user_5984,perf123456
perf_user_5985,perf123456
perf_user_5986,perf123456
perf_user_5987,perf123456
perf_user_5988,perf123456
perf_user_5989,perf123456
perf_user_5990,perf123456
perf_user_5991,perf123456
perf_user_5992,perf123456
perf_user_5993,perf123456
perf_user_5994,perf123456
perf_user_5995,perf123456
perf_user_5996,perf123456
perf_user_5997,perf123456
perf_user_5998,perf123456
perf_user_5999,perf123456
perf_user_6000,perf123456
perf_user_6001,perf123456
perf_user_6002,perf123456
perf_user_6003,perf123456
perf_user_6004,perf123456
perf_user_6005,perf123456
perf_user_6006,perf123456
perf_user_6007,perf123456
perf_user_6008,perf123456
perf_user_6009,perf123456
perf_user_6010,perf123456
perf_user_6011,perf123456
perf_user_6012,perf123456
perf_user_6013,perf123456
perf_user_6014,perf123456
perf_user_6015,perf123456
perf_user_6016,perf123456
perf_user_6017,perf123456
perf_user_6018,perf123456
perf_user_6019,perf123456
perf_user_6020,perf123456
perf_user_6021,perf123456
perf_user_6022,perf123456
perf_user_6023,perf123456
perf_user_6024,perf123456
perf_user_6025,perf123456
perf_user_6026,perf123456
perf_user_6027,perf123456
perf_user_6028,perf123456
perf_user_6029,perf123456
perf_user_6030,perf123456
perf_user_6031,perf123456
perf_user_6032,perf123456
perf_user_6033,perf123456
perf_user_6034,perf123456
perf_user_6035,perf123456
perf_user_6036,perf123456
perf_user_6037,perf123456
perf_user_6038,perf123456
perf_user_6039,perf123456
perf_user_6040,perf123456
perf_user_6041,perf123456
perf_user_6042,perf123456
perf_user_6043,perf123456
perf_user_6044,perf123456
perf_user_6045,perf123456
perf_user_6046,perf123456
perf_user_6047,perf123456
perf_user_6048,perf123456
perf_user_6049,perf123456
perf_user_6050,perf123456
perf_user_6051,perf123456
perf_user_6052,perf123456
perf_user_6053,perf123456
perf_user_6054,perf123456
perf_user_6055,perf123456
perf_user_6056,perf123456
perf_user_6057,perf123456
perf_user_6058,perf123456
perf_user_6059,perf123456
perf_user_6060,perf123456
perf_user_6061,perf123456
perf_user_6062,perf123456
perf_user_6063,perf123456
perf_user_6064,perf123456
perf_user_6065,perf123456
perf_user_6066,perf123456
perf_user_6067,perf123456
perf_user_6068,perf123456
perf_user_6069,perf123456
perf_user_6070,perf123456
perf_user_6071,perf123456
perf_user_6072,perf123456
perf_user_6073,perf123456
perf_user_6074,perf123456
perf_user_6075,perf123456
perf_user_6076,perf123456
perf_user_6077,perf123456
perf_user_6078,perf123456
perf_user_6079,perf123456
perf_user_6080,perf123456
perf_user_6081,perf123456
perf_user_6082,perf123456
perf_user_6083,perf123456
perf_user_6084,perf123456
perf_user_6085,perf123456
perf_user_6086,perf123456
perf_user_6087,perf123456
perf_user_6088,perf123456
perf_user_6089,perf123456
perf_user_6090,perf123456
perf_user_6091,perf123456
perf_user_6092,perf123456
perf_user_6093,perf123456
perf_user_6094,perf123456
perf_user_6095,perf123456
perf_user_6096,perf123456
perf_user_6097,perf123456
perf_user_6098,perf123456
perf_user_6099,perf123456
perf_user_6100,perf123456
perf_user_6101,perf123456
perf_user_6102,perf123456
perf_user_6103,perf123456
perf_user_6104,perf123456
perf_user_6105,perf123456
perf_user_6106,perf123456
perf_user_6107,perf123456
perf_user_6108,perf123456
perf_user_6109,perf123456
perf_user_6110,perf123456
perf_user_6111,perf123456
perf_user_6112,perf123456
perf_user_6113,perf123456
perf_user_6114,perf123456
perf_user_6115,perf123456
perf_user_6116,perf123456
perf_user_6117,perf123456
perf_user_6118,perf123456
perf_user_6119,perf123456
perf_user_6120,perf123456
perf_user_6121,perf123456
perf_user_6122,perf123456
perf_user_6123,perf123456
perf_user_6124,perf123456
perf_user_6125,perf123456
perf_user_6126,perf123456
perf_user_6127,perf123456
perf_user_6128,perf123456
perf_user_6129,perf123456
perf_user_6130,perf123456
perf_user_6131,perf123456
perf_user_6132,perf123456
perf_user_6133,perf123456
perf_user_6134,perf123456
perf_user_6135,perf123456
perf_user_6136,perf123456
perf_user_6137,perf123456
perf_user_6138,perf123456
perf_user_6139,perf123456
perf_user_6140,perf123456
perf_user_6141,perf123456
perf_user_6142,perf123456
perf_user_6143,perf123456
perf_user_6144,perf123456
perf_user_6145,perf123456
perf_user_6146,perf123456
perf_user_6147,perf123456
perf_user_6148,perf123456
perf_user_6149,perf123456
perf_user_6150,perf123456
perf_user_6151,perf123456
perf_user_6152,perf123456
perf_user_6153,perf123456
perf_user_6154,perf123456
perf_user_6155,perf123456
perf_user_6156,perf123456
perf_user_6157,perf123456
perf_user_6158,perf123456
perf_user_6159,perf123456
perf_user_6160,perf123456
perf_user_6161,perf123456
perf_user_6162,perf123456
perf_user_6163,perf123456
perf_user_6164,perf123456
perf_user_6165,perf123456
perf_user_6166,perf123456
perf_user_6167,perf123456
perf_user_6168,perf123456
perf_user_6169,perf123456
perf_user_6170,perf123456
perf_user_6171,perf123456
perf_user_6172,perf123456
perf_user_6173,perf123456
perf_user_6174,perf123456
perf_user_6175,perf123456
perf_user_6176,perf123456
perf_user_6177,perf123456
perf_user_6178,perf123456
perf_user_6179,perf123456
perf_user_6180,perf123456
perf_user_6181,perf123456
perf_user_6182,perf123456
perf_user_6183,perf123456
perf_user_6184,perf123456
perf_user_6185,perf123456
perf_user_6186,perf123456
perf_user_6187,perf123456
perf_user_6188,perf123456
perf_user_6189,perf123456
perf_user_6190,perf123456
perf_user_6191,perf123456
perf_user_6192,perf123456
perf_user_6193,perf123456
perf_user_6194,perf123456
perf_user_6195,perf123456
perf_user_6196,perf123456
perf_user_6197,perf123456
perf_user_6198,perf123456
perf_user_6199,perf123456
perf_user_6200,perf123456
perf_user_6201,perf123456
perf_user_6202,perf123456
perf_user_6203,perf123456
perf_user_6204,perf123456
perf_user_6205,perf123456
perf_user_6206,perf123456
perf_user_6207,perf123456
perf_user_6208,perf123456
perf_user_6209,perf123456
perf_user_6210,perf123456
perf_user_6211,perf123456
perf_user_6212,perf123456
perf_user_6213,perf123456
perf_user_6214,perf123456
perf_user_6215,perf123456
perf_user_6216,perf123456
perf_user_6217,perf123456
perf_user_6218,perf123456
perf_user_6219,perf123456
perf_user_6220,perf123456
perf_user_6221,perf123456
perf_user_6222,perf123456
perf_user_6223,perf123456
perf_user_6224,perf123456
perf_user_6225,perf123456
perf_user_6226,perf123456
perf_user_6227,perf123456
perf_user_6228,perf123456
perf_user_6229,perf123456
perf_user_6230,perf123456
perf_user_6231,perf123456
perf_user_6232,perf123456
perf_user_6233,perf123456
perf_user_6234,perf123456
perf_user_6235,perf123456
perf_user_6236,perf123456
perf_user_6237,perf123456
perf_user_6238,perf123456
perf_user_6239,perf123456
perf_user_6240,perf123456
perf_user_6241,perf123456
perf_user_6242,perf123456
perf_user_6243,perf123456
perf_user_6244,perf123456
perf_user_6245,perf123456
perf_user_6246,perf123456
perf_user_6247,perf123456
perf_user_6248,perf123456
perf_user_6249,perf123456
perf_user_6250,perf123456
perf_user_6251,perf123456
perf_user_6252,perf123456
perf_user_6253,perf123456
perf_user_6254,perf123456
perf_user_6255,perf123456
perf_user_6256,perf123456
perf_user_6257,perf123456
perf_user_6258,perf123456
perf_user_6259,perf123456
perf_user_6260,perf123456
perf_user_6261,perf123456
perf_user_6262,perf123456
perf_user_6263,perf123456
perf_user_6264,perf123456
perf_user_6265,perf123456
perf_user_6266,perf123456
perf_user_6267,perf123456
perf_user_6268,perf123456
perf_user_6269,perf123456
perf_user_6270,perf123456
perf_user_6271,perf123456
perf_user_6272,perf123456
perf_user_6273,perf123456
perf_user_6274,perf123456
perf_user_6275,perf123456
perf_user_6276,perf123456
perf_user_6277,perf123456
perf_user_6278,perf123456
perf_user_6279,perf123456
perf_user_6280,perf123456
perf_user_6281,perf123456
perf_user_6282,perf123456
perf_user_6283,perf123456
perf_user_6284,perf123456
perf_user_6285,perf123456
perf_user_6286,perf123456
perf_user_6287,perf123456
perf_user_6288,perf123456
perf_user_6289,perf123456
perf_user_6290,perf123456
perf_user_6291,perf123456
perf_user_6292,perf123456
perf_user_6293,perf123456
perf_user_6294,perf123456
perf_user_6295,perf123456
perf_user_6296,perf123456
perf_user_6297,perf123456
perf_user_6298,perf123456
perf_user_6299,perf123456
perf_user_6300,perf123456
perf_user_6301,perf123456
perf_user_6302,perf123456
perf_user_6303,perf123456
perf_user_6304,perf123456
perf_user_6305,perf123456
perf_user_6306,perf123456
perf_user_6307,perf123456
perf_user_6308,perf123456
perf_user_6309,perf123456
perf_user_6310,perf123456
perf_user_6311,perf123456
perf_user_6312,perf123456
perf_user_6313,perf123456
perf_user_6314,perf123456
perf_user_6315,perf123456
perf_user_6316,perf123456
perf_user_6317,perf123456
perf_user_6318,perf123456
perf_user_6319,perf123456
perf_user_6320,perf123456
perf_user_6321,perf123456
perf_user_6322,perf123456
perf_user_6323,perf123456
perf_user_6324,perf123456
perf_user_6325,perf123456
perf_user_6326,perf123456
perf_user_6327,perf123456
perf_user_6328,perf123456
perf_user_6329,perf123456
perf_user_6330,perf123456
perf_user_6331,perf123456
perf_user_6332,perf123456
perf_user_6333,perf123456
perf_user_6334,perf123456
perf_user_6335,perf123456
perf_user_6336,perf123456
perf_user_6337,perf123456
perf_user_6338,perf123456
perf_user_6339,perf123456
perf_user_6340,perf123456
perf_user_6341,perf123456
perf_user_6342,perf123456
perf_user_6343,perf123456
perf_user_6344,perf123456
perf_user_6345,perf123456
perf_user_6346,perf123456
perf_user_6347,perf123456
perf_user_6348,perf123456
perf_user_6349,perf123456
perf_user_6350,perf123456
perf_user_6351,perf123456
perf_user_6352,perf123456
perf_user_6353,perf123456
perf_user_6354,perf123456
perf_user_6355,perf123456
perf_user_6356,perf123456
perf_user_6357,perf123456
perf_user_6358,perf123456
perf_user_6359,perf123456
perf_user_6360,perf123456
perf_user_6361,perf123456
perf_user_6362,perf123456
perf_user_6363,perf123456
perf_user_6364,perf123456
perf_user_6365,perf123456
perf_user_6366,perf123456
perf_user_6367,perf123456
perf_user_6368,perf123456
perf_user_6369,perf123456
perf_user_6370,perf123456
perf_user_6371,perf123456
perf_user_6372,perf123456
perf_user_6373,perf123456
perf_user_6374,perf123456
perf_user_6375,perf123456
perf_user_6376,perf123456
perf_user_6377,perf123456
perf_user_6378,perf123456
perf_user_6379,perf123456
perf_user_6380,perf123456
perf_user_6381,perf123456
perf_user_6382,perf123456
perf_user_6383,perf123456
perf_user_6384,perf123456
perf_user_6385,perf123456
perf_user_6386,perf123456
perf_user_6387,perf123456
perf_user_6388,perf123456
perf_user_6389,perf123456
perf_user_6390,perf123456
perf_user_6391,perf123456
perf_user_6392,perf123456
perf_user_6393,perf123456
perf_user_6394,perf123456
perf_user_6395,perf123456
perf_user_6396,perf123456
perf_user_6397,perf123456
perf_user_6398,perf123456
perf_user_6399,perf123456
perf_user_6400,perf123456
perf_user_6401,perf123456
perf_user_6402,perf123456
perf_user_6403,perf123456
perf_user_6404,perf123456
perf_user_6405,perf123456
perf_user_6406,perf123456
perf_user_6407,perf123456
perf_user_6408,perf123456
perf_user_6409,perf123456
perf_user_6410,perf123456
perf_user_6411,perf123456
perf_user_6412,perf123456
perf_user_6413,perf123456
perf_user_6414,perf123456
perf_user_6415,perf123456
perf_user_6416,perf123456
perf_user_6417,perf123456
perf_user_6418,perf123456
perf_user_6419,perf123456
perf_user_6420,perf123456
perf_user_6421,perf123456
perf_user_6422,perf123456
perf_user_6423,perf123456
perf_user_6424,perf123456
perf_user_6425,perf123456
perf_user_6426,perf123456
perf_user_6427,perf123456
perf_user_6428,perf123456
perf_user_6429,perf123456
perf_user_6430,perf123456
perf_user_6431,perf123456
perf_user_6432,perf123456
perf_user_6433,perf123456
perf_user_6434,perf123456
perf_user_6435,perf123456
perf_user_6436,perf123456
perf_user_6437,perf123456
perf_user_6438,perf123456
perf_user_6439,perf123456
perf_user_6440,perf123456
perf_user_6441,perf123456
perf_user_6442,perf123456
perf_user_6443,perf123456
perf_user_6444,perf123456
perf_user_6445,perf123456
perf_user_6446,perf123456
perf_user_6447,perf123456
perf_user_6448,perf123456
perf_user_6449,perf123456
perf_user_6450,perf123456
perf_user_6451,perf123456
perf_user_6452,perf123456
perf_user_6453,perf123456
perf_user_6454,perf123456
perf_user_6455,perf123456
perf_user_6456,perf123456
perf_user_6457,perf123456
perf_user_6458,perf123456
perf_user_6459,perf123456
perf_user_6460,perf123456
perf_user_6461,perf123456
perf_user_6462,perf123456
perf_user_6463,perf123456
perf_user_6464,perf123456
perf_user_6465,perf123456
perf_user_6466,perf123456
perf_user_6467,perf123456
perf_user_6468,perf123456
perf_user_6469,perf123456
perf_user_6470,perf123456
perf_user_6471,perf123456
perf_user_6472,perf123456
perf_user_6473,perf123456
perf_user_6474,perf123456
perf_user_6475,perf123456
perf_user_6476,perf123456
perf_user_6477,perf123456
perf_user_6478,perf123456
perf_user_6479,perf123456
perf_user_6480,perf123456
perf_user_6481,perf123456
perf_user_6482,perf123456
perf_user_6483,perf123456
perf_user_6484,perf123456
perf_user_6485,perf123456
perf_user_6486,perf123456
perf_user_6487,perf123456
perf_user_6488,perf123456
perf_user_6489,perf123456
perf_user_6490,perf123456
perf_user_6491,perf123456
perf_user_6492,perf123456
perf_user_6493,perf123456
perf_user_6494,perf123456
perf_user_6495,perf123456
perf_user_6496,perf123456
perf_user_6497,perf123456
perf_user_6498,perf123456
perf_user_6499,perf123456
perf_user_6500,perf123456
perf_user_6501,perf123456
perf_user_6502,perf123456
perf_user_6503,perf123456
perf_user_6504,perf123456
perf_user_6505,perf123456
perf_user_6506,perf123456
perf_user_6507,perf123456
perf_user_6508,perf123456
perf_user_6509,perf123456
perf_user_6510,perf123456
perf_user_6511,perf123456
perf_user_6512,perf123456
perf_user_6513,perf123456
perf_user_6514,perf123456
perf_user_6515,perf123456
perf_user_6516,perf123456
perf_user_6517,perf123456
perf_user_6518,perf123456
perf_user_6519,perf123456
perf_user_6520,perf123456
perf_user_6521,perf123456
perf_user_6522,perf123456
perf_user_6523,perf123456
perf_user_6524,perf123456
perf_user_6525,perf123456
perf_user_6526,perf123456
perf_user_6527,perf123456
perf_user_6528,perf123456
perf_user_6529,perf123456
perf_user_6530,perf123456
perf_user_6531,perf123456
perf_user_6532,perf123456
perf_user_6533,perf123456
perf_user_6534,perf123456
perf_user_6535,perf123456
perf_user_6536,perf123456
perf_user_6537,perf123456
perf_user_6538,perf123456
perf_user_6539,perf123456
perf_user_6540,perf123456
perf_user_6541,perf123456
perf_user_6542,perf123456
perf_user_6543,perf123456
perf_user_6544,perf123456
perf_user_6545,perf123456
perf_user_6546,perf123456
perf_user_6547,perf123456
perf_user_6548,perf123456
perf_user_6549,perf123456
perf_user_6550,perf123456
perf_user_6551,perf123456
perf_user_6552,perf123456
perf_user_6553,perf123456
perf_user_6554,perf123456
perf_user_6555,perf123456
perf_user_6556,perf123456
perf_user_6557,perf123456
perf_user_6558,perf123456
perf_user_6559,perf123456
perf_user_6560,perf123456
perf_user_6561,perf123456
perf_user_6562,perf123456
perf_user_6563,perf123456
perf_user_6564,perf123456
perf_user_6565,perf123456
perf_user_6566,perf123456
perf_user_6567,perf123456
perf_user_6568,perf123456
perf_user_6569,perf123456
perf_user_6570,perf123456
perf_user_6571,perf123456
perf_user_6572,perf123456
perf_user_6573,perf123456
perf_user_6574,perf123456
perf_user_6575,perf123456
perf_user_6576,perf123456
perf_user_6577,perf123456
perf_user_6578,perf123456
perf_user_6579,perf123456
perf_user_6580,perf123456
perf_user_6581,perf123456
perf_user_6582,perf123456
perf_user_6583,perf123456
perf_user_6584,perf123456
perf_user_6585,perf123456
perf_user_6586,perf123456
perf_user_6587,perf123456
perf_user_6588,perf123456
perf_user_6589,perf123456
perf_user_6590,perf123456
perf_user_6591,perf123456
perf_user_6592,perf123456
perf_user_6593,perf123456
perf_user_6594,perf123456
perf_user_6595,perf123456
perf_user_6596,perf123456
perf_user_6597,perf123456
perf_user_6598,perf123456
perf_user_6599,perf123456
perf_user_6600,perf123456
perf_user_6601,perf123456
perf_user_6602,perf123456
perf_user_6603,perf123456
perf_user_6604,perf123456
perf_user_6605,perf123456
perf_user_6606,perf123456
perf_user_6607,perf123456
perf_user_6608,perf123456
perf_user_6609,perf123456
perf_user_6610,perf123456
perf_user_6611,perf123456
perf_user_6612,perf123456
perf_user_6613,perf123456
perf_user_6614,perf123456
perf_user_6615,perf123456
perf_user_6616,perf123456
perf_user_6617,perf123456
perf_user_6618,perf123456
perf_user_6619,perf123456
perf_user_6620,perf123456
perf_user_6621,perf123456
perf_user_6622,perf123456
perf_user_6623,perf123456
perf_user_6624,perf123456
perf_user_6625,perf123456
perf_user_6626,perf123456
perf_user_6627,perf123456
perf_user_6628,perf123456
perf_user_6629,perf123456
perf_user_6630,perf123456
perf_user_6631,perf123456
perf_user_6632,perf123456
perf_user_6633,perf123456
perf_user_6634,perf123456
perf_user_6635,perf123456
perf_user_6636,perf123456
perf_user_6637,perf123456
perf_user_6638,perf123456
perf_user_6639,perf123456
perf_user_6640,perf123456
perf_user_6641,perf123456
perf_user_6642,perf123456
perf_user_6643,perf123456
perf_user_6644,perf123456
perf_user_6645,perf123456
perf_user_6646,perf123456
perf_user_6647,perf123456
perf_user_6648,perf123456
perf_user_6649,perf123456
perf_user_6650,perf123456
perf_user_6651,perf123456
perf_user_6652,perf123456
perf_user_6653,perf123456
perf_user_6654,perf123456
perf_user_6655,perf123456
perf_user_6656,perf123456
perf_user_6657,perf123456
perf_user_6658,perf123456
perf_user_6659,perf123456
perf_user_6660,perf123456
perf_user_6661,perf123456
perf_user_6662,perf123456
perf_user_6663,perf123456
perf_user_6664,perf123456
perf_user_6665,perf123456
perf_user_6666,perf123456
perf_user_6667,perf123456
perf_user_6668,perf123456
perf_user_6669,perf123456
perf_user_6670,perf123456
perf_user_6671,perf123456
perf_user_6672,perf123456
perf_user_6673,perf123456
perf_user_6674,perf123456
perf_user_6675,perf123456
perf_user_6676,perf123456
perf_user_6677,perf123456
perf_user_6678,perf123456
perf_user_6679,perf123456
perf_user_6680,perf123456
perf_user_6681,perf123456
perf_user_6682,perf123456
perf_user_6683,perf123456
perf_user_6684,perf123456
perf_user_6685,perf123456
perf_user_6686,perf123456
perf_user_6687,perf123456
perf_user_6688,perf123456
perf_user_6689,perf123456
perf_user_6690,perf123456
perf_user_6691,perf123456
perf_user_6692,perf123456
perf_user_6693,perf123456
perf_user_6694,perf123456
perf_user_6695,perf123456
perf_user_6696,perf123456
perf_user_6697,perf123456
perf_user_6698,perf123456
perf_user_6699,perf123456
perf_user_6700,perf123456
perf_user_6701,perf123456
perf_user_6702,perf123456
perf_user_6703,perf123456
perf_user_6704,perf123456
perf_user_6705,perf123456
perf_user_6706,perf123456
perf_user_6707,perf123456
perf_user_6708,perf123456
perf_user_6709,perf123456
perf_user_6710,perf123456
perf_user_6711,perf123456
perf_user_6712,perf123456
perf_user_6713,perf123456
perf_user_6714,perf123456
perf_user_6715,perf123456
perf_user_6716,perf123456
perf_user_6717,perf123456
perf_user_6718,perf123456
perf_user_6719,perf123456
perf_user_6720,perf123456
perf_user_6721,perf123456
perf_user_6722,perf123456
perf_user_6723,perf123456
perf_user_6724,perf123456
perf_user_6725,perf123456
perf_user_6726,perf123456
perf_user_6727,perf123456
perf_user_6728,perf123456
perf_user_6729,perf123456
perf_user_6730,perf123456
perf_user_6731,perf123456
perf_user_6732,perf123456
perf_user_6733,perf123456
perf_user_6734,perf123456
perf_user_6735,perf123456
perf_user_6736,perf123456
perf_user_6737,perf123456
perf_user_6738,perf123456
perf_user_6739,perf123456
perf_user_6740,perf123456
perf_user_6741,perf123456
perf_user_6742,perf123456
perf_user_6743,perf123456
perf_user_6744,perf123456
perf_user_6745,perf123456
perf_user_6746,perf123456
perf_user_6747,perf123456
perf_user_6748,perf123456
perf_user_6749,perf123456
perf_user_6750,perf123456
perf_user_6751,perf123456
perf_user_6752,perf123456
perf_user_6753,perf123456
perf_user_6754,perf123456
perf_user_6755,perf123456
perf_user_6756,perf123456
perf_user_6757,perf123456
perf_user_6758,perf123456
perf_user_6759,perf123456
perf_user_6760,perf123456
perf_user_6761,perf123456
perf_user_6762,perf123456
perf_user_6763,perf123456
perf_user_6764,perf123456
perf_user_6765,perf123456
perf_user_6766,perf123456
perf_user_6767,perf123456
perf_user_6768,perf123456
perf_user_6769,perf123456
perf_user_6770,perf123456
perf_user_6771,perf123456
perf_user_6772,perf123456
perf_user_6773,perf123456
perf_user_6774,perf123456
perf_user_6775,perf123456
perf_user_6776,perf123456
perf_user_6777,perf123456
perf_user_6778,perf123456
perf_user_6779,perf123456
perf_user_6780,perf123456
perf_user_6781,perf123456
perf_user_6782,perf123456
perf_user_6783,perf123456
perf_user_6784,perf123456
perf_user_6785,perf123456
perf_user_6786,perf123456
perf_user_6787,perf123456
perf_user_6788,perf123456
perf_user_6789,perf123456
perf_user_6790,perf123456
perf_user_6791,perf123456
perf_user_6792,perf123456
perf_user_6793,perf123456
perf_user_6794,perf123456
perf_user_6795,perf123456
perf_user_6796,perf123456
perf_user_6797,perf123456
perf_user_6798,perf123456
perf_user_6799,perf123456
perf_user_6800,perf123456
perf_user_6801,perf123456
perf_user_6802,perf123456
perf_user_6803,perf123456
perf_user_6804,perf123456
perf_user_6805,perf123456
perf_user_6806,perf123456
perf_user_6807,perf123456
perf_user_6808,perf123456
perf_user_6809,perf123456
perf_user_6810,perf123456
perf_user_6811,perf123456
perf_user_6812,perf123456
perf_user_6813,perf123456
perf_user_6814,perf123456
perf_user_6815,perf123456
perf_user_6816,perf123456
perf_user_6817,perf123456
perf_user_6818,perf123456
perf_user_6819,perf123456
perf_user_6820,perf123456
perf_user_6821,perf123456
perf_user_6822,perf123456
perf_user_6823,perf123456
perf_user_6824,perf123456
perf_user_6825,perf123456
perf_user_6826,perf123456
perf_user_6827,perf123456
perf_user_6828,perf123456
perf_user_6829,perf123456
perf_user_6830,perf123456
perf_user_6831,perf123456
perf_user_6832,perf123456
perf_user_6833,perf123456
perf_user_6834,perf123456
perf_user_6835,perf123456
perf_user_6836,perf123456
perf_user_6837,perf123456
perf_user_6838,perf123456
perf_user_6839,perf123456
perf_user_6840,perf123456
perf_user_6841,perf123456
perf_user_6842,perf123456
perf_user_6843,perf123456
perf_user_6844,perf123456
perf_user_6845,perf123456
perf_user_6846,perf123456
perf_user_6847,perf123456
perf_user_6848,perf123456
perf_user_6849,perf123456
perf_user_6850,perf123456
perf_user_6851,perf123456
perf_user_6852,perf123456
perf_user_6853,perf123456
perf_user_6854,perf123456
perf_user_6855,perf123456
perf_user_6856,perf123456
perf_user_6857,perf123456
perf_user_6858,perf123456
perf_user_6859,perf123456
perf_user_6860,perf123456
perf_user_6861,perf123456
perf_user_6862,perf123456
perf_user_6863,perf123456
perf_user_6864,perf123456
perf_user_6865,perf123456
perf_user_6866,perf123456
perf_user_6867,perf123456
perf_user_6868,perf123456
perf_user_6869,perf123456
perf_user_6870,perf123456
perf_user_6871,perf123456
perf_user_6872,perf123456
perf_user_6873,perf123456
perf_user_6874,perf123456
perf_user_6875,perf123456
perf_user_6876,perf123456
perf_user_6877,perf123456
perf_user_6878,perf123456
perf_user_6879,perf123456
perf_user_6880,perf123456
perf_user_6881,perf123456
perf_user_6882,perf123456
perf_user_6883,perf123456
perf_user_6884,perf123456
perf_user_6885,perf123456
perf_user_6886,perf123456
perf_user_6887,perf123456
perf_user_6888,perf123456
perf_user_6889,perf123456
perf_user_6890,perf123456
perf_user_6891,perf123456
perf_user_6892,perf123456
perf_user_6893,perf123456
perf_user_6894,perf123456
perf_user_6895,perf123456
perf_user_6896,perf123456
perf_user_6897,perf123456
perf_user_6898,perf123456
perf_user_6899,perf123456
perf_user_6900,perf123456
perf_user_6901,perf123456
perf_user_6902,perf123456
perf_user_6903,perf123456
perf_user_6904,perf123456
perf_user_6905,perf123456
perf_user_6906,perf123456
perf_user_6907,perf123456
perf_user_6908,perf123456
perf_user_6909,perf123456
perf_user_6910,perf123456
perf_user_6911,perf123456
perf_user_6912,perf123456
perf_user_6913,perf123456
perf_user_6914,perf123456
perf_user_6915,perf123456
perf_user_6916,perf123456
perf_user_6917,perf123456
perf_user_6918,perf123456
perf_user_6919,perf123456
perf_user_6920,perf123456
perf_user_6921,perf123456
perf_user_6922,perf123456
perf_user_6923,perf123456
perf_user_6924,perf123456
perf_user_6925,perf123456
perf_user_6926,perf123456
perf_user_6927,perf123456
perf_user_6928,perf123456
perf_user_6929,perf123456
perf_user_6930,perf123456
perf_user_6931,perf123456
perf_user_6932,perf123456
perf_user_6933,perf123456
perf_user_6934,perf123456
perf_user_6935,perf123456
perf_user_6936,perf123456
perf_user_6937,perf123456
perf_user_6938,perf123456
perf_user_6939,perf123456
perf_user_6940,perf123456
perf_user_6941,perf123456
perf_user_6942,perf123456
perf_user_6943,perf123456
perf_user_6944,perf123456
perf_user_6945,perf123456
perf_user_6946,perf123456
perf_user_6947,perf123456
perf_user_6948,perf123456
perf_user_6949,perf123456
perf_user_6950,perf123456
perf_user_6951,perf123456
perf_user_6952,perf123456
perf_user_6953,perf123456
perf_user_6954,perf123456
perf_user_6955,perf123456
perf_user_6956,perf123456
perf_user_6957,perf123456
perf_user_6958,perf123456
perf_user_6959,perf123456
perf_user_6960,perf123456
perf_user_6961,perf123456
perf_user_6962,perf123456
perf_user_6963,perf123456
perf_user_6964,perf123456
perf_user_6965,perf123456
perf_user_6966,perf123456
perf_user_6967,perf123456
perf_user_6968,perf123456
perf_user_6969,perf123456
perf_user_6970,perf123456
perf_user_6971,perf123456
perf_user_6972,perf123456
perf_user_6973,perf123456
perf_user_6974,perf123456
perf_user_6975,perf123456
perf_user_6976,perf123456
perf_user_6977,perf123456
perf_user_6978,perf123456
perf_user_6979,perf123456
perf_user_6980,perf123456
perf_user_6981,perf123456
perf_user_6982,perf123456
perf_user_6983,perf123456
perf_user_6984,perf123456
perf_user_6985,perf123456
perf_user_6986,perf123456
perf_user_6987,perf123456
perf_user_6988,perf123456
perf_user_6989,perf123456
perf_user_6990,perf123456
perf_user_6991,perf123456
perf_user_6992,perf123456
perf_user_6993,perf123456
perf_user_6994,perf123456
perf_user_6995,perf123456
perf_user_6996,perf123456
perf_user_6997,perf123456
perf_user_6998,perf123456
perf_user_6999,perf123456
perf_user_7000,perf123456
perf_user_7001,perf123456
perf_user_7002,perf123456
perf_user_7003,perf123456
perf_user_7004,perf123456
perf_user_7005,perf123456
perf_user_7006,perf123456
perf_user_7007,perf123456
perf_user_7008,perf123456
perf_user_7009,perf123456
perf_user_7010,perf123456
perf_user_7011,perf123456
perf_user_7012,perf123456
perf_user_7013,perf123456
perf_user_7014,perf123456
perf_user_7015,perf123456
perf_user_7016,perf123456
perf_user_7017,perf123456
perf_user_7018,perf123456
perf_user_7019,perf123456
perf_user_7020,perf123456
perf_user_7021,perf123456
perf_user_7022,perf123456
perf_user_7023,perf123456
perf_user_7024,perf123456
perf_user_7025,perf123456
perf_user_7026,perf123456
perf_user_7027,perf123456
perf_user_7028,perf123456
perf_user_7029,perf123456
perf_user_7030,perf123456
perf_user_7031,perf123456
perf_user_7032,perf123456
perf_user_7033,perf123456
perf_user_7034,perf123456
perf_user_7035,perf123456
perf_user_7036,perf123456
perf_user_7037,perf123456
perf_user_7038,perf123456
perf_user_7039,perf123456
perf_user_7040,perf123456
perf_user_7041,perf123456
perf_user_7042,perf123456
perf_user_7043,perf123456
perf_user_7044,perf123456
perf_user_7045,perf123456
perf_user_7046,perf123456
perf_user_7047,perf123456
perf_user_7048,perf123456
perf_user_7049,perf123456
perf_user_7050,perf123456
perf_user_7051,perf123456
perf_user_7052,perf123456
perf_user_7053,perf123456
perf_user_7054,perf123456
perf_user_7055,perf123456
perf_user_7056,perf123456
perf_user_7057,perf123456
perf_user_7058,perf123456
perf_user_7059,perf123456
perf_user_7060,perf123456
perf_user_7061,perf123456
perf_user_7062,perf123456
perf_user_7063,perf123456
perf_user_7064,perf123456
perf_user_7065,perf123456
perf_user_7066,perf123456
perf_user_7067,perf123456
perf_user_7068,perf123456
perf_user_7069,perf123456
perf_user_7070,perf123456
perf_user_7071,perf123456
perf_user_7072,perf123456
perf_user_7073,perf123456
perf_user_7074,perf123456
perf_user_7075,perf123456
perf_user_7076,perf123456
perf_user_7077,perf123456
perf_user_7078,perf123456
perf_user_7079,perf123456
perf_user_7080,perf123456
perf_user_7081,perf123456
perf_user_7082,perf123456
perf_user_7083,perf123456
perf_user_7084,perf123456
perf_user_7085,perf123456
perf_user_7086,perf123456
perf_user_7087,perf123456
perf_user_7088,perf123456
perf_user_7089,perf123456
perf_user_7090,perf123456
perf_user_7091,perf123456
perf_user_7092,perf123456
perf_user_7093,perf123456
perf_user_7094,perf123456
perf_user_7095,perf123456
perf_user_7096,perf123456
perf_user_7097,perf123456
perf_user_7098,perf123456
perf_user_7099,perf123456
perf_user_7100,perf123456
perf_user_7101,perf123456
perf_user_7102,perf123456
perf_user_7103,perf123456
perf_user_7104,perf123456
perf_user_7105,perf123456
perf_user_7106,perf123456
perf_user_7107,perf123456
perf_user_7108,perf123456
perf_user_7109,perf123456
perf_user_7110,perf123456
perf_user_7111,perf123456
perf_user_7112,perf123456
perf_user_7113,perf123456
perf_user_7114,perf123456
perf_user_7115,perf123456
perf_user_7116,perf123456
perf_user_7117,perf123456
perf_user_7118,perf123456
perf_user_7119,perf123456
perf_user_7120,perf123456
perf_user_7121,perf123456
perf_user_7122,perf123456
perf_user_7123,perf123456
perf_user_7124,perf123456
perf_user_7125,perf123456
perf_user_7126,perf123456
perf_user_7127,perf123456
perf_user_7128,perf123456
perf_user_7129,perf123456
perf_user_7130,perf123456
perf_user_7131,perf123456
perf_user_7132,perf123456
perf_user_7133,perf123456
perf_user_7134,perf123456
perf_user_7135,perf123456
perf_user_7136,perf123456
perf_user_7137,perf123456
perf_user_7138,perf123456
perf_user_7139,perf123456
perf_user_7140,perf123456
perf_user_7141,perf123456
perf_user_7142,perf123456
perf_user_7143,perf123456
perf_user_7144,perf123456
perf_user_7145,perf123456
perf_user_7146,perf123456
perf_user_7147,perf123456
perf_user_7148,perf123456
perf_user_7149,perf123456
perf_user_7150,perf123456
perf_user_7151,perf123456
perf_user_7152,perf123456
perf_user_7153,perf123456
perf_user_7154,perf123456
perf_user_7155,perf123456
perf_user_7156,perf123456
perf_user_7157,perf123456
perf_user_7158,perf123456
perf_user_7159,perf123456
perf_user_7160,perf123456
perf_user_7161,perf123456
perf_user_7162,perf123456
perf_user_7163,perf123456
perf_user_7164,perf123456
perf_user_7165,perf123456
perf_user_7166,perf123456
perf_user_7167,perf123456
perf_user_7168,perf123456
perf_user_7169,perf123456
perf_user_7170,perf123456
perf_user_7171,perf123456
perf_user_7172,perf123456
perf_user_7173,perf123456
perf_user_7174,perf123456
perf_user_7175,perf123456
perf_user_7176,perf123456
perf_user_7177,perf123456
perf_user_7178,perf123456
perf_user_7179,perf123456
perf_user_7180,perf123456
perf_user_7181,perf123456
perf_user_7182,perf123456
perf_user_7183,perf123456
perf_user_7184,perf123456
perf_user_7185,perf123456
perf_user_7186,perf123456
perf_user_7187,perf123456
perf_user_7188,perf123456
perf_user_7189,perf123456
perf_user_7190,perf123456
perf_user_7191,perf123456
perf_user_7192,perf123456
perf_user_7193,perf123456
perf_user_7194,perf123456
perf_user_7195,perf123456
perf_user_7196,perf123456
perf_user_7197,perf123456
perf_user_7198,perf123456
perf_user_7199,perf123456
perf_user_7200,perf123456
perf_user_7201,perf123456
perf_user_7202,perf123456
perf_user_7203,perf123456
perf_user_7204,perf123456
perf_user_7205,perf123456
perf_user_7206,perf123456
perf_user_7207,perf123456
perf_user_7208,perf123456
perf_user_7209,perf123456
perf_user_7210,perf123456
perf_user_7211,perf123456
perf_user_7212,perf123456
perf_user_7213,perf123456
perf_user_7214,perf123456
perf_user_7215,perf123456
perf_user_7216,perf123456
perf_user_7217,perf123456
perf_user_7218,perf123456
perf_user_7219,perf123456
perf_user_7220,perf123456
perf_user_7221,perf123456
perf_user_7222,perf123456
perf_user_7223,perf123456
perf_user_7224,perf123456
perf_user_7225,perf123456
perf_user_7226,perf123456
perf_user_7227,perf123456
perf_user_7228,perf123456
perf_user_7229,perf123456
perf_user_7230,perf123456
perf_user_7231,perf123456
perf_user_7232,perf123456
perf_user_7233,perf123456
perf_user_7234,perf123456
perf_user_7235,perf123456
perf_user_7236,perf123456
perf_user_7237,perf123456
perf_user_7238,perf123456
perf_user_7239,perf123456
perf_user_7240,perf123456
perf_user_7241,perf123456
perf_user_7242,perf123456
perf_user_7243,perf123456
perf_user_7244,perf123456
perf_user_7245,perf123456
perf_user_7246,perf123456
perf_user_7247,perf123456
perf_user_7248,perf123456
perf_user_7249,perf123456
perf_user_7250,perf123456
perf_user_7251,perf123456
perf_user_7252,perf123456
perf_user_7253,perf123456
perf_user_7254,perf123456
perf_user_7255,perf123456
perf_user_7256,perf123456
perf_user_7257,perf123456
perf_user_7258,perf123456
perf_user_7259,perf123456
perf_user_7260,perf123456
perf_user_7261,perf123456
perf_user_7262,perf123456
perf_user_7263,perf123456
perf_user_7264,perf123456
perf_user_7265,perf123456
perf_user_7266,perf123456
perf_user_7267,perf123456
perf_user_7268,perf123456
perf_user_7269,perf123456
perf_user_7270,perf123456
perf_user_7271,perf123456
perf_user_7272,perf123456
perf_user_7273,perf123456
perf_user_7274,perf123456
perf_user_7275,perf123456
perf_user_7276,perf123456
perf_user_7277,perf123456
perf_user_7278,perf123456
perf_user_7279,perf123456
perf_user_7280,perf123456
perf_user_7281,perf123456
perf_user_7282,perf123456
perf_user_7283,perf123456
perf_user_7284,perf123456
perf_user_7285,perf123456
perf_user_7286,perf123456
perf_user_7287,perf123456
perf_user_7288,perf123456
perf_user_7289,perf123456
perf_user_7290,perf123456
perf_user_7291,perf123456
perf_user_7292,perf123456
perf_user_7293,perf123456
perf_user_7294,perf123456
perf_user_7295,perf123456
perf_user_7296,perf123456
perf_user_7297,perf123456
perf_user_7298,perf123456
perf_user_7299,perf123456
perf_user_7300,perf123456
perf_user_7301,perf123456
perf_user_7302,perf123456
perf_user_7303,perf123456
perf_user_7304,perf123456
perf_user_7305,perf123456
perf_user_7306,perf123456
perf_user_7307,perf123456
perf_user_7308,perf123456
perf_user_7309,perf123456
perf_user_7310,perf123456
perf_user_7311,perf123456
perf_user_7312,perf123456
perf_user_7313,perf123456
perf_user_7314,perf123456
perf_user_7315,perf123456
perf_user_7316,perf123456
perf_user_7317,perf123456
perf_user_7318,perf123456
perf_user_7319,perf123456
perf_user_7320,perf123456
perf_user_7321,perf123456
perf_user_7322,perf123456
perf_user_7323,perf123456
perf_user_7324,perf123456
perf_user_7325,perf123456
perf_user_7326,perf123456
perf_user_7327,perf123456
perf_user_7328,perf123456
perf_user_7329,perf123456
perf_user_7330,perf123456
perf_user_7331,perf123456
perf_user_7332,perf123456
perf_user_7333,perf123456
perf_user_7334,perf123456
perf_user_7335,perf123456
perf_user_7336,perf123456
perf_user_7337,perf123456
perf_user_7338,perf123456
perf_user_7339,perf123456
perf_user_7340,perf123456
perf_user_7341,perf123456
perf_user_7342,perf123456
perf_user_7343,perf123456
perf_user_7344,perf123456
perf_user_7345,perf123456
perf_user_7346,perf123456
perf_user_7347,perf123456
perf_user_7348,perf123456
perf_user_7349,perf123456
perf_user_7350,perf123456
perf_user_7351,perf123456
perf_user_7352,perf123456
perf_user_7353,perf123456
perf_user_7354,perf123456
perf_user_7355,perf123456
perf_user_7356,perf123456
perf_user_7357,perf123456
perf_user_7358,perf123456
perf_user_7359,perf123456
perf_user_7360,perf123456
perf_user_7361,perf123456
perf_user_7362,perf123456
perf_user_7363,perf123456
perf_user_7364,perf123456
perf_user_7365,perf123456
perf_user_7366,perf123456
perf_user_7367,perf123456
perf_user_7368,perf123456
perf_user_7369,perf123456
perf_user_7370,perf123456
perf_user_7371,perf123456
perf_user_7372,perf123456
perf_user_7373,perf123456
perf_user_7374,perf123456
perf_user_7375,perf123456
perf_user_7376,perf123456
perf_user_7377,perf123456
perf_user_7378,perf123456
perf_user_7379,perf123456
perf_user_7380,perf123456
perf_user_7381,perf123456
perf_user_7382,perf123456
perf_user_7383,perf123456
perf_user_7384,perf123456
perf_user_7385,perf123456
perf_user_7386,perf123456
perf_user_7387,perf123456
perf_user_7388,perf123456
perf_user_7389,perf123456
perf_user_7390,perf123456
perf_user_7391,perf123456
perf_user_7392,perf123456
perf_user_7393,perf123456
perf_user_7394,perf123456
perf_user_7395,perf123456
perf_user_7396,perf123456
perf_user_7397,perf123456
perf_user_7398,perf123456
perf_user_7399,perf123456
perf_user_7400,perf123456
perf_user_7401,perf123456
perf_user_7402,perf123456
perf_user_7403,perf123456
perf_user_7404,perf123456
perf_user_7405,perf123456
perf_user_7406,perf123456
perf_user_7407,perf123456
perf_user_7408,perf123456
perf_user_7409,perf123456
perf_user_7410,perf123456
perf_user_7411,perf123456
perf_user_7412,perf123456
perf_user_7413,perf123456
perf_user_7414,perf123456
perf_user_7415,perf123456
perf_user_7416,perf123456
perf_user_7417,perf123456
perf_user_7418,perf123456
perf_user_7419,perf123456
perf_user_7420,perf123456
perf_user_7421,perf123456
perf_user_7422,perf123456
perf_user_7423,perf123456
perf_user_7424,perf123456
perf_user_7425,perf123456
perf_user_7426,perf123456
perf_user_7427,perf123456
perf_user_7428,perf123456
perf_user_7429,perf123456
perf_user_7430,perf123456
perf_user_7431,perf123456
perf_user_7432,perf123456
perf_user_7433,perf123456
perf_user_7434,perf123456
perf_user_7435,perf123456
perf_user_7436,perf123456
perf_user_7437,perf123456
perf_user_7438,perf123456
perf_user_7439,perf123456
perf_user_7440,perf123456
perf_user_7441,perf123456
perf_user_7442,perf123456
perf_user_7443,perf123456
perf_user_7444,perf123456
perf_user_7445,perf123456
perf_user_7446,perf123456
perf_user_7447,perf123456
perf_user_7448,perf123456
perf_user_7449,perf123456
perf_user_7450,perf123456
perf_user_7451,perf123456
perf_user_7452,perf123456
perf_user_7453,perf123456
perf_user_7454,perf123456
perf_user_7455,perf123456
perf_user_7456,perf123456
perf_user_7457,perf123456
perf_user_7458,perf123456
perf_user_7459,perf123456
perf_user_7460,perf123456
perf_user_7461,perf123456
perf_user_7462,perf123456
perf_user_7463,perf123456
perf_user_7464,perf123456
perf_user_7465,perf123456
perf_user_7466,perf123456
perf_user_7467,perf123456
perf_user_7468,perf123456
perf_user_7469,perf123456
perf_user_7470,perf123456
perf_user_7471,perf123456
perf_user_7472,perf123456
perf_user_7473,perf123456
perf_user_7474,perf123456
perf_user_7475,perf123456
perf_user_7476,perf123456
perf_user_7477,perf123456
perf_user_7478,perf123456
perf_user_7479,perf123456
perf_user_7480,perf123456
perf_user_7481,perf123456
perf_user_7482,perf123456
perf_user_7483,perf123456
perf_user_7484,perf123456
perf_user_7485,perf123456
perf_user_7486,perf123456
perf_user_7487,perf123456
perf_user_7488,perf123456
perf_user_7489,perf123456
perf_user_7490,perf123456
perf_user_7491,perf123456
perf_user_7492,perf123456
perf_user_7493,perf123456
perf_user_7494,perf123456
perf_user_7495,perf123456
perf_user_7496,perf123456
perf_user_7497,perf123456
perf_user_7498,perf123456
perf_user_7499,perf123456
perf_user_7500,perf123456
perf_user_7501,perf123456
perf_user_7502,perf123456
perf_user_7503,perf123456
perf_user_7504,perf123456
perf_user_7505,perf123456
perf_user_7506,perf123456
perf_user_7507,perf123456
perf_user_7508,perf123456
perf_user_7509,perf123456
perf_user_7510,perf123456
perf_user_7511,perf123456
perf_user_7512,perf123456
perf_user_7513,perf123456
perf_user_7514,perf123456
perf_user_7515,perf123456
perf_user_7516,perf123456
perf_user_7517,perf123456
perf_user_7518,perf123456
perf_user_7519,perf123456
perf_user_7520,perf123456
perf_user_7521,perf123456
perf_user_7522,perf123456
perf_user_7523,perf123456
perf_user_7524,perf123456
perf_user_7525,perf123456
perf_user_7526,perf123456
perf_user_7527,perf123456
perf_user_7528,perf123456
perf_user_7529,perf123456
perf_user_7530,perf123456
perf_user_7531,perf123456
perf_user_7532,perf123456
perf_user_7533,perf123456
perf_user_7534,perf123456
perf_user_7535,perf123456
perf_user_7536,perf123456
perf_user_7537,perf123456
perf_user_7538,perf123456
perf_user_7539,perf123456
perf_user_7540,perf123456
perf_user_7541,perf123456
perf_user_7542,perf123456
perf_user_7543,perf123456
perf_user_7544,perf123456
perf_user_7545,perf123456
perf_user_7546,perf123456
perf_user_7547,perf123456
perf_user_7548,perf123456
perf_user_7549,perf123456
perf_user_7550,perf123456
perf_user_7551,perf123456
perf_user_7552,perf123456
perf_user_7553,perf123456
perf_user_7554,perf123456
perf_user_7555,perf123456
perf_user_7556,perf123456
perf_user_7557,perf123456
perf_user_7558,perf123456
perf_user_7559,perf123456
perf_user_7560,perf123456
perf_user_7561,perf123456
perf_user_7562,perf123456
perf_user_7563,perf123456
perf_user_7564,perf123456
perf_user_7565,perf123456
perf_user_7566,perf123456
perf_user_7567,perf123456
perf_user_7568,perf123456
perf_user_7569,perf123456
perf_user_7570,perf123456
perf_user_7571,perf123456
perf_user_7572,perf123456
perf_user_7573,perf123456
perf_user_7574,perf123456
perf_user_7575,perf123456
perf_user_7576,perf123456
perf_user_7577,perf123456
perf_user_7578,perf123456
perf_user_7579,perf123456
perf_user_7580,perf123456
perf_user_7581,perf123456
perf_user_7582,perf123456
perf_user_7583,perf123456
perf_user_7584,perf123456
perf_user_7585,perf123456
perf_user_7586,perf123456
perf_user_7587,perf123456
perf_user_7588,perf123456
perf_user_7589,perf123456
perf_user_7590,perf123456
perf_user_7591,perf123456
perf_user_7592,perf123456
perf_user_7593,perf123456
perf_user_7594,perf123456
perf_user_7595,perf123456
perf_user_7596,perf123456
perf_user_7597,perf123456
perf_user_7598,perf123456
perf_user_7599,perf123456
perf_user_7600,perf123456
perf_user_7601,perf123456
perf_user_7602,perf123456
perf_user_7603,perf123456
perf_user_7604,perf123456
perf_user_7605,perf123456
perf_user_7606,perf123456
perf_user_7607,perf123456
perf_user_7608,perf123456
perf_user_7609,perf123456
perf_user_7610,perf123456
perf_user_7611,perf123456
perf_user_7612,perf123456
perf_user_7613,perf123456
perf_user_7614,perf123456
perf_user_7615,perf123456
perf_user_7616,perf123456
perf_user_7617,perf123456
perf_user_7618,perf123456
perf_user_7619,perf123456
perf_user_7620,perf123456
perf_user_7621,perf123456
perf_user_7622,perf123456
perf_user_7623,perf123456
perf_user_7624,perf123456
perf_user_7625,perf123456
perf_user_7626,perf123456
perf_user_7627,perf123456
perf_user_7628,perf123456
perf_user_7629,perf123456
perf_user_7630,perf123456
perf_user_7631,perf123456
perf_user_7632,perf123456
perf_user_7633,perf123456
perf_user_7634,perf123456
perf_user_7635,perf123456
perf_user_7636,perf123456
perf_user_7637,perf123456
perf_user_7638,perf123456
perf_user_7639,perf123456
perf_user_7640,perf123456
perf_user_7641,perf123456
perf_user_7642,perf123456
perf_user_7643,perf123456
perf_user_7644,perf123456
perf_user_7645,perf123456
perf_user_7646,perf123456
perf_user_7647,perf123456
perf_user_7648,perf123456
perf_user_7649,perf123456
perf_user_7650,perf123456
perf_user_7651,perf123456
perf_user_7652,perf123456
perf_user_7653,perf123456
perf_user_7654,perf123456
perf_user_7655,perf123456
perf_user_7656,perf123456
perf_user_7657,perf123456
perf_user_7658,perf123456
perf_user_7659,perf123456
perf_user_7660,perf123456
perf_user_7661,perf123456
perf_user_7662,perf123456
perf_user_7663,perf123456
perf_user_7664,perf123456
perf_user_7665,perf123456
perf_user_7666,perf123456
perf_user_7667,perf123456
perf_user_7668,perf123456
perf_user_7669,perf123456
perf_user_7670,perf123456
perf_user_7671,perf123456
perf_user_7672,perf123456
perf_user_7673,perf123456
perf_user_7674,perf123456
perf_user_7675,perf123456
perf_user_7676,perf123456
perf_user_7677,perf123456
perf_user_7678,perf123456
perf_user_7679,perf123456
perf_user_7680,perf123456
perf_user_7681,perf123456
perf_user_7682,perf123456
perf_user_7683,perf123456
perf_user_7684,perf123456
perf_user_7685,perf123456
perf_user_7686,perf123456
perf_user_7687,perf123456
perf_user_7688,perf123456
perf_user_7689,perf123456
perf_user_7690,perf123456
perf_user_7691,perf123456
perf_user_7692,perf123456
perf_user_7693,perf123456
perf_user_7694,perf123456
perf_user_7695,perf123456
perf_user_7696,perf123456
perf_user_7697,perf123456
perf_user_7698,perf123456
perf_user_7699,perf123456
perf_user_7700,perf123456
perf_user_7701,perf123456
perf_user_7702,perf123456
perf_user_7703,perf123456
perf_user_7704,perf123456
perf_user_7705,perf123456
perf_user_7706,perf123456
perf_user_7707,perf123456
perf_user_7708,perf123456
perf_user_7709,perf123456
perf_user_7710,perf123456
perf_user_7711,perf123456
perf_user_7712,perf123456
perf_user_7713,perf123456
perf_user_7714,perf123456
perf_user_7715,perf123456
perf_user_7716,perf123456
perf_user_7717,perf123456
perf_user_7718,perf123456
perf_user_7719,perf123456
perf_user_7720,perf123456
perf_user_7721,perf123456
perf_user_7722,perf123456
perf_user_7723,perf123456
perf_user_7724,perf123456
perf_user_7725,perf123456
perf_user_7726,perf123456
perf_user_7727,perf123456
perf_user_7728,perf123456
perf_user_7729,perf123456
perf_user_7730,perf123456
perf_user_7731,perf123456
perf_user_7732,perf123456
perf_user_7733,perf123456
perf_user_7734,perf123456
perf_user_7735,perf123456
perf_user_7736,perf123456
perf_user_7737,perf123456
perf_user_7738,perf123456
perf_user_7739,perf123456
perf_user_7740,perf123456
perf_user_7741,perf123456
perf_user_7742,perf123456
perf_user_7743,perf123456
perf_user_7744,perf123456
perf_user_7745,perf123456
perf_user_7746,perf123456
perf_user_7747,perf123456
perf_user_7748,perf123456
perf_user_7749,perf123456
perf_user_7750,perf123456
perf_user_7751,perf123456
perf_user_7752,perf123456
perf_user_7753,perf123456
perf_user_7754,perf123456
perf_user_7755,perf123456
perf_user_7756,perf123456
perf_user_7757,perf123456
perf_user_7758,perf123456
perf_user_7759,perf123456
perf_user_7760,perf123456
perf_user_7761,perf123456
perf_user_7762,perf123456
perf_user_7763,perf123456
perf_user_7764,perf123456
perf_user_7765,perf123456
perf_user_7766,perf123456
perf_user_7767,perf123456
perf_user_7768,perf123456
perf_user_7769,perf123456
perf_user_7770,perf123456
perf_user_7771,perf123456
perf_user_7772,perf123456
perf_user_7773,perf123456
perf_user_7774,perf123456
perf_user_7775,perf123456
perf_user_7776,perf123456
perf_user_7777,perf123456
perf_user_7778,perf123456
perf_user_7779,perf123456
perf_user_7780,perf123456
perf_user_7781,perf123456
perf_user_7782,perf123456
perf_user_7783,perf123456
perf_user_7784,perf123456
perf_user_7785,perf123456
perf_user_7786,perf123456
perf_user_7787,perf123456
perf_user_7788,perf123456
perf_user_7789,perf123456
perf_user_7790,perf123456
perf_user_7791,perf123456
perf_user_7792,perf123456
perf_user_7793,perf123456
perf_user_7794,perf123456
perf_user_7795,perf123456
perf_user_7796,perf123456
perf_user_7797,perf123456
perf_user_7798,perf123456
perf_user_7799,perf123456
perf_user_7800,perf123456
perf_user_7801,perf123456
perf_user_7802,perf123456
perf_user_7803,perf123456
perf_user_7804,perf123456
perf_user_7805,perf123456
perf_user_7806,perf123456
perf_user_7807,perf123456
perf_user_7808,perf123456
perf_user_7809,perf123456
perf_user_7810,perf123456
perf_user_7811,perf123456
perf_user_7812,perf123456
perf_user_7813,perf123456
perf_user_7814,perf123456
perf_user_7815,perf123456
perf_user_7816,perf123456
perf_user_7817,perf123456
perf_user_7818,perf123456
perf_user_7819,perf123456
perf_user_7820,perf123456
perf_user_7821,perf123456
perf_user_7822,perf123456
perf_user_7823,perf123456
perf_user_7824,perf123456
perf_user_7825,perf123456
perf_user_7826,perf123456
perf_user_7827,perf123456
perf_user_7828,perf123456
perf_user_7829,perf123456
perf_user_7830,perf123456
perf_user_7831,perf123456
perf_user_7832,perf123456
perf_user_7833,perf123456
perf_user_7834,perf123456
perf_user_7835,perf123456
perf_user_7836,perf123456
perf_user_7837,perf123456
perf_user_7838,perf123456
perf_user_7839,perf123456
perf_user_7840,perf123456
perf_user_7841,perf123456
perf_user_7842,perf123456
perf_user_7843,perf123456
perf_user_7844,perf123456
perf_user_7845,perf123456
perf_user_7846,perf123456
perf_user_7847,perf123456
perf_user_7848,perf123456
perf_user_7849,perf123456
perf_user_7850,perf123456
perf_user_7851,perf123456
perf_user_7852,perf123456
perf_user_7853,perf123456
perf_user_7854,perf123456
perf_user_7855,perf123456
perf_user_7856,perf123456
perf_user_7857,perf123456
perf_user_7858,perf123456
perf_user_7859,perf123456
perf_user_7860,perf123456
perf_user_7861,perf123456
perf_user_7862,perf123456
perf_user_7863,perf123456
perf_user_7864,perf123456
perf_user_7865,perf123456
perf_user_7866,perf123456
perf_user_7867,perf123456
perf_user_7868,perf123456
perf_user_7869,perf123456
perf_user_7870,perf123456
perf_user_7871,perf123456
perf_user_7872,perf123456
perf_user_7873,perf123456
perf_user_7874,perf123456
perf_user_7875,perf123456
perf_user_7876,perf123456
perf_user_7877,perf123456
perf_user_7878,perf123456
perf_user_7879,perf123456
perf_user_7880,perf123456
perf_user_7881,perf123456
perf_user_7882,perf123456
perf_user_7883,perf123456
perf_user_7884,perf123456
perf_user_7885,perf123456
perf_user_7886,perf123456
perf_user_7887,perf123456
perf_user_7888,perf123456
perf_user_7889,perf123456
perf_user_7890,perf123456
perf_user_7891,perf123456
perf_user_7892,perf123456
perf_user_7893,perf123456
perf_user_7894,perf123456
perf_user_7895,perf123456
perf_user_7896,perf123456
perf_user_7897,perf123456
perf_user_7898,perf123456
perf_user_7899,perf123456
perf_user_7900,perf123456
perf_user_7901,perf123456
perf_user_7902,perf123456
perf_user_7903,perf123456
perf_user_7904,perf123456
perf_user_7905,perf123456
perf_user_7906,perf123456
perf_user_7907,perf123456
perf_user_7908,perf123456
perf_user_7909,perf123456
perf_user_7910,perf123456
perf_user_7911,perf123456
perf_user_7912,perf123456
perf_user_7913,perf123456
perf_user_7914,perf123456
perf_user_7915,perf123456
perf_user_7916,perf123456
perf_user_7917,perf123456
perf_user_7918,perf123456
perf_user_7919,perf123456
perf_user_7920,perf123456
perf_user_7921,perf123456
perf_user_7922,perf123456
perf_user_7923,perf123456
perf_user_7924,perf123456
perf_user_7925,perf123456
perf_user_7926,perf123456
perf_user_7927,perf123456
perf_user_7928,perf123456
perf_user_7929,perf123456
perf_user_7930,perf123456
perf_user_7931,perf123456
perf_user_7932,perf123456
perf_user_7933,perf123456
perf_user_7934,perf123456
perf_user_7935,perf123456
perf_user_7936,perf123456
perf_user_7937,perf123456
perf_user_7938,perf123456
perf_user_7939,perf123456
perf_user_7940,perf123456
perf_user_7941,perf123456
perf_user_7942,perf123456
perf_user_7943,perf123456
perf_user_7944,perf123456
perf_user_7945,perf123456
perf_user_7946,perf123456
perf_user_7947,perf123456
perf_user_7948,perf123456
perf_user_7949,perf123456
perf_user_7950,perf123456
perf_user_7951,perf123456
perf_user_7952,perf123456
perf_user_7953,perf123456
perf_user_7954,perf123456
perf_user_7955,perf123456
perf_user_7956,perf123456
perf_user_7957,perf123456
perf_user_7958,perf123456
perf_user_7959,perf123456
perf_user_7960,perf123456
perf_user_7961,perf123456
perf_user_7962,perf123456
perf_user_7963,perf123456
perf_user_7964,perf123456
perf_user_7965,perf123456
perf_user_7966,perf123456
perf_user_7967,perf123456
perf_user_7968,perf123456
perf_user_7969,perf123456
perf_user_7970,perf123456
perf_user_7971,perf123456
perf_user_7972,perf123456
perf_user_7973,perf123456
perf_user_7974,perf123456
perf_user_7975,perf123456
perf_user_7976,perf123456
perf_user_7977,perf123456
perf_user_7978,perf123456
perf_user_7979,perf123456
perf_user_7980,perf123456
perf_user_7981,perf123456
perf_user_7982,perf123456
perf_user_7983,perf123456
perf_user_7984,perf123456
perf_user_7985,perf123456
perf_user_7986,perf123456
perf_user_7987,perf123456
perf_user_7988,perf123456
perf_user_7989,perf123456
perf_user_7990,perf123456
perf_user_7991,perf123456
perf_user_7992,perf123456
perf_user_7993,perf123456
perf_user_7994,perf123456
perf_user_7995,perf123456
perf_user_7996,perf123456
perf_user_7997,perf123456
perf_user_7998,perf123456
perf_user_7999,perf123456
perf_user_8000,perf123456
perf_user_8001,perf123456
perf_user_8002,perf123456
perf_user_8003,perf123456
perf_user_8004,perf123456
perf_user_8005,perf123456
perf_user_8006,perf123456
perf_user_8007,perf123456
perf_user_8008,perf123456
perf_user_8009,perf123456
perf_user_8010,perf123456
perf_user_8011,perf123456
perf_user_8012,perf123456
perf_user_8013,perf123456
perf_user_8014,perf123456
perf_user_8015,perf123456
perf_user_8016,perf123456
perf_user_8017,perf123456
perf_user_8018,perf123456
perf_user_8019,perf123456
perf_user_8020,perf123456
perf_user_8021,perf123456
perf_user_8022,perf123456
perf_user_8023,perf123456
perf_user_8024,perf123456
perf_user_8025,perf123456
perf_user_8026,perf123456
perf_user_8027,perf123456
perf_user_8028,perf123456
perf_user_8029,perf123456
perf_user_8030,perf123456
perf_user_8031,perf123456
perf_user_8032,perf123456
perf_user_8033,perf123456
perf_user_8034,perf123456
perf_user_8035,perf123456
perf_user_8036,perf123456
perf_user_8037,perf123456
perf_user_8038,perf123456
perf_user_8039,perf123456
perf_user_8040,perf123456
perf_user_8041,perf123456
perf_user_8042,perf123456
perf_user_8043,perf123456
perf_user_8044,perf123456
perf_user_8045,perf123456
perf_user_8046,perf123456
perf_user_8047,perf123456
perf_user_8048,perf123456
perf_user_8049,perf123456
perf_user_8050,perf123456
perf_user_8051,perf123456
perf_user_8052,perf123456
perf_user_8053,perf123456
perf_user_8054,perf123456
perf_user_8055,perf123456
perf_user_8056,perf123456
perf_user_8057,perf123456
perf_user_8058,perf123456
perf_user_8059,perf123456
perf_user_8060,perf123456
perf_user_8061,perf123456
perf_user_8062,perf123456
perf_user_8063,perf123456
perf_user_8064,perf123456
perf_user_8065,perf123456
perf_user_8066,perf123456
perf_user_8067,perf123456
perf_user_8068,perf123456
perf_user_8069,perf123456
perf_user_8070,perf123456
perf_user_8071,perf123456
perf_user_8072,perf123456
perf_user_8073,perf123456
perf_user_8074,perf123456
perf_user_8075,perf123456
perf_user_8076,perf123456
perf_user_8077,perf123456
perf_user_8078,perf123456
perf_user_8079,perf123456
perf_user_8080,perf123456
perf_user_8081,perf123456
perf_user_8082,perf123456
perf_user_8083,perf123456
perf_user_8084,perf123456
perf_user_8085,perf123456
perf_user_8086,perf123456
perf_user_8087,perf123456
perf_user_8088,perf123456
perf_user_8089,perf123456
perf_user_8090,perf123456
perf_user_8091,perf123456
perf_user_8092,perf123456
perf_user_8093,perf123456
perf_user_8094,perf123456
perf_user_8095,perf123456
perf_user_8096,perf123456
perf_user_8097,perf123456
perf_user_8098,perf123456
perf_user_8099,perf123456
perf_user_8100,perf123456
perf_user_8101,perf123456
perf_user_8102,perf123456
perf_user_8103,perf123456
perf_user_8104,perf123456
perf_user_8105,perf123456
perf_user_8106,perf123456
perf_user_8107,perf123456
perf_user_8108,perf123456
perf_user_8109,perf123456
perf_user_8110,perf123456
perf_user_8111,perf123456
perf_user_8112,perf123456
perf_user_8113,perf123456
perf_user_8114,perf123456
perf_user_8115,perf123456
perf_user_8116,perf123456
perf_user_8117,perf123456
perf_user_8118,perf123456
perf_user_8119,perf123456
perf_user_8120,perf123456
perf_user_8121,perf123456
perf_user_8122,perf123456
perf_user_8123,perf123456
perf_user_8124,perf123456
perf_user_8125,perf123456
perf_user_8126,perf123456
perf_user_8127,perf123456
perf_user_8128,perf123456
perf_user_8129,perf123456
perf_user_8130,perf123456
perf_user_8131,perf123456
perf_user_8132,perf123456
perf_user_8133,perf123456
perf_user_8134,perf123456
perf_user_8135,perf123456
perf_user_8136,perf123456
perf_user_8137,perf123456
perf_user_8138,perf123456
perf_user_8139,perf123456
perf_user_8140,perf123456
perf_user_8141,perf123456
perf_user_8142,perf123456
perf_user_8143,perf123456
perf_user_8144,perf123456
perf_user_8145,perf123456
perf_user_8146,perf123456
perf_user_8147,perf123456
perf_user_8148,perf123456
perf_user_8149,perf123456
perf_user_8150,perf123456
perf_user_8151,perf123456
perf_user_8152,perf123456
perf_user_8153,perf123456
perf_user_8154,perf123456
perf_user_8155,perf123456
perf_user_8156,perf123456
perf_user_8157,perf123456
perf_user_8158,perf123456
perf_user_8159,perf123456
perf_user_8160,perf123456
perf_user_8161,perf123456
perf_user_8162,perf123456
perf_user_8163,perf123456
perf_user_8164,perf123456
perf_user_8165,perf123456
perf_user_8166,perf123456
perf_user_8167,perf123456
perf_user_8168,perf123456
perf_user_8169,perf123456
perf_user_8170,perf123456
perf_user_8171,perf123456
perf_user_8172,perf123456
perf_user_8173,perf123456
perf_user_8174,perf123456
perf_user_8175,perf123456
perf_user_8176,perf123456
perf_user_8177,perf123456
perf_user_8178,perf123456
perf_user_8179,perf123456
perf_user_8180,perf123456
perf_user_8181,perf123456
perf_user_8182,perf123456
perf_user_8183,perf123456
perf_user_8184,perf123456
perf_user_8185,perf123456
perf_user_8186,perf123456
perf_user_8187,perf123456
perf_user_8188,perf123456
perf_user_8189,perf123456
perf_user_8190,perf123456
perf_user_8191,perf123456
perf_user_8192,perf123456
perf_user_8193,perf123456
perf_user_8194,perf123456
perf_user_8195,perf123456
perf_user_8196,perf123456
perf_user_8197,perf123456
perf_user_8198,perf123456
perf_user_8199,perf123456
perf_user_8200,perf123456
perf_user_8201,perf123456
perf_user_8202,perf123456
perf_user_8203,perf123456
perf_user_8204,perf123456
perf_user_8205,perf123456
perf_user_8206,perf123456
perf_user_8207,perf123456
perf_user_8208,perf123456
perf_user_8209,perf123456
perf_user_8210,perf123456
perf_user_8211,perf123456
perf_user_8212,perf123456
perf_user_8213,perf123456
perf_user_8214,perf123456
perf_user_8215,perf123456
perf_user_8216,perf123456
perf_user_8217,perf123456
perf_user_8218,perf123456
perf_user_8219,perf123456
perf_user_8220,perf123456
perf_user_8221,perf123456
perf_user_8222,perf123456
perf_user_8223,perf123456
perf_user_8224,perf123456
perf_user_8225,perf123456
perf_user_8226,perf123456
perf_user_8227,perf123456
perf_user_8228,perf123456
perf_user_8229,perf123456
perf_user_8230,perf123456
perf_user_8231,perf123456
perf_user_8232,perf123456
perf_user_8233,perf123456
perf_user_8234,perf123456
perf_user_8235,perf123456
perf_user_8236,perf123456
perf_user_8237,perf123456
perf_user_8238,perf123456
perf_user_8239,perf123456
perf_user_8240,perf123456
perf_user_8241,perf123456
perf_user_8242,perf123456
perf_user_8243,perf123456
perf_user_8244,perf123456
perf_user_8245,perf123456
perf_user_8246,perf123456
perf_user_8247,perf123456
perf_user_8248,perf123456
perf_user_8249,perf123456
perf_user_8250,perf123456
perf_user_8251,perf123456
perf_user_8252,perf123456
perf_user_8253,perf123456
perf_user_8254,perf123456
perf_user_8255,perf123456
perf_user_8256,perf123456
perf_user_8257,perf123456
perf_user_8258,perf123456
perf_user_8259,perf123456
perf_user_8260,perf123456
perf_user_8261,perf123456
perf_user_8262,perf123456
perf_user_8263,perf123456
perf_user_8264,perf123456
perf_user_8265,perf123456
perf_user_8266,perf123456
perf_user_8267,perf123456
perf_user_8268,perf123456
perf_user_8269,perf123456
perf_user_8270,perf123456
perf_user_8271,perf123456
perf_user_8272,perf123456
perf_user_8273,perf123456
perf_user_8274,perf123456
perf_user_8275,perf123456
perf_user_8276,perf123456
perf_user_8277,perf123456
perf_user_8278,perf123456
perf_user_8279,perf123456
perf_user_8280,perf123456
perf_user_8281,perf123456
perf_user_8282,perf123456
perf_user_8283,perf123456
perf_user_8284,perf123456
perf_user_8285,perf123456
perf_user_8286,perf123456
perf_user_8287,perf123456
perf_user_8288,perf123456
perf_user_8289,perf123456
perf_user_8290,perf123456
perf_user_8291,perf123456
perf_user_8292,perf123456
perf_user_8293,perf123456
perf_user_8294,perf123456
perf_user_8295,perf123456
perf_user_8296,perf123456
perf_user_8297,perf123456
perf_user_8298,perf123456
perf_user_8299,perf123456
perf_user_8300,perf123456
perf_user_8301,perf123456
perf_user_8302,perf123456
perf_user_8303,perf123456
perf_user_8304,perf123456
perf_user_8305,perf123456
perf_user_8306,perf123456
perf_user_8307,perf123456
perf_user_8308,perf123456
perf_user_8309,perf123456
perf_user_8310,perf123456
perf_user_8311,perf123456
perf_user_8312,perf123456
perf_user_8313,perf123456
perf_user_8314,perf123456
perf_user_8315,perf123456
perf_user_8316,perf123456
perf_user_8317,perf123456
perf_user_8318,perf123456
perf_user_8319,perf123456
perf_user_8320,perf123456
perf_user_8321,perf123456
perf_user_8322,perf123456
perf_user_8323,perf123456
perf_user_8324,perf123456
perf_user_8325,perf123456
perf_user_8326,perf123456
perf_user_8327,perf123456
perf_user_8328,perf123456
perf_user_8329,perf123456
perf_user_8330,perf123456
perf_user_8331,perf123456
perf_user_8332,perf123456
perf_user_8333,perf123456
perf_user_8334,perf123456
perf_user_8335,perf123456
perf_user_8336,perf123456
perf_user_8337,perf123456
perf_user_8338,perf123456
perf_user_8339,perf123456
perf_user_8340,perf123456
perf_user_8341,perf123456
perf_user_8342,perf123456
perf_user_8343,perf123456
perf_user_8344,perf123456
perf_user_8345,perf123456
perf_user_8346,perf123456
perf_user_8347,perf123456
perf_user_8348,perf123456
perf_user_8349,perf123456
perf_user_8350,perf123456
perf_user_8351,perf123456
perf_user_8352,perf123456
perf_user_8353,perf123456
perf_user_8354,perf123456
perf_user_8355,perf123456
perf_user_8356,perf123456
perf_user_8357,perf123456
perf_user_8358,perf123456
perf_user_8359,perf123456
perf_user_8360,perf123456
perf_user_8361,perf123456
perf_user_8362,perf123456
perf_user_8363,perf123456
perf_user_8364,perf123456
perf_user_8365,perf123456
perf_user_8366,perf123456
perf_user_8367,perf123456
perf_user_8368,perf123456
perf_user_8369,perf123456
perf_user_8370,perf123456
perf_user_8371,perf123456
perf_user_8372,perf123456
perf_user_8373,perf123456
perf_user_8374,perf123456
perf_user_8375,perf123456
perf_user_8376,perf123456
perf_user_8377,perf123456
perf_user_8378,perf123456
perf_user_8379,perf123456
perf_user_8380,perf123456
perf_user_8381,perf123456
perf_user_8382,perf123456
perf_user_8383,perf123456
perf_user_8384,perf123456
perf_user_8385,perf123456
perf_user_8386,perf123456
perf_user_8387,perf123456
perf_user_8388,perf123456
perf_user_8389,perf123456
perf_user_8390,perf123456
perf_user_8391,perf123456
perf_user_8392,perf123456
perf_user_8393,perf123456
perf_user_8394,perf123456
perf_user_8395,perf123456
perf_user_8396,perf123456
perf_user_8397,perf123456
perf_user_8398,perf123456
perf_user_8399,perf123456
perf_user_8400,perf123456
perf_user_8401,perf123456
perf_user_8402,perf123456
perf_user_8403,perf123456
perf_user_8404,perf123456
perf_user_8405,perf123456
perf_user_8406,perf123456
perf_user_8407,perf123456
perf_user_8408,perf123456
perf_user_8409,perf123456
perf_user_8410,perf123456
perf_user_8411,perf123456
perf_user_8412,perf123456
perf_user_8413,perf123456
perf_user_8414,perf123456
perf_user_8415,perf123456
perf_user_8416,perf123456
perf_user_8417,perf123456
perf_user_8418,perf123456
perf_user_8419,perf123456
perf_user_8420,perf123456
perf_user_8421,perf123456
perf_user_8422,perf123456
perf_user_8423,perf123456
perf_user_8424,perf123456
perf_user_8425,perf123456
perf_user_8426,perf123456
perf_user_8427,perf123456
perf_user_8428,perf123456
perf_user_8429,perf123456
perf_user_8430,perf123456
perf_user_8431,perf123456
perf_user_8432,perf123456
perf_user_8433,perf123456
perf_user_8434,perf123456
perf_user_8435,perf123456
perf_user_8436,perf123456
perf_user_8437,perf123456
perf_user_8438,perf123456
perf_user_8439,perf123456
perf_user_8440,perf123456
perf_user_8441,perf123456
perf_user_8442,perf123456
perf_user_8443,perf123456
perf_user_8444,perf123456
perf_user_8445,perf123456
perf_user_8446,perf123456
perf_user_8447,perf123456
perf_user_8448,perf123456
perf_user_8449,perf123456
perf_user_8450,perf123456
perf_user_8451,perf123456
perf_user_8452,perf123456
perf_user_8453,perf123456
perf_user_8454,perf123456
perf_user_8455,perf123456
perf_user_8456,perf123456
perf_user_8457,perf123456
perf_user_8458,perf123456
perf_user_8459,perf123456
perf_user_8460,perf123456
perf_user_8461,perf123456
perf_user_8462,perf123456
perf_user_8463,perf123456
perf_user_8464,perf123456
perf_user_8465,perf123456
perf_user_8466,perf123456
perf_user_8467,perf123456
perf_user_8468,perf123456
perf_user_8469,perf123456
perf_user_8470,perf123456
perf_user_8471,perf123456
perf_user_8472,perf123456
perf_user_8473,perf123456
perf_user_8474,perf123456
perf_user_8475,perf123456
perf_user_8476,perf123456
perf_user_8477,perf123456
perf_user_8478,perf123456
perf_user_8479,perf123456
perf_user_8480,perf123456
perf_user_8481,perf123456
perf_user_8482,perf123456
perf_user_8483,perf123456
perf_user_8484,perf123456
perf_user_8485,perf123456
perf_user_8486,perf123456
perf_user_8487,perf123456
perf_user_8488,perf123456
perf_user_8489,perf123456
perf_user_8490,perf123456
perf_user_8491,perf123456
perf_user_8492,perf123456
perf_user_8493,perf123456
perf_user_8494,perf123456
perf_user_8495,perf123456
perf_user_8496,perf123456
perf_user_8497,perf123456
perf_user_8498,perf123456
perf_user_8499,perf123456
perf_user_8500,perf123456
perf_user_8501,perf123456
perf_user_8502,perf123456
perf_user_8503,perf123456
perf_user_8504,perf123456
perf_user_8505,perf123456
perf_user_8506,perf123456
perf_user_8507,perf123456
perf_user_8508,perf123456
perf_user_8509,perf123456
perf_user_8510,perf123456
perf_user_8511,perf123456
perf_user_8512,perf123456
perf_user_8513,perf123456
perf_user_8514,perf123456
perf_user_8515,perf123456
perf_user_8516,perf123456
perf_user_8517,perf123456
perf_user_8518,perf123456
perf_user_8519,perf123456
perf_user_8520,perf123456
perf_user_8521,perf123456
perf_user_8522,perf123456
perf_user_8523,perf123456
perf_user_8524,perf123456
perf_user_8525,perf123456
perf_user_8526,perf123456
perf_user_8527,perf123456
perf_user_8528,perf123456
perf_user_8529,perf123456
perf_user_8530,perf123456
perf_user_8531,perf123456
perf_user_8532,perf123456
perf_user_8533,perf123456
perf_user_8534,perf123456
perf_user_8535,perf123456
perf_user_8536,perf123456
perf_user_8537,perf123456
perf_user_8538,perf123456
perf_user_8539,perf123456
perf_user_8540,perf123456
perf_user_8541,perf123456
perf_user_8542,perf123456
perf_user_8543,perf123456
perf_user_8544,perf123456
perf_user_8545,perf123456
perf_user_8546,perf123456
perf_user_8547,perf123456
perf_user_8548,perf123456
perf_user_8549,perf123456
perf_user_8550,perf123456
perf_user_8551,perf123456
perf_user_8552,perf123456
perf_user_8553,perf123456
perf_user_8554,perf123456
perf_user_8555,perf123456
perf_user_8556,perf123456
perf_user_8557,perf123456
perf_user_8558,perf123456
perf_user_8559,perf123456
perf_user_8560,perf123456
perf_user_8561,perf123456
perf_user_8562,perf123456
perf_user_8563,perf123456
perf_user_8564,perf123456
perf_user_8565,perf123456
perf_user_8566,perf123456
perf_user_8567,perf123456
perf_user_8568,perf123456
perf_user_8569,perf123456
perf_user_8570,perf123456
perf_user_8571,perf123456
perf_user_8572,perf123456
perf_user_8573,perf123456
perf_user_8574,perf123456
perf_user_8575,perf123456
perf_user_8576,perf123456
perf_user_8577,perf123456
perf_user_8578,perf123456
perf_user_8579,perf123456
perf_user_8580,perf123456
perf_user_8581,perf123456
perf_user_8582,perf123456
perf_user_8583,perf123456
perf_user_8584,perf123456
perf_user_8585,perf123456
perf_user_8586,perf123456
perf_user_8587,perf123456
perf_user_8588,perf123456
perf_user_8589,perf123456
perf_user_8590,perf123456
perf_user_8591,perf123456
perf_user_8592,perf123456
perf_user_8593,perf123456
perf_user_8594,perf123456
perf_user_8595,perf123456
perf_user_8596,perf123456
perf_user_8597,perf123456
perf_user_8598,perf123456
perf_user_8599,perf123456
perf_user_8600,perf123456
perf_user_8601,perf123456
perf_user_8602,perf123456
perf_user_8603,perf123456
perf_user_8604,perf123456
perf_user_8605,perf123456
perf_user_8606,perf123456
perf_user_8607,perf123456
perf_user_8608,perf123456
perf_user_8609,perf123456
perf_user_8610,perf123456
perf_user_8611,perf123456
perf_user_8612,perf123456
perf_user_8613,perf123456
perf_user_8614,perf123456
perf_user_8615,perf123456
perf_user_8616,perf123456
perf_user_8617,perf123456
perf_user_8618,perf123456
perf_user_8619,perf123456
perf_user_8620,perf123456
perf_user_8621,perf123456
perf_user_8622,perf123456
perf_user_8623,perf123456
perf_user_8624,perf123456
perf_user_8625,perf123456
perf_user_8626,perf123456
perf_user_8627,perf123456
perf_user_8628,perf123456
perf_user_8629,perf123456
perf_user_8630,perf123456
perf_user_8631,perf123456
perf_user_8632,perf123456
perf_user_8633,perf123456
perf_user_8634,perf123456
perf_user_8635,perf123456
perf_user_8636,perf123456
perf_user_8637,perf123456
perf_user_8638,perf123456
perf_user_8639,perf123456
perf_user_8640,perf123456
perf_user_8641,perf123456
perf_user_8642,perf123456
perf_user_8643,perf123456
perf_user_8644,perf123456
perf_user_8645,perf123456
perf_user_8646,perf123456
perf_user_8647,perf123456
perf_user_8648,perf123456
perf_user_8649,perf123456
perf_user_8650,perf123456
perf_user_8651,perf123456
perf_user_8652,perf123456
perf_user_8653,perf123456
perf_user_8654,perf123456
perf_user_8655,perf123456
perf_user_8656,perf123456
perf_user_8657,perf123456
perf_user_8658,perf123456
perf_user_8659,perf123456
perf_user_8660,perf123456
perf_user_8661,perf123456
perf_user_8662,perf123456
perf_user_8663,perf123456
perf_user_8664,perf123456
perf_user_8665,perf123456
perf_user_8666,perf123456
perf_user_8667,perf123456
perf_user_8668,perf123456
perf_user_8669,perf123456
perf_user_8670,perf123456
perf_user_8671,perf123456
perf_user_8672,perf123456
perf_user_8673,perf123456
perf_user_8674,perf123456
perf_user_8675,perf123456
perf_user_8676,perf123456
perf_user_8677,perf123456
perf_user_8678,perf123456
perf_user_8679,perf123456
perf_user_8680,perf123456
perf_user_8681,perf123456
perf_user_8682,perf123456
perf_user_8683,perf123456
perf_user_8684,perf123456
perf_user_8685,perf123456
perf_user_8686,perf123456
perf_user_8687,perf123456
perf_user_8688,perf123456
perf_user_8689,perf123456
perf_user_8690,perf123456
perf_user_8691,perf123456
perf_user_8692,perf123456
perf_user_8693,perf123456
perf_user_8694,perf123456
perf_user_8695,perf123456
perf_user_8696,perf123456
perf_user_8697,perf123456
perf_user_8698,perf123456
perf_user_8699,perf123456
perf_user_8700,perf123456
perf_user_8701,perf123456
perf_user_8702,perf123456
perf_user_8703,perf123456
perf_user_8704,perf123456
perf_user_8705,perf123456
perf_user_8706,perf123456
perf_user_8707,perf123456
perf_user_8708,perf123456
perf_user_8709,perf123456
perf_user_8710,perf123456
perf_user_8711,perf123456
perf_user_8712,perf123456
perf_user_8713,perf123456
perf_user_8714,perf123456
perf_user_8715,perf123456
perf_user_8716,perf123456
perf_user_8717,perf123456
perf_user_8718,perf123456
perf_user_8719,perf123456
perf_user_8720,perf123456
perf_user_8721,perf123456
perf_user_8722,perf123456
perf_user_8723,perf123456
perf_user_8724,perf123456
perf_user_8725,perf123456
perf_user_8726,perf123456
perf_user_8727,perf123456
perf_user_8728,perf123456
perf_user_8729,perf123456
perf_user_8730,perf123456
perf_user_8731,perf123456
perf_user_8732,perf123456
perf_user_8733,perf123456
perf_user_8734,perf123456
perf_user_8735,perf123456
perf_user_8736,perf123456
perf_user_8737,perf123456
perf_user_8738,perf123456
perf_user_8739,perf123456
perf_user_8740,perf123456
perf_user_8741,perf123456
perf_user_8742,perf123456
perf_user_8743,perf123456
perf_user_8744,perf123456
perf_user_8745,perf123456
perf_user_8746,perf123456
perf_user_8747,perf123456
perf_user_8748,perf123456
perf_user_8749,perf123456
perf_user_8750,perf123456
perf_user_8751,perf123456
perf_user_8752,perf123456
perf_user_8753,perf123456
perf_user_8754,perf123456
perf_user_8755,perf123456
perf_user_8756,perf123456
perf_user_8757,perf123456
perf_user_8758,perf123456
perf_user_8759,perf123456
perf_user_8760,perf123456
perf_user_8761,perf123456
perf_user_8762,perf123456
perf_user_8763,perf123456
perf_user_8764,perf123456
perf_user_8765,perf123456
perf_user_8766,perf123456
perf_user_8767,perf123456
perf_user_8768,perf123456
perf_user_8769,perf123456
perf_user_8770,perf123456
perf_user_8771,perf123456
perf_user_8772,perf123456
perf_user_8773,perf123456
perf_user_8774,perf123456
perf_user_8775,perf123456
perf_user_8776,perf123456
perf_user_8777,perf123456
perf_user_8778,perf123456
perf_user_8779,perf123456
perf_user_8780,perf123456
perf_user_8781,perf123456
perf_user_8782,perf123456
perf_user_8783,perf123456
perf_user_8784,perf123456
perf_user_8785,perf123456
perf_user_8786,perf123456
perf_user_8787,perf123456
perf_user_8788,perf123456
perf_user_8789,perf123456
perf_user_8790,perf123456
perf_user_8791,perf123456
perf_user_8792,perf123456
perf_user_8793,perf123456
perf_user_8794,perf123456
perf_user_8795,perf123456
perf_user_8796,perf123456
perf_user_8797,perf123456
perf_user_8798,perf123456
perf_user_8799,perf123456
perf_user_8800,perf123456
perf_user_8801,perf123456
perf_user_8802,perf123456
perf_user_8803,perf123456
perf_user_8804,perf123456
perf_user_8805,perf123456
perf_user_8806,perf123456
perf_user_8807,perf123456
perf_user_8808,perf123456
perf_user_8809,perf123456
perf_user_8810,perf123456
perf_user_8811,perf123456
perf_user_8812,perf123456
perf_user_8813,perf123456
perf_user_8814,perf123456
perf_user_8815,perf123456
perf_user_8816,perf123456
perf_user_8817,perf123456
perf_user_8818,perf123456
perf_user_8819,perf123456
perf_user_8820,perf123456
perf_user_8821,perf123456
perf_user_8822,perf123456
perf_user_8823,perf123456
perf_user_8824,perf123456
perf_user_8825,perf123456
perf_user_8826,perf123456
perf_user_8827,perf123456
perf_user_8828,perf123456
perf_user_8829,perf123456
perf_user_8830,perf123456
perf_user_8831,perf123456
perf_user_8832,perf123456
perf_user_8833,perf123456
perf_user_8834,perf123456
perf_user_8835,perf123456
perf_user_8836,perf123456
perf_user_8837,perf123456
perf_user_8838,perf123456
perf_user_8839,perf123456
perf_user_8840,perf123456
perf_user_8841,perf123456
perf_user_8842,perf123456
perf_user_8843,perf123456
perf_user_8844,perf123456
perf_user_8845,perf123456
perf_user_8846,perf123456
perf_user_8847,perf123456
perf_user_8848,perf123456
perf_user_8849,perf123456
perf_user_8850,perf123456
perf_user_8851,perf123456
perf_user_8852,perf123456
perf_user_8853,perf123456
perf_user_8854,perf123456
perf_user_8855,perf123456
perf_user_8856,perf123456
perf_user_8857,perf123456
perf_user_8858,perf123456
perf_user_8859,perf123456
perf_user_8860,perf123456
perf_user_8861,perf123456
perf_user_8862,perf123456
perf_user_8863,perf123456
perf_user_8864,perf123456
perf_user_8865,perf123456
perf_user_8866,perf123456
perf_user_8867,perf123456
perf_user_8868,perf123456
perf_user_8869,perf123456
perf_user_8870,perf123456
perf_user_8871,perf123456
perf_user_8872,perf123456
perf_user_8873,perf123456
perf_user_8874,perf123456
perf_user_8875,perf123456
perf_user_8876,perf123456
perf_user_8877,perf123456
perf_user_8878,perf123456
perf_user_8879,perf123456
perf_user_8880,perf123456
perf_user_8881,perf123456
perf_user_8882,perf123456
perf_user_8883,perf123456
perf_user_8884,perf123456
perf_user_8885,perf123456
perf_user_8886,perf123456
perf_user_8887,perf123456
perf_user_8888,perf123456
perf_user_8889,perf123456
perf_user_8890,perf123456
perf_user_8891,perf123456
perf_user_8892,perf123456
perf_user_8893,perf123456
perf_user_8894,perf123456
perf_user_8895,perf123456
perf_user_8896,perf123456
perf_user_8897,perf123456
perf_user_8898,perf123456
perf_user_8899,perf123456
perf_user_8900,perf123456
perf_user_8901,perf123456
perf_user_8902,perf123456
perf_user_8903,perf123456
perf_user_8904,perf123456
perf_user_8905,perf123456
perf_user_8906,perf123456
perf_user_8907,perf123456
perf_user_8908,perf123456
perf_user_8909,perf123456
perf_user_8910,perf123456
perf_user_8911,perf123456
perf_user_8912,perf123456
perf_user_8913,perf123456
perf_user_8914,perf123456
perf_user_8915,perf123456
perf_user_8916,perf123456
perf_user_8917,perf123456
perf_user_8918,perf123456
perf_user_8919,perf123456
perf_user_8920,perf123456
perf_user_8921,perf123456
perf_user_8922,perf123456
perf_user_8923,perf123456
perf_user_8924,perf123456
perf_user_8925,perf123456
perf_user_8926,perf123456
perf_user_8927,perf123456
perf_user_8928,perf123456
perf_user_8929,perf123456
perf_user_8930,perf123456
perf_user_8931,perf123456
perf_user_8932,perf123456
perf_user_8933,perf123456
perf_user_8934,perf123456
perf_user_8935,perf123456
perf_user_8936,perf123456
perf_user_8937,perf123456
perf_user_8938,perf123456
perf_user_8939,perf123456
perf_user_8940,perf123456
perf_user_8941,perf123456
perf_user_8942,perf123456
perf_user_8943,perf123456
perf_user_8944,perf123456
perf_user_8945,perf123456
perf_user_8946,perf123456
perf_user_8947,perf123456
perf_user_8948,perf123456
perf_user_8949,perf123456
perf_user_8950,perf123456
perf_user_8951,perf123456
perf_user_8952,perf123456
perf_user_8953,perf123456
perf_user_8954,perf123456
perf_user_8955,perf123456
perf_user_8956,perf123456
perf_user_8957,perf123456
perf_user_8958,perf123456
perf_user_8959,perf123456
perf_user_8960,perf123456
perf_user_8961,perf123456
perf_user_8962,perf123456
perf_user_8963,perf123456
perf_user_8964,perf123456
perf_user_8965,perf123456
perf_user_8966,perf123456
perf_user_8967,perf123456
perf_user_8968,perf123456
perf_user_8969,perf123456
perf_user_8970,perf123456
perf_user_8971,perf123456
perf_user_8972,perf123456
perf_user_8973,perf123456
perf_user_8974,perf123456
perf_user_8975,perf123456
perf_user_8976,perf123456
perf_user_8977,perf123456
perf_user_8978,perf123456
perf_user_8979,perf123456
perf_user_8980,perf123456
perf_user_8981,perf123456
perf_user_8982,perf123456
perf_user_8983,perf123456
perf_user_8984,perf123456
perf_user_8985,perf123456
perf_user_8986,perf123456
perf_user_8987,perf123456
perf_user_8988,perf123456
perf_user_8989,perf123456
perf_user_8990,perf123456
perf_user_8991,perf123456
perf_user_8992,perf123456
perf_user_8993,perf123456
perf_user_8994,perf123456
perf_user_8995,perf123456
perf_user_8996,perf123456
perf_user_8997,perf123456
perf_user_8998,perf123456
perf_user_8999,perf123456
perf_user_9000,perf123456
perf_user_9001,perf123456
perf_user_9002,perf123456
perf_user_9003,perf123456
perf_user_9004,perf123456
perf_user_9005,perf123456
perf_user_9006,perf123456
perf_user_9007,perf123456
perf_user_9008,perf123456
perf_user_9009,perf123456
perf_user_9010,perf123456
perf_user_9011,perf123456
perf_user_9012,perf123456
perf_user_9013,perf123456
perf_user_9014,perf123456
perf_user_9015,perf123456
perf_user_9016,perf123456
perf_user_9017,perf123456
perf_user_9018,perf123456
perf_user_9019,perf123456
perf_user_9020,perf123456
perf_user_9021,perf123456
perf_user_9022,perf123456
perf_user_9023,perf123456
perf_user_9024,perf123456
perf_user_9025,perf123456
perf_user_9026,perf123456
perf_user_9027,perf123456
perf_user_9028,perf123456
perf_user_9029,perf123456
perf_user_9030,perf123456
perf_user_9031,perf123456
perf_user_9032,perf123456
perf_user_9033,perf123456
perf_user_9034,perf123456
perf_user_9035,perf123456
perf_user_9036,perf123456
perf_user_9037,perf123456
perf_user_9038,perf123456
perf_user_9039,perf123456
perf_user_9040,perf123456
perf_user_9041,perf123456
perf_user_9042,perf123456
perf_user_9043,perf123456
perf_user_9044,perf123456
perf_user_9045,perf123456
perf_user_9046,perf123456
perf_user_9047,perf123456
perf_user_9048,perf123456
perf_user_9049,perf123456
perf_user_9050,perf123456
perf_user_9051,perf123456
perf_user_9052,perf123456
perf_user_9053,perf123456
perf_user_9054,perf123456
perf_user_9055,perf123456
perf_user_9056,perf123456
perf_user_9057,perf123456
perf_user_9058,perf123456
perf_user_9059,perf123456
perf_user_9060,perf123456
perf_user_9061,perf123456
perf_user_9062,perf123456
perf_user_9063,perf123456
perf_user_9064,perf123456
perf_user_9065,perf123456
perf_user_9066,perf123456
perf_user_9067,perf123456
perf_user_9068,perf123456
perf_user_9069,perf123456
perf_user_9070,perf123456
perf_user_9071,perf123456
perf_user_9072,perf123456
perf_user_9073,perf123456
perf_user_9074,perf123456
perf_user_9075,perf123456
perf_user_9076,perf123456
perf_user_9077,perf123456
perf_user_9078,perf123456
perf_user_9079,perf123456
perf_user_9080,perf123456
perf_user_9081,perf123456
perf_user_9082,perf123456
perf_user_9083,perf123456
perf_user_9084,perf123456
perf_user_9085,perf123456
perf_user_9086,perf123456
perf_user_9087,perf123456
perf_user_9088,perf123456
perf_user_9089,perf123456
perf_user_9090,perf123456
perf_user_9091,perf123456
perf_user_9092,perf123456
perf_user_9093,perf123456
perf_user_9094,perf123456
perf_user_9095,perf123456
perf_user_9096,perf123456
perf_user_9097,perf123456
perf_user_9098,perf123456
perf_user_9099,perf123456
perf_user_9100,perf123456
perf_user_9101,perf123456
perf_user_9102,perf123456
perf_user_9103,perf123456
perf_user_9104,perf123456
perf_user_9105,perf123456
perf_user_9106,perf123456
perf_user_9107,perf123456
perf_user_9108,perf123456
perf_user_9109,perf123456
perf_user_9110,perf123456
perf_user_9111,perf123456
perf_user_9112,perf123456
perf_user_9113,perf123456
perf_user_9114,perf123456
perf_user_9115,perf123456
perf_user_9116,perf123456
perf_user_9117,perf123456
perf_user_9118,perf123456
perf_user_9119,perf123456
perf_user_9120,perf123456
perf_user_9121,perf123456
perf_user_9122,perf123456
perf_user_9123,perf123456
perf_user_9124,perf123456
perf_user_9125,perf123456
perf_user_9126,perf123456
perf_user_9127,perf123456
perf_user_9128,perf123456
perf_user_9129,perf123456
perf_user_9130,perf123456
perf_user_9131,perf123456
perf_user_9132,perf123456
perf_user_9133,perf123456
perf_user_9134,perf123456
perf_user_9135,perf123456
perf_user_9136,perf123456
perf_user_9137,perf123456
perf_user_9138,perf123456
perf_user_9139,perf123456
perf_user_9140,perf123456
perf_user_9141,perf123456
perf_user_9142,perf123456
perf_user_9143,perf123456
perf_user_9144,perf123456
perf_user_9145,perf123456
perf_user_9146,perf123456
perf_user_9147,perf123456
perf_user_9148,perf123456
perf_user_9149,perf123456
perf_user_9150,perf123456
perf_user_9151,perf123456
perf_user_9152,perf123456
perf_user_9153,perf123456
perf_user_9154,perf123456
perf_user_9155,perf123456
perf_user_9156,perf123456
perf_user_9157,perf123456
perf_user_9158,perf123456
perf_user_9159,perf123456
perf_user_9160,perf123456
perf_user_9161,perf123456
perf_user_9162,perf123456
perf_user_9163,perf123456
perf_user_9164,perf123456
perf_user_9165,perf123456
perf_user_9166,perf123456
perf_user_9167,perf123456
perf_user_9168,perf123456
perf_user_9169,perf123456
perf_user_9170,perf123456
perf_user_9171,perf123456
perf_user_9172,perf123456
perf_user_9173,perf123456
perf_user_9174,perf123456
perf_user_9175,perf123456
perf_user_9176,perf123456
perf_user_9177,perf123456
perf_user_9178,perf123456
perf_user_9179,perf123456
perf_user_9180,perf123456
perf_user_9181,perf123456
perf_user_9182,perf123456
perf_user_9183,perf123456
perf_user_9184,perf123456
perf_user_9185,perf123456
perf_user_9186,perf123456
perf_user_9187,perf123456
perf_user_9188,perf123456
perf_user_9189,perf123456
perf_user_9190,perf123456
perf_user_9191,perf123456
perf_user_9192,perf123456
perf_user_9193,perf123456
perf_user_9194,perf123456
perf_user_9195,perf123456
perf_user_9196,perf123456
perf_user_9197,perf123456
perf_user_9198,perf123456
perf_user_9199,perf123456
perf_user_9200,perf123456
perf_user_9201,perf123456
perf_user_9202,perf123456
perf_user_9203,perf123456
perf_user_9204,perf123456
perf_user_9205,perf123456
perf_user_9206,perf123456
perf_user_9207,perf123456
perf_user_9208,perf123456
perf_user_9209,perf123456
perf_user_9210,perf123456
perf_user_9211,perf123456
perf_user_9212,perf123456
perf_user_9213,perf123456
perf_user_9214,perf123456
perf_user_9215,perf123456
perf_user_9216,perf123456
perf_user_9217,perf123456
perf_user_9218,perf123456
perf_user_9219,perf123456
perf_user_9220,perf123456
perf_user_9221,perf123456
perf_user_9222,perf123456
perf_user_9223,perf123456
perf_user_9224,perf123456
perf_user_9225,perf123456
perf_user_9226,perf123456
perf_user_9227,perf123456
perf_user_9228,perf123456
perf_user_9229,perf123456
perf_user_9230,perf123456
perf_user_9231,perf123456
perf_user_9232,perf123456
perf_user_9233,perf123456
perf_user_9234,perf123456
perf_user_9235,perf123456
perf_user_9236,perf123456
perf_user_9237,perf123456
perf_user_9238,perf123456
perf_user_9239,perf123456
perf_user_9240,perf123456
perf_user_9241,perf123456
perf_user_9242,perf123456
perf_user_9243,perf123456
perf_user_9244,perf123456
perf_user_9245,perf123456
perf_user_9246,perf123456
perf_user_9247,perf123456
perf_user_9248,perf123456
perf_user_9249,perf123456
perf_user_9250,perf123456
perf_user_9251,perf123456
perf_user_9252,perf123456
perf_user_9253,perf123456
perf_user_9254,perf123456
perf_user_9255,perf123456
perf_user_9256,perf123456
perf_user_9257,perf123456
perf_user_9258,perf123456
perf_user_9259,perf123456
perf_user_9260,perf123456
perf_user_9261,perf123456
perf_user_9262,perf123456
perf_user_9263,perf123456
perf_user_9264,perf123456
perf_user_9265,perf123456
perf_user_9266,perf123456
perf_user_9267,perf123456
perf_user_9268,perf123456
perf_user_9269,perf123456
perf_user_9270,perf123456
perf_user_9271,perf123456
perf_user_9272,perf123456
perf_user_9273,perf123456
perf_user_9274,perf123456
perf_user_9275,perf123456
perf_user_9276,perf123456
perf_user_9277,perf123456
perf_user_9278,perf123456
perf_user_9279,perf123456
perf_user_9280,perf123456
perf_user_9281,perf123456
perf_user_9282,perf123456
perf_user_9283,perf123456
perf_user_9284,perf123456
perf_user_9285,perf123456
perf_user_9286,perf123456
perf_user_9287,perf123456
perf_user_9288,perf123456
perf_user_9289,perf123456
perf_user_9290,perf123456
perf_user_9291,perf123456
perf_user_9292,perf123456
perf_user_9293,perf123456
perf_user_9294,perf123456
perf_user_9295,perf123456
perf_user_9296,perf123456
perf_user_9297,perf123456
perf_user_9298,perf123456
perf_user_9299,perf123456
perf_user_9300,perf123456
perf_user_9301,perf123456
perf_user_9302,perf123456
perf_user_9303,perf123456
perf_user_9304,perf123456
perf_user_9305,perf123456
perf_user_9306,perf123456
perf_user_9307,perf123456
perf_user_9308,perf123456
perf_user_9309,perf123456
perf_user_9310,perf123456
perf_user_9311,perf123456
perf_user_9312,perf123456
perf_user_9313,perf123456
perf_user_9314,perf123456
perf_user_9315,perf123456
perf_user_9316,perf123456
perf_user_9317,perf123456
perf_user_9318,perf123456
perf_user_9319,perf123456
perf_user_9320,perf123456
perf_user_9321,perf123456
perf_user_9322,perf123456
perf_user_9323,perf123456
perf_user_9324,perf123456
perf_user_9325,perf123456
perf_user_9326,perf123456
perf_user_9327,perf123456
perf_user_9328,perf123456
perf_user_9329,perf123456
perf_user_9330,perf123456
perf_user_9331,perf123456
perf_user_9332,perf123456
perf_user_9333,perf123456
perf_user_9334,perf123456
perf_user_9335,perf123456
perf_user_9336,perf123456
perf_user_9337,perf123456
perf_user_9338,perf123456
perf_user_9339,perf123456
perf_user_9340,perf123456
perf_user_9341,perf123456
perf_user_9342,perf123456
perf_user_9343,perf123456
perf_user_9344,perf123456
perf_user_9345,perf123456
perf_user_9346,perf123456
perf_user_9347,perf123456
perf_user_9348,perf123456
perf_user_9349,perf123456
perf_user_9350,perf123456
perf_user_9351,perf123456
perf_user_9352,perf123456
perf_user_9353,perf123456
perf_user_9354,perf123456
perf_user_9355,perf123456
perf_user_9356,perf123456
perf_user_9357,perf123456
perf_user_9358,perf123456
perf_user_9359,perf123456
perf_user_9360,perf123456
perf_user_9361,perf123456
perf_user_9362,perf123456
perf_user_9363,perf123456
perf_user_9364,perf123456
perf_user_9365,perf123456
perf_user_9366,perf123456
perf_user_9367,perf123456
perf_user_9368,perf123456
perf_user_9369,perf123456
perf_user_9370,perf123456
perf_user_9371,perf123456
perf_user_9372,perf123456
perf_user_9373,perf123456
perf_user_9374,perf123456
perf_user_9375,perf123456
perf_user_9376,perf123456
perf_user_9377,perf123456
perf_user_9378,perf123456
perf_user_9379,perf123456
perf_user_9380,perf123456
perf_user_9381,perf123456
perf_user_9382,perf123456
perf_user_9383,perf123456
perf_user_9384,perf123456
perf_user_9385,perf123456
perf_user_9386,perf123456
perf_user_9387,perf123456
perf_user_9388,perf123456
perf_user_9389,perf123456
perf_user_9390,perf123456
perf_user_9391,perf123456
perf_user_9392,perf123456
perf_user_9393,perf123456
perf_user_9394,perf123456
perf_user_9395,perf123456
perf_user_9396,perf123456
perf_user_9397,perf123456
perf_user_9398,perf123456
perf_user_9399,perf123456
perf_user_9400,perf123456
perf_user_9401,perf123456
perf_user_9402,perf123456
perf_user_9403,perf123456
perf_user_9404,perf123456
perf_user_9405,perf123456
perf_user_9406,perf123456
perf_user_9407,perf123456
perf_user_9408,perf123456
perf_user_9409,perf123456
perf_user_9410,perf123456
perf_user_9411,perf123456
perf_user_9412,perf123456
perf_user_9413,perf123456
perf_user_9414,perf123456
perf_user_9415,perf123456
perf_user_9416,perf123456
perf_user_9417,perf123456
perf_user_9418,perf123456
perf_user_9419,perf123456
perf_user_9420,perf123456
perf_user_9421,perf123456
perf_user_9422,perf123456
perf_user_9423,perf123456
perf_user_9424,perf123456
perf_user_9425,perf123456
perf_user_9426,perf123456
perf_user_9427,perf123456
perf_user_9428,perf123456
perf_user_9429,perf123456
perf_user_9430,perf123456
perf_user_9431,perf123456
perf_user_9432,perf123456
perf_user_9433,perf123456
perf_user_9434,perf123456
perf_user_9435,perf123456
perf_user_9436,perf123456
perf_user_9437,perf123456
perf_user_9438,perf123456
perf_user_9439,perf123456
perf_user_9440,perf123456
perf_user_9441,perf123456
perf_user_9442,perf123456
perf_user_9443,perf123456
perf_user_9444,perf123456
perf_user_9445,perf123456
perf_user_9446,perf123456
perf_user_9447,perf123456
perf_user_9448,perf123456
perf_user_9449,perf123456
perf_user_9450,perf123456
perf_user_9451,perf123456
perf_user_9452,perf123456
perf_user_9453,perf123456
perf_user_9454,perf123456
perf_user_9455,perf123456
perf_user_9456,perf123456
perf_user_9457,perf123456
perf_user_9458,perf123456
perf_user_9459,perf123456
perf_user_9460,perf123456
perf_user_9461,perf123456
perf_user_9462,perf123456
perf_user_9463,perf123456
perf_user_9464,perf123456
perf_user_9465,perf123456
perf_user_9466,perf123456
perf_user_9467,perf123456
perf_user_9468,perf123456
perf_user_9469,perf123456
perf_user_9470,perf123456
perf_user_9471,perf123456
perf_user_9472,perf123456
perf_user_9473,perf123456
perf_user_9474,perf123456
perf_user_9475,perf123456
perf_user_9476,perf123456
perf_user_9477,perf123456
perf_user_9478,perf123456
perf_user_9479,perf123456
perf_user_9480,perf123456
perf_user_9481,perf123456
perf_user_9482,perf123456
perf_user_9483,perf123456
perf_user_9484,perf123456
perf_user_9485,perf123456
perf_user_9486,perf123456
perf_user_9487,perf123456
perf_user_9488,perf123456
perf_user_9489,perf123456
perf_user_9490,perf123456
perf_user_9491,perf123456
perf_user_9492,perf123456
perf_user_9493,perf123456
perf_user_9494,perf123456
perf_user_9495,perf123456
perf_user_9496,perf123456
perf_user_9497,perf123456
perf_user_9498,perf123456
perf_user_9499,perf123456
perf_user_9500,perf123456
perf_user_9501,perf123456
perf_user_9502,perf123456
perf_user_9503,perf123456
perf_user_9504,perf123456
perf_user_9505,perf123456
perf_user_9506,perf123456
perf_user_9507,perf123456
perf_user_9508,perf123456
perf_user_9509,perf123456
perf_user_9510,perf123456
perf_user_9511,perf123456
perf_user_9512,perf123456
perf_user_9513,perf123456
perf_user_9514,perf123456
perf_user_9515,perf123456
perf_user_9516,perf123456
perf_user_9517,perf123456
perf_user_9518,perf123456
perf_user_9519,perf123456
perf_user_9520,perf123456
perf_user_9521,perf123456
perf_user_9522,perf123456
perf_user_9523,perf123456
perf_user_9524,perf123456
perf_user_9525,perf123456
perf_user_9526,perf123456
perf_user_9527,perf123456
perf_user_9528,perf123456
perf_user_9529,perf123456
perf_user_9530,perf123456
perf_user_9531,perf123456
perf_user_9532,perf123456
perf_user_9533,perf123456
perf_user_9534,perf123456
perf_user_9535,perf123456
perf_user_9536,perf123456
perf_user_9537,perf123456
perf_user_9538,perf123456
perf_user_9539,perf123456
perf_user_9540,perf123456
perf_user_9541,perf123456
perf_user_9542,perf123456
perf_user_9543,perf123456
perf_user_9544,perf123456
perf_user_9545,perf123456
perf_user_9546,perf123456
perf_user_9547,perf123456
perf_user_9548,perf123456
perf_user_9549,perf123456
perf_user_9550,perf123456
perf_user_9551,perf123456
perf_user_9552,perf123456
perf_user_9553,perf123456
perf_user_9554,perf123456
perf_user_9555,perf123456
perf_user_9556,perf123456
perf_user_9557,perf123456
perf_user_9558,perf123456
perf_user_9559,perf123456
perf_user_9560,perf123456
perf_user_9561,perf123456
perf_user_9562,perf123456
perf_user_9563,perf123456
perf_user_9564,perf123456
perf_user_9565,perf123456
perf_user_9566,perf123456
perf_user_9567,perf123456
perf_user_9568,perf123456
perf_user_9569,perf123456
perf_user_9570,perf123456
perf_user_9571,perf123456
perf_user_9572,perf123456
perf_user_9573,perf123456
perf_user_9574,perf123456
perf_user_9575,perf123456
perf_user_9576,perf123456
perf_user_9577,perf123456
perf_user_9578,perf123456
perf_user_9579,perf123456
perf_user_9580,perf123456
perf_user_9581,perf123456
perf_user_9582,perf123456
perf_user_9583,perf123456
perf_user_9584,perf123456
perf_user_9585,perf123456
perf_user_9586,perf123456
perf_user_9587,perf123456
perf_user_9588,perf123456
perf_user_9589,perf123456
perf_user_9590,perf123456
perf_user_9591,perf123456
perf_user_9592,perf123456
perf_user_9593,perf123456
perf_user_9594,perf123456
perf_user_9595,perf123456
perf_user_9596,perf123456
perf_user_9597,perf123456
perf_user_9598,perf123456
perf_user_9599,perf123456
perf_user_9600,perf123456
perf_user_9601,perf123456
perf_user_9602,perf123456
perf_user_9603,perf123456
perf_user_9604,perf123456
perf_user_9605,perf123456
perf_user_9606,perf123456
perf_user_9607,perf123456
perf_user_9608,perf123456
perf_user_9609,perf123456
perf_user_9610,perf123456
perf_user_9611,perf123456
perf_user_9612,perf123456
perf_user_9613,perf123456
perf_user_9614,perf123456
perf_user_9615,perf123456
perf_user_9616,perf123456
perf_user_9617,perf123456
perf_user_9618,perf123456
perf_user_9619,perf123456
perf_user_9620,perf123456
perf_user_9621,perf123456
perf_user_9622,perf123456
perf_user_9623,perf123456
perf_user_9624,perf123456
perf_user_9625,perf123456
perf_user_9626,perf123456
perf_user_9627,perf123456
perf_user_9628,perf123456
perf_user_9629,perf123456
perf_user_9630,perf123456
perf_user_9631,perf123456
perf_user_9632,perf123456
perf_user_9633,perf123456
perf_user_9634,perf123456
perf_user_9635,perf123456
perf_user_9636,perf123456
perf_user_9637,perf123456
perf_user_9638,perf123456
perf_user_9639,perf123456
perf_user_9640,perf123456
perf_user_9641,perf123456
perf_user_9642,perf123456
perf_user_9643,perf123456
perf_user_9644,perf123456
perf_user_9645,perf123456
perf_user_9646,perf123456
perf_user_9647,perf123456
perf_user_9648,perf123456
perf_user_9649,perf123456
perf_user_9650,perf123456
perf_user_9651,perf123456
perf_user_9652,perf123456
perf_user_9653,perf123456
perf_user_9654,perf123456
perf_user_9655,perf123456
perf_user_9656,perf123456
perf_user_9657,perf123456
perf_user_9658,perf123456
perf_user_9659,perf123456
perf_user_9660,perf123456
perf_user_9661,perf123456
perf_user_9662,perf123456
perf_user_9663,perf123456
perf_user_9664,perf123456
perf_user_9665,perf123456
perf_user_9666,perf123456
perf_user_9667,perf123456
perf_user_9668,perf123456
perf_user_9669,perf123456
perf_user_9670,perf123456
perf_user_9671,perf123456
perf_user_9672,perf123456
perf_user_9673,perf123456
perf_user_9674,perf123456
perf_user_9675,perf123456
perf_user_9676,perf123456
perf_user_9677,perf123456
perf_user_9678,perf123456
perf_user_9679,perf123456
perf_user_9680,perf123456
perf_user_9681,perf123456
perf_user_9682,perf123456
perf_user_9683,perf123456
perf_user_9684,perf123456
perf_user_9685,perf123456
perf_user_9686,perf123456
perf_user_9687,perf123456
perf_user_9688,perf123456
perf_user_9689,perf123456
perf_user_9690,perf123456
perf_user_9691,perf123456
perf_user_9692,perf123456
perf_user_9693,perf123456
perf_user_9694,perf123456
perf_user_9695,perf123456
perf_user_9696,perf123456
perf_user_9697,perf123456
perf_user_9698,perf123456
perf_user_9699,perf123456
perf_user_9700,perf123456
perf_user_9701,perf123456
perf_user_9702,perf123456
perf_user_9703,perf123456
perf_user_9704,perf123456
perf_user_9705,perf123456
perf_user_9706,perf123456
perf_user_9707,perf123456
perf_user_9708,perf123456
perf_user_9709,perf123456
perf_user_9710,perf123456
perf_user_9711,perf123456
perf_user_9712,perf123456
perf_user_9713,perf123456
perf_user_9714,perf123456
perf_user_9715,perf123456
perf_user_9716,perf123456
perf_user_9717,perf123456
perf_user_9718,perf123456
perf_user_9719,perf123456
perf_user_9720,perf123456
perf_user_9721,perf123456
perf_user_9722,perf123456
perf_user_9723,perf123456
perf_user_9724,perf123456
perf_user_9725,perf123456
perf_user_9726,perf123456
perf_user_9727,perf123456
perf_user_9728,perf123456
perf_user_9729,perf123456
perf_user_9730,perf123456
perf_user_9731,perf123456
perf_user_9732,perf123456
perf_user_9733,perf123456
perf_user_9734,perf123456
perf_user_9735,perf123456
perf_user_9736,perf123456
perf_user_9737,perf123456
perf_user_9738,perf123456
perf_user_9739,perf123456
perf_user_9740,perf123456
perf_user_9741,perf123456
perf_user_9742,perf123456
perf_user_9743,perf123456
perf_user_9744,perf123456
perf_user_9745,perf123456
perf_user_9746,perf123456
perf_user_9747,perf123456
perf_user_9748,perf123456
perf_user_9749,perf123456
perf_user_9750,perf123456
perf_user_9751,perf123456
perf_user_9752,perf123456
perf_user_9753,perf123456
perf_user_9754,perf123456
perf_user_9755,perf123456
perf_user_9756,perf123456
perf_user_9757,perf123456
perf_user_9758,perf123456
perf_user_9759,perf123456
perf_user_9760,perf123456
perf_user_9761,perf123456
perf_user_9762,perf123456
perf_user_9763,perf123456
perf_user_9764,perf123456
perf_user_9765,perf123456
perf_user_9766,perf123456
perf_user_9767,perf123456
perf_user_9768,perf123456
perf_user_9769,perf123456
perf_user_9770,perf123456
perf_user_9771,perf123456
perf_user_9772,perf123456
perf_user_9773,perf123456
perf_user_9774,perf123456
perf_user_9775,perf123456
perf_user_9776,perf123456
perf_user_9777,perf123456
perf_user_9778,perf123456
perf_user_9779,perf123456
perf_user_9780,perf123456
perf_user_9781,perf123456
perf_user_9782,perf123456
perf_user_9783,perf123456
perf_user_9784,perf123456
perf_user_9785,perf123456
perf_user_9786,perf123456
perf_user_9787,perf123456
perf_user_9788,perf123456
perf_user_9789,perf123456
perf_user_9790,perf123456
perf_user_9791,perf123456
perf_user_9792,perf123456
perf_user_9793,perf123456
perf_user_9794,perf123456
perf_user_9795,perf123456
perf_user_9796,perf123456
perf_user_9797,perf123456
perf_user_9798,perf123456
perf_user_9799,perf123456
perf_user_9800,perf123456
perf_user_9801,perf123456
perf_user_9802,perf123456
perf_user_9803,perf123456
perf_user_9804,perf123456
perf_user_9805,perf123456
perf_user_9806,perf123456
perf_user_9807,perf123456
perf_user_9808,perf123456
perf_user_9809,perf123456
perf_user_9810,perf123456
perf_user_9811,perf123456
perf_user_9812,perf123456
perf_user_9813,perf123456
perf_user_9814,perf123456
perf_user_9815,perf123456
perf_user_9816,perf123456
perf_user_9817,perf123456
perf_user_9818,perf123456
perf_user_9819,perf123456
perf_user_9820,perf123456
perf_user_9821,perf123456
perf_user_9822,perf123456
perf_user_9823,perf123456
perf_user_9824,perf123456
perf_user_9825,perf123456
perf_user_9826,perf123456
perf_user_9827,perf123456
perf_user_9828,perf123456
perf_user_9829,perf123456
perf_user_9830,perf123456
perf_user_9831,perf123456
perf_user_9832,perf123456
perf_user_9833,perf123456
perf_user_9834,perf123456
perf_user_9835,perf123456
perf_user_9836,perf123456
perf_user_9837,perf123456
perf_user_9838,perf123456
perf_user_9839,perf123456
perf_user_9840,perf123456
perf_user_9841,perf123456
perf_user_9842,perf123456
perf_user_9843,perf123456
perf_user_9844,perf123456
perf_user_9845,perf123456
perf_user_9846,perf123456
perf_user_9847,perf123456
perf_user_9848,perf123456
perf_user_9849,perf123456
perf_user_9850,perf123456
perf_user_9851,perf123456
perf_user_9852,perf123456
perf_user_9853,perf123456
perf_user_9854,perf123456
perf_user_9855,perf123456
perf_user_9856,perf123456
perf_user_9857,perf123456
perf_user_9858,perf123456
perf_user_9859,perf123456
perf_user_9860,perf123456
perf_user_9861,perf123456
perf_user_9862,perf123456
perf_user_9863,perf123456
perf_user_9864,perf123456
perf_user_9865,perf123456
perf_user_9866,perf123456
perf_user_9867,perf123456
perf_user_9868,perf123456
perf_user_9869,perf123456
perf_user_9870,perf123456
perf_user_9871,perf123456
perf_user_9872,perf123456
perf_user_9873,perf123456
perf_user_9874,perf123456
perf_user_9875,perf123456
perf_user_9876,perf123456
perf_user_9877,perf123456
perf_user_9878,perf123456
perf_user_9879,perf123456
perf_user_9880,perf123456
perf_user_9881,perf123456
perf_user_9882,perf123456
perf_user_9883,perf123456
perf_user_9884,perf123456
perf_user_9885,perf123456
perf_user_9886,perf123456
perf_user_9887,perf123456
perf_user_9888,perf123456
perf_user_9889,perf123456
perf_user_9890,perf123456
perf_user_9891,perf123456
perf_user_9892,perf123456
perf_user_9893,perf123456
perf_user_9894,perf123456
perf_user_9895,perf123456
perf_user_9896,perf123456
perf_user_9897,perf123456
perf_user_9898,perf123456
perf_user_9899,perf123456
perf_user_9900,perf123456
perf_user_9901,perf123456
perf_user_9902,perf123456
perf_user_9903,perf123456
perf_user_9904,perf123456
perf_user_9905,perf123456
perf_user_9906,perf123456
perf_user_9907,perf123456
perf_user_9908,perf123456
perf_user_9909,perf123456
perf_user_9910,perf123456
perf_user_9911,perf123456
perf_user_9912,perf123456
perf_user_9913,perf123456
perf_user_9914,perf123456
perf_user_9915,perf123456
perf_user_9916,perf123456
perf_user_9917,perf123456
perf_user_9918,perf123456
perf_user_9919,perf123456
perf_user_9920,perf123456
perf_user_9921,perf123456
perf_user_9922,perf123456
perf_user_9923,perf123456
perf_user_9924,perf123456
perf_user_9925,perf123456
perf_user_9926,perf123456
perf_user_9927,perf123456
perf_user_9928,perf123456
perf_user_9929,perf123456
perf_user_9930,perf123456
perf_user_9931,perf123456
perf_user_9932,perf123456
perf_user_9933,perf123456
perf_user_9934,perf123456
perf_user_9935,perf123456
perf_user_9936,perf123456
perf_user_9937,perf123456
perf_user_9938,perf123456
perf_user_9939,perf123456
perf_user_9940,perf123456
perf_user_9941,perf123456
perf_user_9942,perf123456
perf_user_9943,perf123456
perf_user_9944,perf123456
perf_user_9945,perf123456
perf_user_9946,perf123456
perf_user_9947,perf123456
perf_user_9948,perf123456
perf_user_9949,perf123456
perf_user_9950,perf123456
perf_user_9951,perf123456
perf_user_9952,perf123456
perf_user_9953,perf123456
perf_user_9954,perf123456
perf_user_9955,perf123456
perf_user_9956,perf123456
perf_user_9957,perf123456
perf_user_9958,perf123456
perf_user_9959,perf123456
perf_user_9960,perf123456
perf_user_9961,perf123456
perf_user_9962,perf123456
perf_user_9963,perf123456
perf_user_9964,perf123456
perf_user_9965,perf123456
perf_user_9966,perf123456
perf_user_9967,perf123456
perf_user_9968,perf123456
perf_user_9969,perf123456
perf_user_9970,perf123456
perf_user_9971,perf123456
perf_user_9972,perf123456
perf_user_9973,perf123456
perf_user_9974,perf123456
perf_user_9975,perf123456
perf_user_9976,perf123456
perf_user_9977,perf123456
perf_user_9978,perf123456
perf_user_9979,perf123456
perf_user_9980,perf123456
perf_user_9981,perf123456
perf_user_9982,perf123456
perf_user_9983,perf123456
perf_user_9984,perf123456
perf_user_9985,perf123456
perf_user_9986,perf123456
perf_user_9987,perf123456
perf_user_9988,perf123456
perf_user_9989,perf123456
perf_user_9990,perf123456
perf_user_9991,perf123456
perf_user_9992,perf123456
perf_user_9993,perf123456
perf_user_9994,perf123456
perf_user_9995,perf123456
perf_user_9996,perf123456
perf_user_9997,perf123456
perf_user_9998,perf123456
perf_user_9999,perf123456
perf_user_10000,perf123456
perf_user_10001,perf123456
perf_user_10002,perf123456
perf_user_10003,perf123456
perf_user_10004,perf123456
perf_user_10005,perf123456
perf_user_10006,perf123456
perf_user_10007,perf123456
perf_user_10008,perf123456
perf_user_10009,perf123456
perf_user_10010,perf123456
perf_user_10011,perf123456
perf_user_10012,perf123456
perf_user_10013,perf123456
perf_user_10014,perf123456
perf_user_10015,perf123456
perf_user_10016,perf123456
perf_user_10017,perf123456
perf_user_10018,perf123456
perf_user_10019,perf123456
perf_user_10020,perf123456
perf_user_10021,perf123456
perf_user_10022,perf123456
perf_user_10023,perf123456
perf_user_10024,perf123456
perf_user_10025,perf123456
perf_user_10026,perf123456
perf_user_10027,perf123456
perf_user_10028,perf123456
perf_user_10029,perf123456
perf_user_10030,perf123456
perf_user_10031,perf123456
perf_user_10032,perf123456
perf_user_10033,perf123456
perf_user_10034,perf123456
perf_user_10035,perf123456
perf_user_10036,perf123456
perf_user_10037,perf123456
perf_user_10038,perf123456
perf_user_10039,perf123456
perf_user_10040,perf123456
perf_user_10041,perf123456
perf_user_10042,perf123456
perf_user_10043,perf123456
perf_user_10044,perf123456
perf_user_10045,perf123456
perf_user_10046,perf123456
perf_user_10047,perf123456
perf_user_10048,perf123456
perf_user_10049,perf123456
perf_user_10050,perf123456
perf_user_10051,perf123456
perf_user_10052,perf123456
perf_user_10053,perf123456
perf_user_10054,perf123456
perf_user_10055,perf123456
perf_user_10056,perf123456
perf_user_10057,perf123456
perf_user_10058,perf123456
perf_user_10059,perf123456
perf_user_10060,perf123456
perf_user_10061,perf123456
perf_user_10062,perf123456
perf_user_10063,perf123456
perf_user_10064,perf123456
perf_user_10065,perf123456
perf_user_10066,perf123456
perf_user_10067,perf123456
perf_user_10068,perf123456
perf_user_10069,perf123456
perf_user_10070,perf123456
perf_user_10071,perf123456
perf_user_10072,perf123456
perf_user_10073,perf123456
perf_user_10074,perf123456
perf_user_10075,perf123456
perf_user_10076,perf123456
perf_user_10077,perf123456
perf_user_10078,perf123456
perf_user_10079,perf123456
perf_user_10080,perf123456
perf_user_10081,perf123456
perf_user_10082,perf123456
perf_user_10083,perf123456
perf_user_10084,perf123456
perf_user_10085,perf123456
perf_user_10086,perf123456
perf_user_10087,perf123456
perf_user_10088,perf123456
perf_user_10089,perf123456
perf_user_10090,perf123456
perf_user_10091,perf123456
perf_user_10092,perf123456
perf_user_10093,perf123456
perf_user_10094,perf123456
perf_user_10095,perf123456
perf_user_10096,perf123456
perf_user_10097,perf123456
perf_user_10098,perf123456
perf_user_10099,perf123456
perf_user_10100,perf123456
perf_user_10101,perf123456
perf_user_10102,perf123456
perf_user_10103,perf123456
perf_user_10104,perf123456
perf_user_10105,perf123456
perf_user_10106,perf123456
perf_user_10107,perf123456
perf_user_10108,perf123456
perf_user_10109,perf123456
perf_user_10110,perf123456
perf_user_10111,perf123456
perf_user_10112,perf123456
perf_user_10113,perf123456
perf_user_10114,perf123456
perf_user_10115,perf123456
perf_user_10116,perf123456
perf_user_10117,perf123456
perf_user_10118,perf123456
perf_user_10119,perf123456
perf_user_10120,perf123456
perf_user_10121,perf123456
perf_user_10122,perf123456
perf_user_10123,perf123456
perf_user_10124,perf123456
perf_user_10125,perf123456
perf_user_10126,perf123456
perf_user_10127,perf123456
perf_user_10128,perf123456
perf_user_10129,perf123456
perf_user_10130,perf123456
perf_user_10131,perf123456
perf_user_10132,perf123456
perf_user_10133,perf123456
perf_user_10134,perf123456
perf_user_10135,perf123456
perf_user_10136,perf123456
perf_user_10137,perf123456
perf_user_10138,perf123456
perf_user_10139,perf123456
perf_user_10140,perf123456
perf_user_10141,perf123456
perf_user_10142,perf123456
perf_user_10143,perf123456
perf_user_10144,perf123456
perf_user_10145,perf123456
perf_user_10146,perf123456
perf_user_10147,perf123456
perf_user_10148,perf123456
perf_user_10149,perf123456
perf_user_10150,perf123456
perf_user_10151,perf123456
perf_user_10152,perf123456
perf_user_10153,perf123456
perf_user_10154,perf123456
perf_user_10155,perf123456
perf_user_10156,perf123456
perf_user_10157,perf123456
perf_user_10158,perf123456
perf_user_10159,perf123456
perf_user_10160,perf123456
perf_user_10161,perf123456
perf_user_10162,perf123456
perf_user_10163,perf123456
perf_user_10164,perf123456
perf_user_10165,perf123456
perf_user_10166,perf123456
perf_user_10167,perf123456
perf_user_10168,perf123456
perf_user_10169,perf123456
perf_user_10170,perf123456
perf_user_10171,perf123456
perf_user_10172,perf123456
perf_user_10173,perf123456
perf_user_10174,perf123456
perf_user_10175,perf123456
perf_user_10176,perf123456
perf_user_10177,perf123456
perf_user_10178,perf123456
perf_user_10179,perf123456
perf_user_10180,perf123456
perf_user_10181,perf123456
perf_user_10182,perf123456
perf_user_10183,perf123456
perf_user_10184,perf123456
perf_user_10185,perf123456
perf_user_10186,perf123456
perf_user_10187,perf123456
perf_user_10188,perf123456
perf_user_10189,perf123456
perf_user_10190,perf123456
perf_user_10191,perf123456
perf_user_10192,perf123456
perf_user_10193,perf123456
perf_user_10194,perf123456
perf_user_10195,perf123456
perf_user_10196,perf123456
perf_user_10197,perf123456
perf_user_10198,perf123456
perf_user_10199,perf123456
perf_user_10200,perf123456
perf_user_10201,perf123456
perf_user_10202,perf123456
perf_user_10203,perf123456
perf_user_10204,perf123456
perf_user_10205,perf123456
perf_user_10206,perf123456
perf_user_10207,perf123456
perf_user_10208,perf123456
perf_user_10209,perf123456
perf_user_10210,perf123456
perf_user_10211,perf123456
perf_user_10212,perf123456
perf_user_10213,perf123456
perf_user_10214,perf123456
perf_user_10215,perf123456
perf_user_10216,perf123456
perf_user_10217,perf123456
perf_user_10218,perf123456
perf_user_10219,perf123456
perf_user_10220,perf123456
perf_user_10221,perf123456
perf_user_10222,perf123456
perf_user_10223,perf123456
perf_user_10224,perf123456
perf_user_10225,perf123456
perf_user_10226,perf123456
perf_user_10227,perf123456
perf_user_10228,perf123456
perf_user_10229,perf123456
perf_user_10230,perf123456
perf_user_10231,perf123456
perf_user_10232,perf123456
perf_user_10233,perf123456
perf_user_10234,perf123456
perf_user_10235,perf123456
perf_user_10236,perf123456
perf_user_10237,perf123456
perf_user_10238,perf123456
perf_user_10239,perf123456
perf_user_10240,perf123456
perf_user_10241,perf123456
perf_user_10242,perf123456
perf_user_10243,perf123456
perf_user_10244,perf123456
perf_user_10245,perf123456
perf_user_10246,perf123456
perf_user_10247,perf123456
perf_user_10248,perf123456
perf_user_10249,perf123456
perf_user_10250,perf123456
perf_user_10251,perf123456
perf_user_10252,perf123456
perf_user_10253,perf123456
perf_user_10254,perf123456
perf_user_10255,perf123456
perf_user_10256,perf123456
perf_user_10257,perf123456
perf_user_10258,perf123456
perf_user_10259,perf123456
perf_user_10260,perf123456
perf_user_10261,perf123456
perf_user_10262,perf123456
perf_user_10263,perf123456
perf_user_10264,perf123456
perf_user_10265,perf123456
perf_user_10266,perf123456
perf_user_10267,perf123456
perf_user_10268,perf123456
perf_user_10269,perf123456
perf_user_10270,perf123456
perf_user_10271,perf123456
perf_user_10272,perf123456
perf_user_10273,perf123456
perf_user_10274,perf123456
perf_user_10275,perf123456
perf_user_10276,perf123456
perf_user_10277,perf123456
perf_user_10278,perf123456
perf_user_10279,perf123456
perf_user_10280,perf123456
perf_user_10281,perf123456
perf_user_10282,perf123456
perf_user_10283,perf123456
perf_user_10284,perf123456
perf_user_10285,perf123456
perf_user_10286,perf123456
perf_user_10287,perf123456
perf_user_10288,perf123456
perf_user_10289,perf123456
perf_user_10290,perf123456
perf_user_10291,perf123456
perf_user_10292,perf123456
perf_user_10293,perf123456
perf_user_10294,perf123456
perf_user_10295,perf123456
perf_user_10296,perf123456
perf_user_10297,perf123456
perf_user_10298,perf123456
perf_user_10299,perf123456
perf_user_10300,perf123456
perf_user_10301,perf123456
perf_user_10302,perf123456
perf_user_10303,perf123456
perf_user_10304,perf123456
perf_user_10305,perf123456
perf_user_10306,perf123456
perf_user_10307,perf123456
perf_user_10308,perf123456
perf_user_10309,perf123456
perf_user_10310,perf123456
perf_user_10311,perf123456
perf_user_10312,perf123456
perf_user_10313,perf123456
perf_user_10314,perf123456
perf_user_10315,perf123456
perf_user_10316,perf123456
perf_user_10317,perf123456
perf_user_10318,perf123456
perf_user_10319,perf123456
perf_user_10320,perf123456
perf_user_10321,perf123456
perf_user_10322,perf123456
perf_user_10323,perf123456
perf_user_10324,perf123456
perf_user_10325,perf123456
perf_user_10326,perf123456
perf_user_10327,perf123456
perf_user_10328,perf123456
perf_user_10329,perf123456
perf_user_10330,perf123456
perf_user_10331,perf123456
perf_user_10332,perf123456
perf_user_10333,perf123456
perf_user_10334,perf123456
perf_user_10335,perf123456
perf_user_10336,perf123456
perf_user_10337,perf123456
perf_user_10338,perf123456
perf_user_10339,perf123456
perf_user_10340,perf123456
perf_user_10341,perf123456
perf_user_10342,perf123456
perf_user_10343,perf123456
perf_user_10344,perf123456
perf_user_10345,perf123456
perf_user_10346,perf123456
perf_user_10347,perf123456
perf_user_10348,perf123456
perf_user_10349,perf123456
perf_user_10350,perf123456
perf_user_10351,perf123456
perf_user_10352,perf123456
perf_user_10353,perf123456
perf_user_10354,perf123456
perf_user_10355,perf123456
perf_user_10356,perf123456
perf_user_10357,perf123456
perf_user_10358,perf123456
perf_user_10359,perf123456
perf_user_10360,perf123456
perf_user_10361,perf123456
perf_user_10362,perf123456
perf_user_10363,perf123456
perf_user_10364,perf123456
perf_user_10365,perf123456
perf_user_10366,perf123456
perf_user_10367,perf123456
perf_user_10368,perf123456
perf_user_10369,perf123456
perf_user_10370,perf123456
perf_user_10371,perf123456
perf_user_10372,perf123456
perf_user_10373,perf123456
perf_user_10374,perf123456
perf_user_10375,perf123456
perf_user_10376,perf123456
perf_user_10377,perf123456
perf_user_10378,perf123456
perf_user_10379,perf123456
perf_user_10380,perf123456
perf_user_10381,perf123456
perf_user_10382,perf123456
perf_user_10383,perf123456
perf_user_10384,perf123456
perf_user_10385,perf123456
perf_user_10386,perf123456
perf_user_10387,perf123456
perf_user_10388,perf123456
perf_user_10389,perf123456
perf_user_10390,perf123456
perf_user_10391,perf123456
perf_user_10392,perf123456
perf_user_10393,perf123456
perf_user_10394,perf123456
perf_user_10395,perf123456
perf_user_10396,perf123456
perf_user_10397,perf123456
perf_user_10398,perf123456
perf_user_10399,perf123456
perf_user_10400,perf123456
perf_user_10401,perf123456
perf_user_10402,perf123456
perf_user_10403,perf123456
perf_user_10404,perf123456
perf_user_10405,perf123456
perf_user_10406,perf123456
perf_user_10407,perf123456
perf_user_10408,perf123456
perf_user_10409,perf123456
perf_user_10410,perf123456
perf_user_10411,perf123456
perf_user_10412,perf123456
perf_user_10413,perf123456
perf_user_10414,perf123456
perf_user_10415,perf123456
perf_user_10416,perf123456
perf_user_10417,perf123456
perf_user_10418,perf123456
perf_user_10419,perf123456
perf_user_10420,perf123456
perf_user_10421,perf123456
perf_user_10422,perf123456
perf_user_10423,perf123456
perf_user_10424,perf123456
perf_user_10425,perf123456
perf_user_10426,perf123456
perf_user_10427,perf123456
perf_user_10428,perf123456
perf_user_10429,perf123456
perf_user_10430,perf123456
perf_user_10431,perf123456
perf_user_10432,perf123456
perf_user_10433,perf123456
perf_user_10434,perf123456
perf_user_10435,perf123456
perf_user_10436,perf123456
perf_user_10437,perf123456
perf_user_10438,perf123456
perf_user_10439,perf123456
perf_user_10440,perf123456
perf_user_10441,perf123456
perf_user_10442,perf123456
perf_user_10443,perf123456
perf_user_10444,perf123456
perf_user_10445,perf123456
perf_user_10446,perf123456
perf_user_10447,perf123456
perf_user_10448,perf123456
perf_user_10449,perf123456
perf_user_10450,perf123456
perf_user_10451,perf123456
perf_user_10452,perf123456
perf_user_10453,perf123456
perf_user_10454,perf123456
perf_user_10455,perf123456
perf_user_10456,perf123456
perf_user_10457,perf123456
perf_user_10458,perf123456
perf_user_10459,perf123456
perf_user_10460,perf123456
perf_user_10461,perf123456
perf_user_10462,perf123456
perf_user_10463,perf123456
perf_user_10464,perf123456
perf_user_10465,perf123456
perf_user_10466,perf123456
perf_user_10467,perf123456
perf_user_10468,perf123456
perf_user_10469,perf123456
perf_user_10470,perf123456
perf_user_10471,perf123456
perf_user_10472,perf123456
perf_user_10473,perf123456
perf_user_10474,perf123456
perf_user_10475,perf123456
perf_user_10476,perf123456
perf_user_10477,perf123456
perf_user_10478,perf123456
perf_user_10479,perf123456
perf_user_10480,perf123456
perf_user_10481,perf123456
perf_user_10482,perf123456
perf_user_10483,perf123456
perf_user_10484,perf123456
perf_user_10485,perf123456
perf_user_10486,perf123456
perf_user_10487,perf123456
perf_user_10488,perf123456
perf_user_10489,perf123456
perf_user_10490,perf123456
perf_user_10491,perf123456
perf_user_10492,perf123456
perf_user_10493,perf123456
perf_user_10494,perf123456
perf_user_10495,perf123456
perf_user_10496,perf123456
perf_user_10497,perf123456
perf_user_10498,perf123456
perf_user_10499,perf123456
perf_user_10500,perf123456
perf_user_10501,perf123456
perf_user_10502,perf123456
perf_user_10503,perf123456
perf_user_10504,perf123456
perf_user_10505,perf123456
perf_user_10506,perf123456
perf_user_10507,perf123456
perf_user_10508,perf123456
perf_user_10509,perf123456
perf_user_10510,perf123456
perf_user_10511,perf123456
perf_user_10512,perf123456
perf_user_10513,perf123456
perf_user_10514,perf123456
perf_user_10515,perf123456
perf_user_10516,perf123456
perf_user_10517,perf123456
perf_user_10518,perf123456
perf_user_10519,perf123456
perf_user_10520,perf123456
perf_user_10521,perf123456
perf_user_10522,perf123456
perf_user_10523,perf123456
perf_user_10524,perf123456
perf_user_10525,perf123456
perf_user_10526,perf123456
perf_user_10527,perf123456
perf_user_10528,perf123456
perf_user_10529,perf123456
perf_user_10530,perf123456
perf_user_10531,perf123456
perf_user_10532,perf123456
perf_user_10533,perf123456
perf_user_10534,perf123456
perf_user_10535,perf123456
perf_user_10536,perf123456
perf_user_10537,perf123456
perf_user_10538,perf123456
perf_user_10539,perf123456
perf_user_10540,perf123456
perf_user_10541,perf123456
perf_user_10542,perf123456
perf_user_10543,perf123456
perf_user_10544,perf123456
perf_user_10545,perf123456
perf_user_10546,perf123456
perf_user_10547,perf123456
perf_user_10548,perf123456
perf_user_10549,perf123456
perf_user_10550,perf123456
perf_user_10551,perf123456
perf_user_10552,perf123456
perf_user_10553,perf123456
perf_user_10554,perf123456
perf_user_10555,perf123456
perf_user_10556,perf123456
perf_user_10557,perf123456
perf_user_10558,perf123456
perf_user_10559,perf123456
perf_user_10560,perf123456
perf_user_10561,perf123456
perf_user_10562,perf123456
perf_user_10563,perf123456
perf_user_10564,perf123456
perf_user_10565,perf123456
perf_user_10566,perf123456
perf_user_10567,perf123456
perf_user_10568,perf123456
perf_user_10569,perf123456
perf_user_10570,perf123456
perf_user_10571,perf123456
perf_user_10572,perf123456
perf_user_10573,perf123456
perf_user_10574,perf123456
perf_user_10575,perf123456
perf_user_10576,perf123456
perf_user_10577,perf123456
perf_user_10578,perf123456
perf_user_10579,perf123456
perf_user_10580,perf123456
perf_user_10581,perf123456
perf_user_10582,perf123456
perf_user_10583,perf123456
perf_user_10584,perf123456
perf_user_10585,perf123456
perf_user_10586,perf123456
perf_user_10587,perf123456
perf_user_10588,perf123456
perf_user_10589,perf123456
perf_user_10590,perf123456
perf_user_10591,perf123456
perf_user_10592,perf123456
perf_user_10593,perf123456
perf_user_10594,perf123456
perf_user_10595,perf123456
perf_user_10596,perf123456
perf_user_10597,perf123456
perf_user_10598,perf123456
perf_user_10599,perf123456
perf_user_10600,perf123456
perf_user_10601,perf123456
perf_user_10602,perf123456
perf_user_10603,perf123456
perf_user_10604,perf123456
perf_user_10605,perf123456
perf_user_10606,perf123456
perf_user_10607,perf123456
perf_user_10608,perf123456
perf_user_10609,perf123456
perf_user_10610,perf123456
perf_user_10611,perf123456
perf_user_10612,perf123456
perf_user_10613,perf123456
perf_user_10614,perf123456
perf_user_10615,perf123456
perf_user_10616,perf123456
perf_user_10617,perf123456
perf_user_10618,perf123456
perf_user_10619,perf123456
perf_user_10620,perf123456
perf_user_10621,perf123456
perf_user_10622,perf123456
perf_user_10623,perf123456
perf_user_10624,perf123456
perf_user_10625,perf123456
perf_user_10626,perf123456
perf_user_10627,perf123456
perf_user_10628,perf123456
perf_user_10629,perf123456
perf_user_10630,perf123456
perf_user_10631,perf123456
perf_user_10632,perf123456
perf_user_10633,perf123456
perf_user_10634,perf123456
perf_user_10635,perf123456
perf_user_10636,perf123456
perf_user_10637,perf123456
perf_user_10638,perf123456
perf_user_10639,perf123456
perf_user_10640,perf123456
perf_user_10641,perf123456
perf_user_10642,perf123456
perf_user_10643,perf123456
perf_user_10644,perf123456
perf_user_10645,perf123456
perf_user_10646,perf123456
perf_user_10647,perf123456
perf_user_10648,perf123456
perf_user_10649,perf123456
perf_user_10650,perf123456
perf_user_10651,perf123456
perf_user_10652,perf123456
perf_user_10653,perf123456
perf_user_10654,perf123456
perf_user_10655,perf123456
perf_user_10656,perf123456
perf_user_10657,perf123456
perf_user_10658,perf123456
perf_user_10659,perf123456
perf_user_10660,perf123456
perf_user_10661,perf123456
perf_user_10662,perf123456
perf_user_10663,perf123456
perf_user_10664,perf123456
perf_user_10665,perf123456
perf_user_10666,perf123456
perf_user_10667,perf123456
perf_user_10668,perf123456
perf_user_10669,perf123456
perf_user_10670,perf123456
perf_user_10671,perf123456
perf_user_10672,perf123456
perf_user_10673,perf123456
perf_user_10674,perf123456
perf_user_10675,perf123456
perf_user_10676,perf123456
perf_user_10677,perf123456
perf_user_10678,perf123456
perf_user_10679,perf123456
perf_user_10680,perf123456
perf_user_10681,perf123456
perf_user_10682,perf123456
perf_user_10683,perf123456
perf_user_10684,perf123456
perf_user_10685,perf123456
perf_user_10686,perf123456
perf_user_10687,perf123456
perf_user_10688,perf123456
perf_user_10689,perf123456
perf_user_10690,perf123456
perf_user_10691,perf123456
perf_user_10692,perf123456
perf_user_10693,perf123456
perf_user_10694,perf123456
perf_user_10695,perf123456
perf_user_10696,perf123456
perf_user_10697,perf123456
perf_user_10698,perf123456
perf_user_10699,perf123456
perf_user_10700,perf123456
perf_user_10701,perf123456
perf_user_10702,perf123456
perf_user_10703,perf123456
perf_user_10704,perf123456
perf_user_10705,perf123456
perf_user_10706,perf123456
perf_user_10707,perf123456
perf_user_10708,perf123456
perf_user_10709,perf123456
perf_user_10710,perf123456
perf_user_10711,perf123456
perf_user_10712,perf123456
perf_user_10713,perf123456
perf_user_10714,perf123456
perf_user_10715,perf123456
perf_user_10716,perf123456
perf_user_10717,perf123456
perf_user_10718,perf123456
perf_user_10719,perf123456
perf_user_10720,perf123456
perf_user_10721,perf123456
perf_user_10722,perf123456
perf_user_10723,perf123456
perf_user_10724,perf123456
perf_user_10725,perf123456
perf_user_10726,perf123456
perf_user_10727,perf123456
perf_user_10728,perf123456
perf_user_10729,perf123456
perf_user_10730,perf123456
perf_user_10731,perf123456
perf_user_10732,perf123456
perf_user_10733,perf123456
perf_user_10734,perf123456
perf_user_10735,perf123456
perf_user_10736,perf123456
perf_user_10737,perf123456
perf_user_10738,perf123456
perf_user_10739,perf123456
perf_user_10740,perf123456
perf_user_10741,perf123456
perf_user_10742,perf123456
perf_user_10743,perf123456
perf_user_10744,perf123456
perf_user_10745,perf123456
perf_user_10746,perf123456
perf_user_10747,perf123456
perf_user_10748,perf123456
perf_user_10749,perf123456
perf_user_10750,perf123456
perf_user_10751,perf123456
perf_user_10752,perf123456
perf_user_10753,perf123456
perf_user_10754,perf123456
perf_user_10755,perf123456
perf_user_10756,perf123456
perf_user_10757,perf123456
perf_user_10758,perf123456
perf_user_10759,perf123456
perf_user_10760,perf123456
perf_user_10761,perf123456
perf_user_10762,perf123456
perf_user_10763,perf123456
perf_user_10764,perf123456
perf_user_10765,perf123456
perf_user_10766,perf123456
perf_user_10767,perf123456
perf_user_10768,perf123456
perf_user_10769,perf123456
perf_user_10770,perf123456
perf_user_10771,perf123456
perf_user_10772,perf123456
perf_user_10773,perf123456
perf_user_10774,perf123456
perf_user_10775,perf123456
perf_user_10776,perf123456
perf_user_10777,perf123456
perf_user_10778,perf123456
perf_user_10779,perf123456
perf_user_10780,perf123456
perf_user_10781,perf123456
perf_user_10782,perf123456
perf_user_10783,perf123456
perf_user_10784,perf123456
perf_user_10785,perf123456
perf_user_10786,perf123456
perf_user_10787,perf123456
perf_user_10788,perf123456
perf_user_10789,perf123456
perf_user_10790,perf123456
perf_user_10791,perf123456
perf_user_10792,perf123456
perf_user_10793,perf123456
perf_user_10794,perf123456
perf_user_10795,perf123456
perf_user_10796,perf123456
perf_user_10797,perf123456
perf_user_10798,perf123456
perf_user_10799,perf123456
perf_user_10800,perf123456
perf_user_10801,perf123456
perf_user_10802,perf123456
perf_user_10803,perf123456
perf_user_10804,perf123456
perf_user_10805,perf123456
perf_user_10806,perf123456
perf_user_10807,perf123456
perf_user_10808,perf123456
perf_user_10809,perf123456
perf_user_10810,perf123456
perf_user_10811,perf123456
perf_user_10812,perf123456
perf_user_10813,perf123456
perf_user_10814,perf123456
perf_user_10815,perf123456
perf_user_10816,perf123456
perf_user_10817,perf123456
perf_user_10818,perf123456
perf_user_10819,perf123456
perf_user_10820,perf123456
perf_user_10821,perf123456
perf_user_10822,perf123456
perf_user_10823,perf123456
perf_user_10824,perf123456
perf_user_10825,perf123456
perf_user_10826,perf123456
perf_user_10827,perf123456
perf_user_10828,perf123456
perf_user_10829,perf123456
perf_user_10830,perf123456
perf_user_10831,perf123456
perf_user_10832,perf123456
perf_user_10833,perf123456
perf_user_10834,perf123456
perf_user_10835,perf123456
perf_user_10836,perf123456
perf_user_10837,perf123456
perf_user_10838,perf123456
perf_user_10839,perf123456
perf_user_10840,perf123456
perf_user_10841,perf123456
perf_user_10842,perf123456
perf_user_10843,perf123456
perf_user_10844,perf123456
perf_user_10845,perf123456
perf_user_10846,perf123456
perf_user_10847,perf123456
perf_user_10848,perf123456
perf_user_10849,perf123456
perf_user_10850,perf123456
perf_user_10851,perf123456
perf_user_10852,perf123456
perf_user_10853,perf123456
perf_user_10854,perf123456
perf_user_10855,perf123456
perf_user_10856,perf123456
perf_user_10857,perf123456
perf_user_10858,perf123456
perf_user_10859,perf123456
perf_user_10860,perf123456
perf_user_10861,perf123456
perf_user_10862,perf123456
perf_user_10863,perf123456
perf_user_10864,perf123456
perf_user_10865,perf123456
perf_user_10866,perf123456
perf_user_10867,perf123456
perf_user_10868,perf123456
perf_user_10869,perf123456
perf_user_10870,perf123456
perf_user_10871,perf123456
perf_user_10872,perf123456
perf_user_10873,perf123456
perf_user_10874,perf123456
perf_user_10875,perf123456
perf_user_10876,perf123456
perf_user_10877,perf123456
perf_user_10878,perf123456
perf_user_10879,perf123456
perf_user_10880,perf123456
perf_user_10881,perf123456
perf_user_10882,perf123456
perf_user_10883,perf123456
perf_user_10884,perf123456
perf_user_10885,perf123456
perf_user_10886,perf123456
perf_user_10887,perf123456
perf_user_10888,perf123456
perf_user_10889,perf123456
perf_user_10890,perf123456
perf_user_10891,perf123456
perf_user_10892,perf123456
perf_user_10893,perf123456
perf_user_10894,perf123456
perf_user_10895,perf123456
perf_user_10896,perf123456
perf_user_10897,perf123456
perf_user_10898,perf123456
perf_user_10899,perf123456
perf_user_10900,perf123456
perf_user_10901,perf123456
perf_user_10902,perf123456
perf_user_10903,perf123456
perf_user_10904,perf123456
perf_user_10905,perf123456
perf_user_10906,perf123456
perf_user_10907,perf123456
perf_user_10908,perf123456
perf_user_10909,perf123456
perf_user_10910,perf123456
perf_user_10911,perf123456
perf_user_10912,perf123456
perf_user_10913,perf123456
perf_user_10914,perf123456
perf_user_10915,perf123456
perf_user_10916,perf123456
perf_user_10917,perf123456
perf_user_10918,perf123456
perf_user_10919,perf123456
perf_user_10920,perf123456
perf_user_10921,perf123456
perf_user_10922,perf123456
perf_user_10923,perf123456
perf_user_10924,perf123456
perf_user_10925,perf123456
perf_user_10926,perf123456
perf_user_10927,perf123456
perf_user_10928,perf123456
perf_user_10929,perf123456
perf_user_10930,perf123456
perf_user_10931,perf123456
perf_user_10932,perf123456
perf_user_10933,perf123456
perf_user_10934,perf123456
perf_user_10935,perf123456
perf_user_10936,perf123456
perf_user_10937,perf123456
perf_user_10938,perf123456
perf_user_10939,perf123456
perf_user_10940,perf123456
perf_user_10941,perf123456
perf_user_10942,perf123456
perf_user_10943,perf123456
perf_user_10944,perf123456
perf_user_10945,perf123456
perf_user_10946,perf123456
perf_user_10947,perf123456
perf_user_10948,perf123456
perf_user_10949,perf123456
perf_user_10950,perf123456
perf_user_10951,perf123456
perf_user_10952,perf123456
perf_user_10953,perf123456
perf_user_10954,perf123456
perf_user_10955,perf123456
perf_user_10956,perf123456
perf_user_10957,perf123456
perf_user_10958,perf123456
perf_user_10959,perf123456
perf_user_10960,perf123456
perf_user_10961,perf123456
perf_user_10962,perf123456
perf_user_10963,perf123456
perf_user_10964,perf123456
perf_user_10965,perf123456
perf_user_10966,perf123456
perf_user_10967,perf123456
perf_user_10968,perf123456
perf_user_10969,perf123456
perf_user_10970,perf123456
perf_user_10971,perf123456
perf_user_10972,perf123456
perf_user_10973,perf123456
perf_user_10974,perf123456
perf_user_10975,perf123456
perf_user_10976,perf123456
perf_user_10977,perf123456
perf_user_10978,perf123456
perf_user_10979,perf123456
perf_user_10980,perf123456
perf_user_10981,perf123456
perf_user_10982,perf123456
perf_user_10983,perf123456
perf_user_10984,perf123456
perf_user_10985,perf123456
perf_user_10986,perf123456
perf_user_10987,perf123456
perf_user_10988,perf123456
perf_user_10989,perf123456
perf_user_10990,perf123456
perf_user_10991,perf123456
perf_user_10992,perf123456
perf_user_10993,perf123456
perf_user_10994,perf123456
perf_user_10995,perf123456
perf_user_10996,perf123456
perf_user_10997,perf123456
perf_user_10998,perf123456
perf_user_10999,perf123456
perf_user_11000,perf123456
perf_user_11001,perf123456
perf_user_11002,perf123456
perf_user_11003,perf123456
perf_user_11004,perf123456
perf_user_11005,perf123456
perf_user_11006,perf123456
perf_user_11007,perf123456
perf_user_11008,perf123456
perf_user_11009,perf123456
perf_user_11010,perf123456
perf_user_11011,perf123456
perf_user_11012,perf123456
perf_user_11013,perf123456
perf_user_11014,perf123456
perf_user_11015,perf123456
perf_user_11016,perf123456
perf_user_11017,perf123456
perf_user_11018,perf123456
perf_user_11019,perf123456
perf_user_11020,perf123456
perf_user_11021,perf123456
perf_user_11022,perf123456
perf_user_11023,perf123456
perf_user_11024,perf123456
perf_user_11025,perf123456
perf_user_11026,perf123456
perf_user_11027,perf123456
perf_user_11028,perf123456
perf_user_11029,perf123456
perf_user_11030,perf123456
perf_user_11031,perf123456
perf_user_11032,perf123456
perf_user_11033,perf123456
perf_user_11034,perf123456
perf_user_11035,perf123456
perf_user_11036,perf123456
perf_user_11037,perf123456
perf_user_11038,perf123456
perf_user_11039,perf123456
perf_user_11040,perf123456
perf_user_11041,perf123456
perf_user_11042,perf123456
perf_user_11043,perf123456
perf_user_11044,perf123456
perf_user_11045,perf123456
perf_user_11046,perf123456
perf_user_11047,perf123456
perf_user_11048,perf123456
perf_user_11049,perf123456
perf_user_11050,perf123456
perf_user_11051,perf123456
perf_user_11052,perf123456
perf_user_11053,perf123456
perf_user_11054,perf123456
perf_user_11055,perf123456
perf_user_11056,perf123456
perf_user_11057,perf123456
perf_user_11058,perf123456
perf_user_11059,perf123456
perf_user_11060,perf123456
perf_user_11061,perf123456
perf_user_11062,perf123456
perf_user_11063,perf123456
perf_user_11064,perf123456
perf_user_11065,perf123456
perf_user_11066,perf123456
perf_user_11067,perf123456
perf_user_11068,perf123456
perf_user_11069,perf123456
perf_user_11070,perf123456
perf_user_11071,perf123456
perf_user_11072,perf123456
perf_user_11073,perf123456
perf_user_11074,perf123456
perf_user_11075,perf123456
perf_user_11076,perf123456
perf_user_11077,perf123456
perf_user_11078,perf123456
perf_user_11079,perf123456
perf_user_11080,perf123456
perf_user_11081,perf123456
perf_user_11082,perf123456
perf_user_11083,perf123456
perf_user_11084,perf123456
perf_user_11085,perf123456
perf_user_11086,perf123456
perf_user_11087,perf123456
perf_user_11088,perf123456
perf_user_11089,perf123456
perf_user_11090,perf123456
perf_user_11091,perf123456
perf_user_11092,perf123456
perf_user_11093,perf123456
perf_user_11094,perf123456
perf_user_11095,perf123456
perf_user_11096,perf123456
perf_user_11097,perf123456
perf_user_11098,perf123456
perf_user_11099,perf123456
perf_user_11100,perf123456
perf_user_11101,perf123456
perf_user_11102,perf123456
perf_user_11103,perf123456
perf_user_11104,perf123456
perf_user_11105,perf123456
perf_user_11106,perf123456
perf_user_11107,perf123456
perf_user_11108,perf123456
perf_user_11109,perf123456
perf_user_11110,perf123456
perf_user_11111,perf123456
perf_user_11112,perf123456
perf_user_11113,perf123456
perf_user_11114,perf123456
perf_user_11115,perf123456
perf_user_11116,perf123456
perf_user_11117,perf123456
perf_user_11118,perf123456
perf_user_11119,perf123456
perf_user_11120,perf123456
perf_user_11121,perf123456
perf_user_11122,perf123456
perf_user_11123,perf123456
perf_user_11124,perf123456
perf_user_11125,perf123456
perf_user_11126,perf123456
perf_user_11127,perf123456
perf_user_11128,perf123456
perf_user_11129,perf123456
perf_user_11130,perf123456
perf_user_11131,perf123456
perf_user_11132,perf123456
perf_user_11133,perf123456
perf_user_11134,perf123456
perf_user_11135,perf123456
perf_user_11136,perf123456
perf_user_11137,perf123456
perf_user_11138,perf123456
perf_user_11139,perf123456
perf_user_11140,perf123456
perf_user_11141,perf123456
perf_user_11142,perf123456
perf_user_11143,perf123456
perf_user_11144,perf123456
perf_user_11145,perf123456
perf_user_11146,perf123456
perf_user_11147,perf123456
perf_user_11148,perf123456
perf_user_11149,perf123456
perf_user_11150,perf123456
perf_user_11151,perf123456
perf_user_11152,perf123456
perf_user_11153,perf123456
perf_user_11154,perf123456
perf_user_11155,perf123456
perf_user_11156,perf123456
perf_user_11157,perf123456
perf_user_11158,perf123456
perf_user_11159,perf123456
perf_user_11160,perf123456
perf_user_11161,perf123456
perf_user_11162,perf123456
perf_user_11163,perf123456
perf_user_11164,perf123456
perf_user_11165,perf123456
perf_user_11166,perf123456
perf_user_11167,perf123456
perf_user_11168,perf123456
perf_user_11169,perf123456
perf_user_11170,perf123456
perf_user_11171,perf123456
perf_user_11172,perf123456
perf_user_11173,perf123456
perf_user_11174,perf123456
perf_user_11175,perf123456
perf_user_11176,perf123456
perf_user_11177,perf123456
perf_user_11178,perf123456
perf_user_11179,perf123456
perf_user_11180,perf123456
perf_user_11181,perf123456
perf_user_11182,perf123456
perf_user_11183,perf123456
perf_user_11184,perf123456
perf_user_11185,perf123456
perf_user_11186,perf123456
perf_user_11187,perf123456
perf_user_11188,perf123456
perf_user_11189,perf123456
perf_user_11190,perf123456
perf_user_11191,perf123456
perf_user_11192,perf123456
perf_user_11193,perf123456
perf_user_11194,perf123456
perf_user_11195,perf123456
perf_user_11196,perf123456
perf_user_11197,perf123456
perf_user_11198,perf123456
perf_user_11199,perf123456
perf_user_11200,perf123456
perf_user_11201,perf123456
perf_user_11202,perf123456
perf_user_11203,perf123456
perf_user_11204,perf123456
perf_user_11205,perf123456
perf_user_11206,perf123456
perf_user_11207,perf123456
perf_user_11208,perf123456
perf_user_11209,perf123456
perf_user_11210,perf123456
perf_user_11211,perf123456
perf_user_11212,perf123456
perf_user_11213,perf123456
perf_user_11214,perf123456
perf_user_11215,perf123456
perf_user_11216,perf123456
perf_user_11217,perf123456
perf_user_11218,perf123456
perf_user_11219,perf123456
perf_user_11220,perf123456
perf_user_11221,perf123456
perf_user_11222,perf123456
perf_user_11223,perf123456
perf_user_11224,perf123456
perf_user_11225,perf123456
perf_user_11226,perf123456
perf_user_11227,perf123456
perf_user_11228,perf123456
perf_user_11229,perf123456
perf_user_11230,perf123456
perf_user_11231,perf123456
perf_user_11232,perf123456
perf_user_11233,perf123456
perf_user_11234,perf123456
perf_user_11235,perf123456
perf_user_11236,perf123456
perf_user_11237,perf123456
perf_user_11238,perf123456
perf_user_11239,perf123456
perf_user_11240,perf123456
perf_user_11241,perf123456
perf_user_11242,perf123456
perf_user_11243,perf123456
perf_user_11244,perf123456
perf_user_11245,perf123456
perf_user_11246,perf123456
perf_user_11247,perf123456
perf_user_11248,perf123456
perf_user_11249,perf123456
perf_user_11250,perf123456
perf_user_11251,perf123456
perf_user_11252,perf123456
perf_user_11253,perf123456
perf_user_11254,perf123456
perf_user_11255,perf123456
perf_user_11256,perf123456
perf_user_11257,perf123456
perf_user_11258,perf123456
perf_user_11259,perf123456
perf_user_11260,perf123456
perf_user_11261,perf123456
perf_user_11262,perf123456
perf_user_11263,perf123456
perf_user_11264,perf123456
perf_user_11265,perf123456
perf_user_11266,perf123456
perf_user_11267,perf123456
perf_user_11268,perf123456
perf_user_11269,perf123456
perf_user_11270,perf123456
perf_user_11271,perf123456
perf_user_11272,perf123456
perf_user_11273,perf123456
perf_user_11274,perf123456
perf_user_11275,perf123456
perf_user_11276,perf123456
perf_user_11277,perf123456
perf_user_11278,perf123456
perf_user_11279,perf123456
perf_user_11280,perf123456
perf_user_11281,perf123456
perf_user_11282,perf123456
perf_user_11283,perf123456
perf_user_11284,perf123456
perf_user_11285,perf123456
perf_user_11286,perf123456
perf_user_11287,perf123456
perf_user_11288,perf123456
perf_user_11289,perf123456
perf_user_11290,perf123456
perf_user_11291,perf123456
perf_user_11292,perf123456
perf_user_11293,perf123456
perf_user_11294,perf123456
perf_user_11295,perf123456
perf_user_11296,perf123456
perf_user_11297,perf123456
perf_user_11298,perf123456
perf_user_11299,perf123456
perf_user_11300,perf123456
perf_user_11301,perf123456
perf_user_11302,perf123456
perf_user_11303,perf123456
perf_user_11304,perf123456
perf_user_11305,perf123456
perf_user_11306,perf123456
perf_user_11307,perf123456
perf_user_11308,perf123456
perf_user_11309,perf123456
perf_user_11310,perf123456
perf_user_11311,perf123456
perf_user_11312,perf123456
perf_user_11313,perf123456
perf_user_11314,perf123456
perf_user_11315,perf123456
perf_user_11316,perf123456
perf_user_11317,perf123456
perf_user_11318,perf123456
perf_user_11319,perf123456
perf_user_11320,perf123456
perf_user_11321,perf123456
perf_user_11322,perf123456
perf_user_11323,perf123456
perf_user_11324,perf123456
perf_user_11325,perf123456
perf_user_11326,perf123456
perf_user_11327,perf123456
perf_user_11328,perf123456
perf_user_11329,perf123456
perf_user_11330,perf123456
perf_user_11331,perf123456
perf_user_11332,perf123456
perf_user_11333,perf123456
perf_user_11334,perf123456
perf_user_11335,perf123456
perf_user_11336,perf123456
perf_user_11337,perf123456
perf_user_11338,perf123456
perf_user_11339,perf123456
perf_user_11340,perf123456
perf_user_11341,perf123456
perf_user_11342,perf123456
perf_user_11343,perf123456
perf_user_11344,perf123456
perf_user_11345,perf123456
perf_user_11346,perf123456
perf_user_11347,perf123456
perf_user_11348,perf123456
perf_user_11349,perf123456
perf_user_11350,perf123456
perf_user_11351,perf123456
perf_user_11352,perf123456
perf_user_11353,perf123456
perf_user_11354,perf123456
perf_user_11355,perf123456
perf_user_11356,perf123456
perf_user_11357,perf123456
perf_user_11358,perf123456
perf_user_11359,perf123456
perf_user_11360,perf123456
perf_user_11361,perf123456
perf_user_11362,perf123456
perf_user_11363,perf123456
perf_user_11364,perf123456
perf_user_11365,perf123456
perf_user_11366,perf123456
perf_user_11367,perf123456
perf_user_11368,perf123456
perf_user_11369,perf123456
perf_user_11370,perf123456
perf_user_11371,perf123456
perf_user_11372,perf123456
perf_user_11373,perf123456
perf_user_11374,perf123456
perf_user_11375,perf123456
perf_user_11376,perf123456
perf_user_11377,perf123456
perf_user_11378,perf123456
perf_user_11379,perf123456
perf_user_11380,perf123456
perf_user_11381,perf123456
perf_user_11382,perf123456
perf_user_11383,perf123456
perf_user_11384,perf123456
perf_user_11385,perf123456
perf_user_11386,perf123456
perf_user_11387,perf123456
perf_user_11388,perf123456
perf_user_11389,perf123456
perf_user_11390,perf123456
perf_user_11391,perf123456
perf_user_11392,perf123456
perf_user_11393,perf123456
perf_user_11394,perf123456
perf_user_11395,perf123456
perf_user_11396,perf123456
perf_user_11397,perf123456
perf_user_11398,perf123456
perf_user_11399,perf123456
perf_user_11400,perf123456
perf_user_11401,perf123456
perf_user_11402,perf123456
perf_user_11403,perf123456
perf_user_11404,perf123456
perf_user_11405,perf123456
perf_user_11406,perf123456
perf_user_11407,perf123456
perf_user_11408,perf123456
perf_user_11409,perf123456
perf_user_11410,perf123456
perf_user_11411,perf123456
perf_user_11412,perf123456
perf_user_11413,perf123456
perf_user_11414,perf123456
perf_user_11415,perf123456
perf_user_11416,perf123456
perf_user_11417,perf123456
perf_user_11418,perf123456
perf_user_11419,perf123456
perf_user_11420,perf123456
perf_user_11421,perf123456
perf_user_11422,perf123456
perf_user_11423,perf123456
perf_user_11424,perf123456
perf_user_11425,perf123456
perf_user_11426,perf123456
perf_user_11427,perf123456
perf_user_11428,perf123456
perf_user_11429,perf123456
perf_user_11430,perf123456
perf_user_11431,perf123456
perf_user_11432,perf123456
perf_user_11433,perf123456
perf_user_11434,perf123456
perf_user_11435,perf123456
perf_user_11436,perf123456
perf_user_11437,perf123456
perf_user_11438,perf123456
perf_user_11439,perf123456
perf_user_11440,perf123456
perf_user_11441,perf123456
perf_user_11442,perf123456
perf_user_11443,perf123456
perf_user_11444,perf123456
perf_user_11445,perf123456
perf_user_11446,perf123456
perf_user_11447,perf123456
perf_user_11448,perf123456
perf_user_11449,perf123456
perf_user_11450,perf123456
perf_user_11451,perf123456
perf_user_11452,perf123456
perf_user_11453,perf123456
perf_user_11454,perf123456
perf_user_11455,perf123456
perf_user_11456,perf123456
perf_user_11457,perf123456
perf_user_11458,perf123456
perf_user_11459,perf123456
perf_user_11460,perf123456
perf_user_11461,perf123456
perf_user_11462,perf123456
perf_user_11463,perf123456
perf_user_11464,perf123456
perf_user_11465,perf123456
perf_user_11466,perf123456
perf_user_11467,perf123456
perf_user_11468,perf123456
perf_user_11469,perf123456
perf_user_11470,perf123456
perf_user_11471,perf123456
perf_user_11472,perf123456
perf_user_11473,perf123456
perf_user_11474,perf123456
perf_user_11475,perf123456
perf_user_11476,perf123456
perf_user_11477,perf123456
perf_user_11478,perf123456
perf_user_11479,perf123456
perf_user_11480,perf123456
perf_user_11481,perf123456
perf_user_11482,perf123456
perf_user_11483,perf123456
perf_user_11484,perf123456
perf_user_11485,perf123456
perf_user_11486,perf123456
perf_user_11487,perf123456
perf_user_11488,perf123456
perf_user_11489,perf123456
perf_user_11490,perf123456
perf_user_11491,perf123456
perf_user_11492,perf123456
perf_user_11493,perf123456
perf_user_11494,perf123456
perf_user_11495,perf123456
perf_user_11496,perf123456
perf_user_11497,perf123456
perf_user_11498,perf123456
perf_user_11499,perf123456
perf_user_11500,perf123456
perf_user_11501,perf123456
perf_user_11502,perf123456
perf_user_11503,perf123456
perf_user_11504,perf123456
perf_user_11505,perf123456
perf_user_11506,perf123456
perf_user_11507,perf123456
perf_user_11508,perf123456
perf_user_11509,perf123456
perf_user_11510,perf123456
perf_user_11511,perf123456
perf_user_11512,perf123456
perf_user_11513,perf123456
perf_user_11514,perf123456
perf_user_11515,perf123456
perf_user_11516,perf123456
perf_user_11517,perf123456
perf_user_11518,perf123456
perf_user_11519,perf123456
perf_user_11520,perf123456
perf_user_11521,perf123456
perf_user_11522,perf123456
perf_user_11523,perf123456
perf_user_11524,perf123456
perf_user_11525,perf123456
perf_user_11526,perf123456
perf_user_11527,perf123456
perf_user_11528,perf123456
perf_user_11529,perf123456
perf_user_11530,perf123456
perf_user_11531,perf123456
perf_user_11532,perf123456
perf_user_11533,perf123456
perf_user_11534,perf123456
perf_user_11535,perf123456
perf_user_11536,perf123456
perf_user_11537,perf123456
perf_user_11538,perf123456
perf_user_11539,perf123456
perf_user_11540,perf123456
perf_user_11541,perf123456
perf_user_11542,perf123456
perf_user_11543,perf123456
perf_user_11544,perf123456
perf_user_11545,perf123456
perf_user_11546,perf123456
perf_user_11547,perf123456
perf_user_11548,perf123456
perf_user_11549,perf123456
perf_user_11550,perf123456
perf_user_11551,perf123456
perf_user_11552,perf123456
perf_user_11553,perf123456
perf_user_11554,perf123456
perf_user_11555,perf123456
perf_user_11556,perf123456
perf_user_11557,perf123456
perf_user_11558,perf123456
perf_user_11559,perf123456
perf_user_11560,perf123456
perf_user_11561,perf123456
perf_user_11562,perf123456
perf_user_11563,perf123456
perf_user_11564,perf123456
perf_user_11565,perf123456
perf_user_11566,perf123456
perf_user_11567,perf123456
perf_user_11568,perf123456
perf_user_11569,perf123456
perf_user_11570,perf123456
perf_user_11571,perf123456
perf_user_11572,perf123456
perf_user_11573,perf123456
perf_user_11574,perf123456
perf_user_11575,perf123456
perf_user_11576,perf123456
perf_user_11577,perf123456
perf_user_11578,perf123456
perf_user_11579,perf123456
perf_user_11580,perf123456
perf_user_11581,perf123456
perf_user_11582,perf123456
perf_user_11583,perf123456
perf_user_11584,perf123456
perf_user_11585,perf123456
perf_user_11586,perf123456
perf_user_11587,perf123456
perf_user_11588,perf123456
perf_user_11589,perf123456
perf_user_11590,perf123456
perf_user_11591,perf123456
perf_user_11592,perf123456
perf_user_11593,perf123456
perf_user_11594,perf123456
perf_user_11595,perf123456
perf_user_11596,perf123456
perf_user_11597,perf123456
perf_user_11598,perf123456
perf_user_11599,perf123456
perf_user_11600,perf123456
perf_user_11601,perf123456
perf_user_11602,perf123456
perf_user_11603,perf123456
perf_user_11604,perf123456
perf_user_11605,perf123456
perf_user_11606,perf123456
perf_user_11607,perf123456
perf_user_11608,perf123456
perf_user_11609,perf123456
perf_user_11610,perf123456
perf_user_11611,perf123456
perf_user_11612,perf123456
perf_user_11613,perf123456
perf_user_11614,perf123456
perf_user_11615,perf123456
perf_user_11616,perf123456
perf_user_11617,perf123456
perf_user_11618,perf123456
perf_user_11619,perf123456
perf_user_11620,perf123456
perf_user_11621,perf123456
perf_user_11622,perf123456
perf_user_11623,perf123456
perf_user_11624,perf123456
perf_user_11625,perf123456
perf_user_11626,perf123456
perf_user_11627,perf123456
perf_user_11628,perf123456
perf_user_11629,perf123456
perf_user_11630,perf123456
perf_user_11631,perf123456
perf_user_11632,perf123456
perf_user_11633,perf123456
perf_user_11634,perf123456
perf_user_11635,perf123456
perf_user_11636,perf123456
perf_user_11637,perf123456
perf_user_11638,perf123456
perf_user_11639,perf123456
perf_user_11640,perf123456
perf_user_11641,perf123456
perf_user_11642,perf123456
perf_user_11643,perf123456
perf_user_11644,perf123456
perf_user_11645,perf123456
perf_user_11646,perf123456
perf_user_11647,perf123456
perf_user_11648,perf123456
perf_user_11649,perf123456
perf_user_11650,perf123456
perf_user_11651,perf123456
perf_user_11652,perf123456
perf_user_11653,perf123456
perf_user_11654,perf123456
perf_user_11655,perf123456
perf_user_11656,perf123456
perf_user_11657,perf123456
perf_user_11658,perf123456
perf_user_11659,perf123456
perf_user_11660,perf123456
perf_user_11661,perf123456
perf_user_11662,perf123456
perf_user_11663,perf123456
perf_user_11664,perf123456
perf_user_11665,perf123456
perf_user_11666,perf123456
perf_user_11667,perf123456
perf_user_11668,perf123456
perf_user_11669,perf123456
perf_user_11670,perf123456
perf_user_11671,perf123456
perf_user_11672,perf123456
perf_user_11673,perf123456
perf_user_11674,perf123456
perf_user_11675,perf123456
perf_user_11676,perf123456
perf_user_11677,perf123456
perf_user_11678,perf123456
perf_user_11679,perf123456
perf_user_11680,perf123456
perf_user_11681,perf123456
perf_user_11682,perf123456
perf_user_11683,perf123456
perf_user_11684,perf123456
perf_user_11685,perf123456
perf_user_11686,perf123456
perf_user_11687,perf123456
perf_user_11688,perf123456
perf_user_11689,perf123456
perf_user_11690,perf123456
perf_user_11691,perf123456
perf_user_11692,perf123456
perf_user_11693,perf123456
perf_user_11694,perf123456
perf_user_11695,perf123456
perf_user_11696,perf123456
perf_user_11697,perf123456
perf_user_11698,perf123456
perf_user_11699,perf123456
perf_user_11700,perf123456
perf_user_11701,perf123456
perf_user_11702,perf123456
perf_user_11703,perf123456
perf_user_11704,perf123456
perf_user_11705,perf123456
perf_user_11706,perf123456
perf_user_11707,perf123456
perf_user_11708,perf123456
perf_user_11709,perf123456
perf_user_11710,perf123456
perf_user_11711,perf123456
perf_user_11712,perf123456
perf_user_11713,perf123456
perf_user_11714,perf123456
perf_user_11715,perf123456
perf_user_11716,perf123456
perf_user_11717,perf123456
perf_user_11718,perf123456
perf_user_11719,perf123456
perf_user_11720,perf123456
perf_user_11721,perf123456
perf_user_11722,perf123456
perf_user_11723,perf123456
perf_user_11724,perf123456
perf_user_11725,perf123456
perf_user_11726,perf123456
perf_user_11727,perf123456
perf_user_11728,perf123456
perf_user_11729,perf123456
perf_user_11730,perf123456
perf_user_11731,perf123456
perf_user_11732,perf123456
perf_user_11733,perf123456
perf_user_11734,perf123456
perf_user_11735,perf123456
perf_user_11736,perf123456
perf_user_11737,perf123456
perf_user_11738,perf123456
perf_user_11739,perf123456
perf_user_11740,perf123456
perf_user_11741,perf123456
perf_user_11742,perf123456
perf_user_11743,perf123456
perf_user_11744,perf123456
perf_user_11745,perf123456
perf_user_11746,perf123456
perf_user_11747,perf123456
perf_user_11748,perf123456
perf_user_11749,perf123456
perf_user_11750,perf123456
perf_user_11751,perf123456
perf_user_11752,perf123456
perf_user_11753,perf123456
perf_user_11754,perf123456
perf_user_11755,perf123456
perf_user_11756,perf123456
perf_user_11757,perf123456
perf_user_11758,perf123456
perf_user_11759,perf123456
perf_user_11760,perf123456
perf_user_11761,perf123456
perf_user_11762,perf123456
perf_user_11763,perf123456
perf_user_11764,perf123456
perf_user_11765,perf123456
perf_user_11766,perf123456
perf_user_11767,perf123456
perf_user_11768,perf123456
perf_user_11769,perf123456
perf_user_11770,perf123456
perf_user_11771,perf123456
perf_user_11772,perf123456
perf_user_11773,perf123456
perf_user_11774,perf123456
perf_user_11775,perf123456
perf_user_11776,perf123456
perf_user_11777,perf123456
perf_user_11778,perf123456
perf_user_11779,perf123456
perf_user_11780,perf123456
perf_user_11781,perf123456
perf_user_11782,perf123456
perf_user_11783,perf123456
perf_user_11784,perf123456
perf_user_11785,perf123456
perf_user_11786,perf123456
perf_user_11787,perf123456
perf_user_11788,perf123456
perf_user_11789,perf123456
perf_user_11790,perf123456
perf_user_11791,perf123456
perf_user_11792,perf123456
perf_user_11793,perf123456
perf_user_11794,perf123456
perf_user_11795,perf123456
perf_user_11796,perf123456
perf_user_11797,perf123456
perf_user_11798,perf123456
perf_user_11799,perf123456
perf_user_11800,perf123456
perf_user_11801,perf123456
perf_user_11802,perf123456
perf_user_11803,perf123456
perf_user_11804,perf123456
perf_user_11805,perf123456
perf_user_11806,perf123456
perf_user_11807,perf123456
perf_user_11808,perf123456
perf_user_11809,perf123456
perf_user_11810,perf123456
perf_user_11811,perf123456
perf_user_11812,perf123456
perf_user_11813,perf123456
perf_user_11814,perf123456
perf_user_11815,perf123456
perf_user_11816,perf123456
perf_user_11817,perf123456
perf_user_11818,perf123456
perf_user_11819,perf123456
perf_user_11820,perf123456
perf_user_11821,perf123456
perf_user_11822,perf123456
perf_user_11823,perf123456
perf_user_11824,perf123456
perf_user_11825,perf123456
perf_user_11826,perf123456
perf_user_11827,perf123456
perf_user_11828,perf123456
perf_user_11829,perf123456
perf_user_11830,perf123456
perf_user_11831,perf123456
perf_user_11832,perf123456
perf_user_11833,perf123456
perf_user_11834,perf123456
perf_user_11835,perf123456
perf_user_11836,perf123456
perf_user_11837,perf123456
perf_user_11838,perf123456
perf_user_11839,perf123456
perf_user_11840,perf123456
perf_user_11841,perf123456
perf_user_11842,perf123456
perf_user_11843,perf123456
perf_user_11844,perf123456
perf_user_11845,perf123456
perf_user_11846,perf123456
perf_user_11847,perf123456
perf_user_11848,perf123456
perf_user_11849,perf123456
perf_user_11850,perf123456
perf_user_11851,perf123456
perf_user_11852,perf123456
perf_user_11853,perf123456
perf_user_11854,perf123456
perf_user_11855,perf123456
perf_user_11856,perf123456
perf_user_11857,perf123456
perf_user_11858,perf123456
perf_user_11859,perf123456
perf_user_11860,perf123456
perf_user_11861,perf123456
perf_user_11862,perf123456
perf_user_11863,perf123456
perf_user_11864,perf123456
perf_user_11865,perf123456
perf_user_11866,perf123456
perf_user_11867,perf123456
perf_user_11868,perf123456
perf_user_11869,perf123456
perf_user_11870,perf123456
perf_user_11871,perf123456
perf_user_11872,perf123456
perf_user_11873,perf123456
perf_user_11874,perf123456
perf_user_11875,perf123456
perf_user_11876,perf123456
perf_user_11877,perf123456
perf_user_11878,perf123456
perf_user_11879,perf123456
perf_user_11880,perf123456
perf_user_11881,perf123456
perf_user_11882,perf123456
perf_user_11883,perf123456
perf_user_11884,perf123456
perf_user_11885,perf123456
perf_user_11886,perf123456
perf_user_11887,perf123456
perf_user_11888,perf123456
perf_user_11889,perf123456
perf_user_11890,perf123456
perf_user_11891,perf123456
perf_user_11892,perf123456
perf_user_11893,perf123456
perf_user_11894,perf123456
perf_user_11895,perf123456
perf_user_11896,perf123456
perf_user_11897,perf123456
perf_user_11898,perf123456
perf_user_11899,perf123456
perf_user_11900,perf123456
perf_user_11901,perf123456
perf_user_11902,perf123456
perf_user_11903,perf123456
perf_user_11904,perf123456
perf_user_11905,perf123456
perf_user_11906,perf123456
perf_user_11907,perf123456
perf_user_11908,perf123456
perf_user_11909,perf123456
perf_user_11910,perf123456
perf_user_11911,perf123456
perf_user_11912,perf123456
perf_user_11913,perf123456
perf_user_11914,perf123456
perf_user_11915,perf123456
perf_user_11916,perf123456
perf_user_11917,perf123456
perf_user_11918,perf123456
perf_user_11919,perf123456
perf_user_11920,perf123456
perf_user_11921,perf123456
perf_user_11922,perf123456
perf_user_11923,perf123456
perf_user_11924,perf123456
perf_user_11925,perf123456
perf_user_11926,perf123456
perf_user_11927,perf123456
perf_user_11928,perf123456
perf_user_11929,perf123456
perf_user_11930,perf123456
perf_user_11931,perf123456
perf_user_11932,perf123456
perf_user_11933,perf123456
perf_user_11934,perf123456
perf_user_11935,perf123456
perf_user_11936,perf123456
perf_user_11937,perf123456
perf_user_11938,perf123456
perf_user_11939,perf123456
perf_user_11940,perf123456
perf_user_11941,perf123456
perf_user_11942,perf123456
perf_user_11943,perf123456
perf_user_11944,perf123456
perf_user_11945,perf123456
perf_user_11946,perf123456
perf_user_11947,perf123456
perf_user_11948,perf123456
perf_user_11949,perf123456
perf_user_11950,perf123456
perf_user_11951,perf123456
perf_user_11952,perf123456
perf_user_11953,perf123456
perf_user_11954,perf123456
perf_user_11955,perf123456
perf_user_11956,perf123456
perf_user_11957,perf123456
perf_user_11958,perf123456
perf_user_11959,perf123456
perf_user_11960,perf123456
perf_user_11961,perf123456
perf_user_11962,perf123456
perf_user_11963,perf123456
perf_user_11964,perf123456
perf_user_11965,perf123456
perf_user_11966,perf123456
perf_user_11967,perf123456
perf_user_11968,perf123456
perf_user_11969,perf123456
perf_user_11970,perf123456
perf_user_11971,perf123456
perf_user_11972,perf123456
perf_user_11973,perf123456
perf_user_11974,perf123456
perf_user_11975,perf123456
perf_user_11976,perf123456
perf_user_11977,perf123456
perf_user_11978,perf123456
perf_user_11979,perf123456
perf_user_11980,perf123456
perf_user_11981,perf123456
perf_user_11982,perf123456
perf_user_11983,perf123456
perf_user_11984,perf123456
perf_user_11985,perf123456
perf_user_11986,perf123456
perf_user_11987,perf123456
perf_user_11988,perf123456
perf_user_11989,perf123456
perf_user_11990,perf123456
perf_user_11991,perf123456
perf_user_11992,perf123456
perf_user_11993,perf123456
perf_user_11994,perf123456
perf_user_11995,perf123456
perf_user_11996,perf123456
perf_user_11997,perf123456
perf_user_11998,perf123456
perf_user_11999,perf123456
perf_user_12000,perf123456
perf_user_12001,perf123456
perf_user_12002,perf123456
perf_user_12003,perf123456
perf_user_12004,perf123456
perf_user_12005,perf123456
perf_user_12006,perf123456
perf_user_12007,perf123456
perf_user_12008,perf123456
perf_user_12009,perf123456
perf_user_12010,perf123456
perf_user_12011,perf123456
perf_user_12012,perf123456
perf_user_12013,perf123456
perf_user_12014,perf123456
perf_user_12015,perf123456
perf_user_12016,perf123456
perf_user_12017,perf123456
perf_user_12018,perf123456
perf_user_12019,perf123456
perf_user_12020,perf123456
perf_user_12021,perf123456
perf_user_12022,perf123456
perf_user_12023,perf123456
perf_user_12024,perf123456
perf_user_12025,perf123456
perf_user_12026,perf123456
perf_user_12027,perf123456
perf_user_12028,perf123456
perf_user_12029,perf123456
perf_user_12030,perf123456
perf_user_12031,perf123456
perf_user_12032,perf123456
perf_user_12033,perf123456
perf_user_12034,perf123456
perf_user_12035,perf123456
perf_user_12036,perf123456
perf_user_12037,perf123456
perf_user_12038,perf123456
perf_user_12039,perf123456
perf_user_12040,perf123456
perf_user_12041,perf123456
perf_user_12042,perf123456
perf_user_12043,perf123456
perf_user_12044,perf123456
perf_user_12045,perf123456
perf_user_12046,perf123456
perf_user_12047,perf123456
perf_user_12048,perf123456
perf_user_12049,perf123456
perf_user_12050,perf123456
perf_user_12051,perf123456
perf_user_12052,perf123456
perf_user_12053,perf123456
perf_user_12054,perf123456
perf_user_12055,perf123456
perf_user_12056,perf123456
perf_user_12057,perf123456
perf_user_12058,perf123456
perf_user_12059,perf123456
perf_user_12060,perf123456
perf_user_12061,perf123456
perf_user_12062,perf123456
perf_user_12063,perf123456
perf_user_12064,perf123456
perf_user_12065,perf123456
perf_user_12066,perf123456
perf_user_12067,perf123456
perf_user_12068,perf123456
perf_user_12069,perf123456
perf_user_12070,perf123456
perf_user_12071,perf123456
perf_user_12072,perf123456
perf_user_12073,perf123456
perf_user_12074,perf123456
perf_user_12075,perf123456
perf_user_12076,perf123456
perf_user_12077,perf123456
perf_user_12078,perf123456
perf_user_12079,perf123456
perf_user_12080,perf123456
perf_user_12081,perf123456
perf_user_12082,perf123456
perf_user_12083,perf123456
perf_user_12084,perf123456
perf_user_12085,perf123456
perf_user_12086,perf123456
perf_user_12087,perf123456
perf_user_12088,perf123456
perf_user_12089,perf123456
perf_user_12090,perf123456
perf_user_12091,perf123456
perf_user_12092,perf123456
perf_user_12093,perf123456
perf_user_12094,perf123456
perf_user_12095,perf123456
perf_user_12096,perf123456
perf_user_12097,perf123456
perf_user_12098,perf123456
perf_user_12099,perf123456
perf_user_12100,perf123456
perf_user_12101,perf123456
perf_user_12102,perf123456
perf_user_12103,perf123456
perf_user_12104,perf123456
perf_user_12105,perf123456
perf_user_12106,perf123456
perf_user_12107,perf123456
perf_user_12108,perf123456
perf_user_12109,perf123456
perf_user_12110,perf123456
perf_user_12111,perf123456
perf_user_12112,perf123456
perf_user_12113,perf123456
perf_user_12114,perf123456
perf_user_12115,perf123456
perf_user_12116,perf123456
perf_user_12117,perf123456
perf_user_12118,perf123456
perf_user_12119,perf123456
perf_user_12120,perf123456
perf_user_12121,perf123456
perf_user_12122,perf123456
perf_user_12123,perf123456
perf_user_12124,perf123456
perf_user_12125,perf123456
perf_user_12126,perf123456
perf_user_12127,perf123456
perf_user_12128,perf123456
perf_user_12129,perf123456
perf_user_12130,perf123456
perf_user_12131,perf123456
perf_user_12132,perf123456
perf_user_12133,perf123456
perf_user_12134,perf123456
perf_user_12135,perf123456
perf_user_12136,perf123456
perf_user_12137,perf123456
perf_user_12138,perf123456
perf_user_12139,perf123456
perf_user_12140,perf123456
perf_user_12141,perf123456
perf_user_12142,perf123456
perf_user_12143,perf123456
perf_user_12144,perf123456
perf_user_12145,perf123456
perf_user_12146,perf123456
perf_user_12147,perf123456
perf_user_12148,perf123456
perf_user_12149,perf123456
perf_user_12150,perf123456
perf_user_12151,perf123456
perf_user_12152,perf123456
perf_user_12153,perf123456
perf_user_12154,perf123456
perf_user_12155,perf123456
perf_user_12156,perf123456
perf_user_12157,perf123456
perf_user_12158,perf123456
perf_user_12159,perf123456
perf_user_12160,perf123456
perf_user_12161,perf123456
perf_user_12162,perf123456
perf_user_12163,perf123456
perf_user_12164,perf123456
perf_user_12165,perf123456
perf_user_12166,perf123456
perf_user_12167,perf123456
perf_user_12168,perf123456
perf_user_12169,perf123456
perf_user_12170,perf123456
perf_user_12171,perf123456
perf_user_12172,perf123456
perf_user_12173,perf123456
perf_user_12174,perf123456
perf_user_12175,perf123456
perf_user_12176,perf123456
perf_user_12177,perf123456
perf_user_12178,perf123456
perf_user_12179,perf123456
perf_user_12180,perf123456
perf_user_12181,perf123456
perf_user_12182,perf123456
perf_user_12183,perf123456
perf_user_12184,perf123456
perf_user_12185,perf123456
perf_user_12186,perf123456
perf_user_12187,perf123456
perf_user_12188,perf123456
perf_user_12189,perf123456
perf_user_12190,perf123456
perf_user_12191,perf123456
perf_user_12192,perf123456
perf_user_12193,perf123456
perf_user_12194,perf123456
perf_user_12195,perf123456
perf_user_12196,perf123456
perf_user_12197,perf123456
perf_user_12198,perf123456
perf_user_12199,perf123456
perf_user_12200,perf123456
perf_user_12201,perf123456
perf_user_12202,perf123456
perf_user_12203,perf123456
perf_user_12204,perf123456
perf_user_12205,perf123456
perf_user_12206,perf123456
perf_user_12207,perf123456
perf_user_12208,perf123456
perf_user_12209,perf123456
perf_user_12210,perf123456
perf_user_12211,perf123456
perf_user_12212,perf123456
perf_user_12213,perf123456
perf_user_12214,perf123456
perf_user_12215,perf123456
perf_user_12216,perf123456
perf_user_12217,perf123456
perf_user_12218,perf123456
perf_user_12219,perf123456
perf_user_12220,perf123456
perf_user_12221,perf123456
perf_user_12222,perf123456
perf_user_12223,perf123456
perf_user_12224,perf123456
perf_user_12225,perf123456
perf_user_12226,perf123456
perf_user_12227,perf123456
perf_user_12228,perf123456
perf_user_12229,perf123456
perf_user_12230,perf123456
perf_user_12231,perf123456
perf_user_12232,perf123456
perf_user_12233,perf123456
perf_user_12234,perf123456
perf_user_12235,perf123456
perf_user_12236,perf123456
perf_user_12237,perf123456
perf_user_12238,perf123456
perf_user_12239,perf123456
perf_user_12240,perf123456
perf_user_12241,perf123456
perf_user_12242,perf123456
perf_user_12243,perf123456
perf_user_12244,perf123456
perf_user_12245,perf123456
perf_user_12246,perf123456
perf_user_12247,perf123456
perf_user_12248,perf123456
perf_user_12249,perf123456
perf_user_12250,perf123456
perf_user_12251,perf123456
perf_user_12252,perf123456
perf_user_12253,perf123456
perf_user_12254,perf123456
perf_user_12255,perf123456
perf_user_12256,perf123456
perf_user_12257,perf123456
perf_user_12258,perf123456
perf_user_12259,perf123456
perf_user_12260,perf123456
perf_user_12261,perf123456
perf_user_12262,perf123456
perf_user_12263,perf123456
perf_user_12264,perf123456
perf_user_12265,perf123456
perf_user_12266,perf123456
perf_user_12267,perf123456
perf_user_12268,perf123456
perf_user_12269,perf123456
perf_user_12270,perf123456
perf_user_12271,perf123456
perf_user_12272,perf123456
perf_user_12273,perf123456
perf_user_12274,perf123456
perf_user_12275,perf123456
perf_user_12276,perf123456
perf_user_12277,perf123456
perf_user_12278,perf123456
perf_user_12279,perf123456
perf_user_12280,perf123456
perf_user_12281,perf123456
perf_user_12282,perf123456
perf_user_12283,perf123456
perf_user_12284,perf123456
perf_user_12285,perf123456
perf_user_12286,perf123456
perf_user_12287,perf123456
perf_user_12288,perf123456
perf_user_12289,perf123456
perf_user_12290,perf123456
perf_user_12291,perf123456
perf_user_12292,perf123456
perf_user_12293,perf123456
perf_user_12294,perf123456
perf_user_12295,perf123456
perf_user_12296,perf123456
perf_user_12297,perf123456
perf_user_12298,perf123456
perf_user_12299,perf123456
perf_user_12300,perf123456
perf_user_12301,perf123456
perf_user_12302,perf123456
perf_user_12303,perf123456
perf_user_12304,perf123456
perf_user_12305,perf123456
perf_user_12306,perf123456
perf_user_12307,perf123456
perf_user_12308,perf123456
perf_user_12309,perf123456
perf_user_12310,perf123456
perf_user_12311,perf123456
perf_user_12312,perf123456
perf_user_12313,perf123456
perf_user_12314,perf123456
perf_user_12315,perf123456
perf_user_12316,perf123456
perf_user_12317,perf123456
perf_user_12318,perf123456
perf_user_12319,perf123456
perf_user_12320,perf123456
perf_user_12321,perf123456
perf_user_12322,perf123456
perf_user_12323,perf123456
perf_user_12324,perf123456
perf_user_12325,perf123456
perf_user_12326,perf123456
perf_user_12327,perf123456
perf_user_12328,perf123456
perf_user_12329,perf123456
perf_user_12330,perf123456
perf_user_12331,perf123456
perf_user_12332,perf123456
perf_user_12333,perf123456
perf_user_12334,perf123456
perf_user_12335,perf123456
perf_user_12336,perf123456
perf_user_12337,perf123456
perf_user_12338,perf123456
perf_user_12339,perf123456
perf_user_12340,perf123456
perf_user_12341,perf123456
perf_user_12342,perf123456
perf_user_12343,perf123456
perf_user_12344,perf123456
perf_user_12345,perf123456
perf_user_12346,perf123456
perf_user_12347,perf123456
perf_user_12348,perf123456
perf_user_12349,perf123456
perf_user_12350,perf123456
perf_user_12351,perf123456
perf_user_12352,perf123456
perf_user_12353,perf123456
perf_user_12354,perf123456
perf_user_12355,perf123456
perf_user_12356,perf123456
perf_user_12357,perf123456
perf_user_12358,perf123456
perf_user_12359,perf123456
perf_user_12360,perf123456
perf_user_12361,perf123456
perf_user_12362,perf123456
perf_user_12363,perf123456
perf_user_12364,perf123456
perf_user_12365,perf123456
perf_user_12366,perf123456
perf_user_12367,perf123456
perf_user_12368,perf123456
perf_user_12369,perf123456
perf_user_12370,perf123456
perf_user_12371,perf123456
perf_user_12372,perf123456
perf_user_12373,perf123456
perf_user_12374,perf123456
perf_user_12375,perf123456
perf_user_12376,perf123456
perf_user_12377,perf123456
perf_user_12378,perf123456
perf_user_12379,perf123456
perf_user_12380,perf123456
perf_user_12381,perf123456
perf_user_12382,perf123456
perf_user_12383,perf123456
perf_user_12384,perf123456
perf_user_12385,perf123456
perf_user_12386,perf123456
perf_user_12387,perf123456
perf_user_12388,perf123456
perf_user_12389,perf123456
perf_user_12390,perf123456
perf_user_12391,perf123456
perf_user_12392,perf123456
perf_user_12393,perf123456
perf_user_12394,perf123456
perf_user_12395,perf123456
perf_user_12396,perf123456
perf_user_12397,perf123456
perf_user_12398,perf123456
perf_user_12399,perf123456
perf_user_12400,perf123456
perf_user_12401,perf123456
perf_user_12402,perf123456
perf_user_12403,perf123456
perf_user_12404,perf123456
perf_user_12405,perf123456
perf_user_12406,perf123456
perf_user_12407,perf123456
perf_user_12408,perf123456
perf_user_12409,perf123456
perf_user_12410,perf123456
perf_user_12411,perf123456
perf_user_12412,perf123456
perf_user_12413,perf123456
perf_user_12414,perf123456
perf_user_12415,perf123456
perf_user_12416,perf123456
perf_user_12417,perf123456
perf_user_12418,perf123456
perf_user_12419,perf123456
perf_user_12420,perf123456
perf_user_12421,perf123456
perf_user_12422,perf123456
perf_user_12423,perf123456
perf_user_12424,perf123456
perf_user_12425,perf123456
perf_user_12426,perf123456
perf_user_12427,perf123456
perf_user_12428,perf123456
perf_user_12429,perf123456
perf_user_12430,perf123456
perf_user_12431,perf123456
perf_user_12432,perf123456
perf_user_12433,perf123456
perf_user_12434,perf123456
perf_user_12435,perf123456
perf_user_12436,perf123456
perf_user_12437,perf123456
perf_user_12438,perf123456
perf_user_12439,perf123456
perf_user_12440,perf123456
perf_user_12441,perf123456
perf_user_12442,perf123456
perf_user_12443,perf123456
perf_user_12444,perf123456
perf_user_12445,perf123456
perf_user_12446,perf123456
perf_user_12447,perf123456
perf_user_12448,perf123456
perf_user_12449,perf123456
perf_user_12450,perf123456
perf_user_12451,perf123456
perf_user_12452,perf123456
perf_user_12453,perf123456
perf_user_12454,perf123456
perf_user_12455,perf123456
perf_user_12456,perf123456
perf_user_12457,perf123456
perf_user_12458,perf123456
perf_user_12459,perf123456
perf_user_12460,perf123456
perf_user_12461,perf123456
perf_user_12462,perf123456
perf_user_12463,perf123456
perf_user_12464,perf123456
perf_user_12465,perf123456
perf_user_12466,perf123456
perf_user_12467,perf123456
perf_user_12468,perf123456
perf_user_12469,perf123456
perf_user_12470,perf123456
perf_user_12471,perf123456
perf_user_12472,perf123456
perf_user_12473,perf123456
perf_user_12474,perf123456
perf_user_12475,perf123456
perf_user_12476,perf123456
perf_user_12477,perf123456
perf_user_12478,perf123456
perf_user_12479,perf123456
perf_user_12480,perf123456
perf_user_12481,perf123456
perf_user_12482,perf123456
perf_user_12483,perf123456
perf_user_12484,perf123456
perf_user_12485,perf123456
perf_user_12486,perf123456
perf_user_12487,perf123456
perf_user_12488,perf123456
perf_user_12489,perf123456
perf_user_12490,perf123456
perf_user_12491,perf123456
perf_user_12492,perf123456
perf_user_12493,perf123456
perf_user_12494,perf123456
perf_user_12495,perf123456
perf_user_12496,perf123456
perf_user_12497,perf123456
perf_user_12498,perf123456
perf_user_12499,perf123456
perf_user_12500,perf123456
perf_user_12501,perf123456
perf_user_12502,perf123456
perf_user_12503,perf123456
perf_user_12504,perf123456
perf_user_12505,perf123456
perf_user_12506,perf123456
perf_user_12507,perf123456
perf_user_12508,perf123456
perf_user_12509,perf123456
perf_user_12510,perf123456
perf_user_12511,perf123456
perf_user_12512,perf123456
perf_user_12513,perf123456
perf_user_12514,perf123456
perf_user_12515,perf123456
perf_user_12516,perf123456
perf_user_12517,perf123456
perf_user_12518,perf123456
perf_user_12519,perf123456
perf_user_12520,perf123456
perf_user_12521,perf123456
perf_user_12522,perf123456
perf_user_12523,perf123456
perf_user_12524,perf123456
perf_user_12525,perf123456
perf_user_12526,perf123456
perf_user_12527,perf123456
perf_user_12528,perf123456
perf_user_12529,perf123456
perf_user_12530,perf123456
perf_user_12531,perf123456
perf_user_12532,perf123456
perf_user_12533,perf123456
perf_user_12534,perf123456
perf_user_12535,perf123456
perf_user_12536,perf123456
perf_user_12537,perf123456
perf_user_12538,perf123456
perf_user_12539,perf123456
perf_user_12540,perf123456
perf_user_12541,perf123456
perf_user_12542,perf123456
perf_user_12543,perf123456
perf_user_12544,perf123456
perf_user_12545,perf123456
perf_user_12546,perf123456
perf_user_12547,perf123456
perf_user_12548,perf123456
perf_user_12549,perf123456
perf_user_12550,perf123456
perf_user_12551,perf123456
perf_user_12552,perf123456
perf_user_12553,perf123456
perf_user_12554,perf123456
perf_user_12555,perf123456
perf_user_12556,perf123456
perf_user_12557,perf123456
perf_user_12558,perf123456
perf_user_12559,perf123456
perf_user_12560,perf123456
perf_user_12561,perf123456
perf_user_12562,perf123456
perf_user_12563,perf123456
perf_user_12564,perf123456
perf_user_12565,perf123456
perf_user_12566,perf123456
perf_user_12567,perf123456
perf_user_12568,perf123456
perf_user_12569,perf123456
perf_user_12570,perf123456
perf_user_12571,perf123456
perf_user_12572,perf123456
perf_user_12573,perf123456
perf_user_12574,perf123456
perf_user_12575,perf123456
perf_user_12576,perf123456
perf_user_12577,perf123456
perf_user_12578,perf123456
perf_user_12579,perf123456
perf_user_12580,perf123456
perf_user_12581,perf123456
perf_user_12582,perf123456
perf_user_12583,perf123456
perf_user_12584,perf123456
perf_user_12585,perf123456
perf_user_12586,perf123456
perf_user_12587,perf123456
perf_user_12588,perf123456
perf_user_12589,perf123456
perf_user_12590,perf123456
perf_user_12591,perf123456
perf_user_12592,perf123456
perf_user_12593,perf123456
perf_user_12594,perf123456
perf_user_12595,perf123456
perf_user_12596,perf123456
perf_user_12597,perf123456
perf_user_12598,perf123456
perf_user_12599,perf123456
perf_user_12600,perf123456
perf_user_12601,perf123456
perf_user_12602,perf123456
perf_user_12603,perf123456
perf_user_12604,perf123456
perf_user_12605,perf123456
perf_user_12606,perf123456
perf_user_12607,perf123456
perf_user_12608,perf123456
perf_user_12609,perf123456
perf_user_12610,perf123456
perf_user_12611,perf123456
perf_user_12612,perf123456
perf_user_12613,perf123456
perf_user_12614,perf123456
perf_user_12615,perf123456
perf_user_12616,perf123456
perf_user_12617,perf123456
perf_user_12618,perf123456
perf_user_12619,perf123456
perf_user_12620,perf123456
perf_user_12621,perf123456
perf_user_12622,perf123456
perf_user_12623,perf123456
perf_user_12624,perf123456
perf_user_12625,perf123456
perf_user_12626,perf123456
perf_user_12627,perf123456
perf_user_12628,perf123456
perf_user_12629,perf123456
perf_user_12630,perf123456
perf_user_12631,perf123456
perf_user_12632,perf123456
perf_user_12633,perf123456
perf_user_12634,perf123456
perf_user_12635,perf123456
perf_user_12636,perf123456
perf_user_12637,perf123456
perf_user_12638,perf123456
perf_user_12639,perf123456
perf_user_12640,perf123456
perf_user_12641,perf123456
perf_user_12642,perf123456
perf_user_12643,perf123456
perf_user_12644,perf123456
perf_user_12645,perf123456
perf_user_12646,perf123456
perf_user_12647,perf123456
perf_user_12648,perf123456
perf_user_12649,perf123456
perf_user_12650,perf123456
perf_user_12651,perf123456
perf_user_12652,perf123456
perf_user_12653,perf123456
perf_user_12654,perf123456
perf_user_12655,perf123456
perf_user_12656,perf123456
perf_user_12657,perf123456
perf_user_12658,perf123456
perf_user_12659,perf123456
perf_user_12660,perf123456
perf_user_12661,perf123456
perf_user_12662,perf123456
perf_user_12663,perf123456
perf_user_12664,perf123456
perf_user_12665,perf123456
perf_user_12666,perf123456
perf_user_12667,perf123456
perf_user_12668,perf123456
perf_user_12669,perf123456
perf_user_12670,perf123456
perf_user_12671,perf123456
perf_user_12672,perf123456
perf_user_12673,perf123456
perf_user_12674,perf123456
perf_user_12675,perf123456
perf_user_12676,perf123456
perf_user_12677,perf123456
perf_user_12678,perf123456
perf_user_12679,perf123456
perf_user_12680,perf123456
perf_user_12681,perf123456
perf_user_12682,perf123456
perf_user_12683,perf123456
perf_user_12684,perf123456
perf_user_12685,perf123456
perf_user_12686,perf123456
perf_user_12687,perf123456
perf_user_12688,perf123456
perf_user_12689,perf123456
perf_user_12690,perf123456
perf_user_12691,perf123456
perf_user_12692,perf123456
perf_user_12693,perf123456
perf_user_12694,perf123456
perf_user_12695,perf123456
perf_user_12696,perf123456
perf_user_12697,perf123456
perf_user_12698,perf123456
perf_user_12699,perf123456
perf_user_12700,perf123456
perf_user_12701,perf123456
perf_user_12702,perf123456
perf_user_12703,perf123456
perf_user_12704,perf123456
perf_user_12705,perf123456
perf_user_12706,perf123456
perf_user_12707,perf123456
perf_user_12708,perf123456
perf_user_12709,perf123456
perf_user_12710,perf123456
perf_user_12711,perf123456
perf_user_12712,perf123456
perf_user_12713,perf123456
perf_user_12714,perf123456
perf_user_12715,perf123456
perf_user_12716,perf123456
perf_user_12717,perf123456
perf_user_12718,perf123456
perf_user_12719,perf123456
perf_user_12720,perf123456
perf_user_12721,perf123456
perf_user_12722,perf123456
perf_user_12723,perf123456
perf_user_12724,perf123456
perf_user_12725,perf123456
perf_user_12726,perf123456
perf_user_12727,perf123456
perf_user_12728,perf123456
perf_user_12729,perf123456
perf_user_12730,perf123456
perf_user_12731,perf123456
perf_user_12732,perf123456
perf_user_12733,perf123456
perf_user_12734,perf123456
perf_user_12735,perf123456
perf_user_12736,perf123456
perf_user_12737,perf123456
perf_user_12738,perf123456
perf_user_12739,perf123456
perf_user_12740,perf123456
perf_user_12741,perf123456
perf_user_12742,perf123456
perf_user_12743,perf123456
perf_user_12744,perf123456
perf_user_12745,perf123456
perf_user_12746,perf123456
perf_user_12747,perf123456
perf_user_12748,perf123456
perf_user_12749,perf123456
perf_user_12750,perf123456
perf_user_12751,perf123456
perf_user_12752,perf123456
perf_user_12753,perf123456
perf_user_12754,perf123456
perf_user_12755,perf123456
perf_user_12756,perf123456
perf_user_12757,perf123456
perf_user_12758,perf123456
perf_user_12759,perf123456
perf_user_12760,perf123456
perf_user_12761,perf123456
perf_user_12762,perf123456
perf_user_12763,perf123456
perf_user_12764,perf123456
perf_user_12765,perf123456
perf_user_12766,perf123456
perf_user_12767,perf123456
perf_user_12768,perf123456
perf_user_12769,perf123456
perf_user_12770,perf123456
perf_user_12771,perf123456
perf_user_12772,perf123456
perf_user_12773,perf123456
perf_user_12774,perf123456
perf_user_12775,perf123456
perf_user_12776,perf123456
perf_user_12777,perf123456
perf_user_12778,perf123456
perf_user_12779,perf123456
perf_user_12780,perf123456
perf_user_12781,perf123456
perf_user_12782,perf123456
perf_user_12783,perf123456
perf_user_12784,perf123456
perf_user_12785,perf123456
perf_user_12786,perf123456
perf_user_12787,perf123456
perf_user_12788,perf123456
perf_user_12789,perf123456
perf_user_12790,perf123456
perf_user_12791,perf123456
perf_user_12792,perf123456
perf_user_12793,perf123456
perf_user_12794,perf123456
perf_user_12795,perf123456
perf_user_12796,perf123456
perf_user_12797,perf123456
perf_user_12798,perf123456
perf_user_12799,perf123456
perf_user_12800,perf123456
perf_user_12801,perf123456
perf_user_12802,perf123456
perf_user_12803,perf123456
perf_user_12804,perf123456
perf_user_12805,perf123456
perf_user_12806,perf123456
perf_user_12807,perf123456
perf_user_12808,perf123456
perf_user_12809,perf123456
perf_user_12810,perf123456
perf_user_12811,perf123456
perf_user_12812,perf123456
perf_user_12813,perf123456
perf_user_12814,perf123456
perf_user_12815,perf123456
perf_user_12816,perf123456
perf_user_12817,perf123456
perf_user_12818,perf123456
perf_user_12819,perf123456
perf_user_12820,perf123456
perf_user_12821,perf123456
perf_user_12822,perf123456
perf_user_12823,perf123456
perf_user_12824,perf123456
perf_user_12825,perf123456
perf_user_12826,perf123456
perf_user_12827,perf123456
perf_user_12828,perf123456
perf_user_12829,perf123456
perf_user_12830,perf123456
perf_user_12831,perf123456
perf_user_12832,perf123456
perf_user_12833,perf123456
perf_user_12834,perf123456
perf_user_12835,perf123456
perf_user_12836,perf123456
perf_user_12837,perf123456
perf_user_12838,perf123456
perf_user_12839,perf123456
perf_user_12840,perf123456
perf_user_12841,perf123456
perf_user_12842,perf123456
perf_user_12843,perf123456
perf_user_12844,perf123456
perf_user_12845,perf123456
perf_user_12846,perf123456
perf_user_12847,perf123456
perf_user_12848,perf123456
perf_user_12849,perf123456
perf_user_12850,perf123456
perf_user_12851,perf123456
perf_user_12852,perf123456
perf_user_12853,perf123456
perf_user_12854,perf123456
perf_user_12855,perf123456
perf_user_12856,perf123456
perf_user_12857,perf123456
perf_user_12858,perf123456
perf_user_12859,perf123456
perf_user_12860,perf123456
perf_user_12861,perf123456
perf_user_12862,perf123456
perf_user_12863,perf123456
perf_user_12864,perf123456
perf_user_12865,perf123456
perf_user_12866,perf123456
perf_user_12867,perf123456
perf_user_12868,perf123456
perf_user_12869,perf123456
perf_user_12870,perf123456
perf_user_12871,perf123456
perf_user_12872,perf123456
perf_user_12873,perf123456
perf_user_12874,perf123456
perf_user_12875,perf123456
perf_user_12876,perf123456
perf_user_12877,perf123456
perf_user_12878,perf123456
perf_user_12879,perf123456
perf_user_12880,perf123456
perf_user_12881,perf123456
perf_user_12882,perf123456
perf_user_12883,perf123456
perf_user_12884,perf123456
perf_user_12885,perf123456
perf_user_12886,perf123456
perf_user_12887,perf123456
perf_user_12888,perf123456
perf_user_12889,perf123456
perf_user_12890,perf123456
perf_user_12891,perf123456
perf_user_12892,perf123456
perf_user_12893,perf123456
perf_user_12894,perf123456
perf_user_12895,perf123456
perf_user_12896,perf123456
perf_user_12897,perf123456
perf_user_12898,perf123456
perf_user_12899,perf123456
perf_user_12900,perf123456
perf_user_12901,perf123456
perf_user_12902,perf123456
perf_user_12903,perf123456
perf_user_12904,perf123456
perf_user_12905,perf123456
perf_user_12906,perf123456
perf_user_12907,perf123456
perf_user_12908,perf123456
perf_user_12909,perf123456
perf_user_12910,perf123456
perf_user_12911,perf123456
perf_user_12912,perf123456
perf_user_12913,perf123456
perf_user_12914,perf123456
perf_user_12915,perf123456
perf_user_12916,perf123456
perf_user_12917,perf123456
perf_user_12918,perf123456
perf_user_12919,perf123456
perf_user_12920,perf123456
perf_user_12921,perf123456
perf_user_12922,perf123456
perf_user_12923,perf123456
perf_user_12924,perf123456
perf_user_12925,perf123456
perf_user_12926,perf123456
perf_user_12927,perf123456
perf_user_12928,perf123456
perf_user_12929,perf123456
perf_user_12930,perf123456
perf_user_12931,perf123456
perf_user_12932,perf123456
perf_user_12933,perf123456
perf_user_12934,perf123456
perf_user_12935,perf123456
perf_user_12936,perf123456
perf_user_12937,perf123456
perf_user_12938,perf123456
perf_user_12939,perf123456
perf_user_12940,perf123456
perf_user_12941,perf123456
perf_user_12942,perf123456
perf_user_12943,perf123456
perf_user_12944,perf123456
perf_user_12945,perf123456
perf_user_12946,perf123456
perf_user_12947,perf123456
perf_user_12948,perf123456
perf_user_12949,perf123456
perf_user_12950,perf123456
perf_user_12951,perf123456
perf_user_12952,perf123456
perf_user_12953,perf123456
perf_user_12954,perf123456
perf_user_12955,perf123456
perf_user_12956,perf123456
perf_user_12957,perf123456
perf_user_12958,perf123456
perf_user_12959,perf123456
perf_user_12960,perf123456
perf_user_12961,perf123456
perf_user_12962,perf123456
perf_user_12963,perf123456
perf_user_12964,perf123456
perf_user_12965,perf123456
perf_user_12966,perf123456
perf_user_12967,perf123456
perf_user_12968,perf123456
perf_user_12969,perf123456
perf_user_12970,perf123456
perf_user_12971,perf123456
perf_user_12972,perf123456
perf_user_12973,perf123456
perf_user_12974,perf123456
perf_user_12975,perf123456
perf_user_12976,perf123456
perf_user_12977,perf123456
perf_user_12978,perf123456
perf_user_12979,perf123456
perf_user_12980,perf123456
perf_user_12981,perf123456
perf_user_12982,perf123456
perf_user_12983,perf123456
perf_user_12984,perf123456
perf_user_12985,perf123456
perf_user_12986,perf123456
perf_user_12987,perf123456
perf_user_12988,perf123456
perf_user_12989,perf123456
perf_user_12990,perf123456
perf_user_12991,perf123456
perf_user_12992,perf123456
perf_user_12993,perf123456
perf_user_12994,perf123456
perf_user_12995,perf123456
perf_user_12996,perf123456
perf_user_12997,perf123456
perf_user_12998,perf123456
perf_user_12999,perf123456
perf_user_13000,perf123456
perf_user_13001,perf123456
perf_user_13002,perf123456
perf_user_13003,perf123456
perf_user_13004,perf123456
perf_user_13005,perf123456
perf_user_13006,perf123456
perf_user_13007,perf123456
perf_user_13008,perf123456
perf_user_13009,perf123456
perf_user_13010,perf123456
perf_user_13011,perf123456
perf_user_13012,perf123456
perf_user_13013,perf123456
perf_user_13014,perf123456
perf_user_13015,perf123456
perf_user_13016,perf123456
perf_user_13017,perf123456
perf_user_13018,perf123456
perf_user_13019,perf123456
perf_user_13020,perf123456
perf_user_13021,perf123456
perf_user_13022,perf123456
perf_user_13023,perf123456
perf_user_13024,perf123456
perf_user_13025,perf123456
perf_user_13026,perf123456
perf_user_13027,perf123456
perf_user_13028,perf123456
perf_user_13029,perf123456
perf_user_13030,perf123456
perf_user_13031,perf123456
perf_user_13032,perf123456
perf_user_13033,perf123456
perf_user_13034,perf123456
perf_user_13035,perf123456
perf_user_13036,perf123456
perf_user_13037,perf123456
perf_user_13038,perf123456
perf_user_13039,perf123456
perf_user_13040,perf123456
perf_user_13041,perf123456
perf_user_13042,perf123456
perf_user_13043,perf123456
perf_user_13044,perf123456
perf_user_13045,perf123456
perf_user_13046,perf123456
perf_user_13047,perf123456
perf_user_13048,perf123456
perf_user_13049,perf123456
perf_user_13050,perf123456
perf_user_13051,perf123456
perf_user_13052,perf123456
perf_user_13053,perf123456
perf_user_13054,perf123456
perf_user_13055,perf123456
perf_user_13056,perf123456
perf_user_13057,perf123456
perf_user_13058,perf123456
perf_user_13059,perf123456
perf_user_13060,perf123456
perf_user_13061,perf123456
perf_user_13062,perf123456
perf_user_13063,perf123456
perf_user_13064,perf123456
perf_user_13065,perf123456
perf_user_13066,perf123456
perf_user_13067,perf123456
perf_user_13068,perf123456
perf_user_13069,perf123456
perf_user_13070,perf123456
perf_user_13071,perf123456
perf_user_13072,perf123456
perf_user_13073,perf123456
perf_user_13074,perf123456
perf_user_13075,perf123456
perf_user_13076,perf123456
perf_user_13077,perf123456
perf_user_13078,perf123456
perf_user_13079,perf123456
perf_user_13080,perf123456
perf_user_13081,perf123456
perf_user_13082,perf123456
perf_user_13083,perf123456
perf_user_13084,perf123456
perf_user_13085,perf123456
perf_user_13086,perf123456
perf_user_13087,perf123456
perf_user_13088,perf123456
perf_user_13089,perf123456
perf_user_13090,perf123456
perf_user_13091,perf123456
perf_user_13092,perf123456
perf_user_13093,perf123456
perf_user_13094,perf123456
perf_user_13095,perf123456
perf_user_13096,perf123456
perf_user_13097,perf123456
perf_user_13098,perf123456
perf_user_13099,perf123456
perf_user_13100,perf123456
perf_user_13101,perf123456
perf_user_13102,perf123456
perf_user_13103,perf123456
perf_user_13104,perf123456
perf_user_13105,perf123456
perf_user_13106,perf123456
perf_user_13107,perf123456
perf_user_13108,perf123456
perf_user_13109,perf123456
perf_user_13110,perf123456
perf_user_13111,perf123456
perf_user_13112,perf123456
perf_user_13113,perf123456
perf_user_13114,perf123456
perf_user_13115,perf123456
perf_user_13116,perf123456
perf_user_13117,perf123456
perf_user_13118,perf123456
perf_user_13119,perf123456
perf_user_13120,perf123456
perf_user_13121,perf123456
perf_user_13122,perf123456
perf_user_13123,perf123456
perf_user_13124,perf123456
perf_user_13125,perf123456
perf_user_13126,perf123456
perf_user_13127,perf123456
perf_user_13128,perf123456
perf_user_13129,perf123456
perf_user_13130,perf123456
perf_user_13131,perf123456
perf_user_13132,perf123456
perf_user_13133,perf123456
perf_user_13134,perf123456
perf_user_13135,perf123456
perf_user_13136,perf123456
perf_user_13137,perf123456
perf_user_13138,perf123456
perf_user_13139,perf123456
perf_user_13140,perf123456
perf_user_13141,perf123456
perf_user_13142,perf123456
perf_user_13143,perf123456
perf_user_13144,perf123456
perf_user_13145,perf123456
perf_user_13146,perf123456
perf_user_13147,perf123456
perf_user_13148,perf123456
perf_user_13149,perf123456
perf_user_13150,perf123456
perf_user_13151,perf123456
perf_user_13152,perf123456
perf_user_13153,perf123456
perf_user_13154,perf123456
perf_user_13155,perf123456
perf_user_13156,perf123456
perf_user_13157,perf123456
perf_user_13158,perf123456
perf_user_13159,perf123456
perf_user_13160,perf123456
perf_user_13161,perf123456
perf_user_13162,perf123456
perf_user_13163,perf123456
perf_user_13164,perf123456
perf_user_13165,perf123456
perf_user_13166,perf123456
perf_user_13167,perf123456
perf_user_13168,perf123456
perf_user_13169,perf123456
perf_user_13170,perf123456
perf_user_13171,perf123456
perf_user_13172,perf123456
perf_user_13173,perf123456
perf_user_13174,perf123456
perf_user_13175,perf123456
perf_user_13176,perf123456
perf_user_13177,perf123456
perf_user_13178,perf123456
perf_user_13179,perf123456
perf_user_13180,perf123456
perf_user_13181,perf123456
perf_user_13182,perf123456
perf_user_13183,perf123456
perf_user_13184,perf123456
perf_user_13185,perf123456
perf_user_13186,perf123456
perf_user_13187,perf123456
perf_user_13188,perf123456
perf_user_13189,perf123456
perf_user_13190,perf123456
perf_user_13191,perf123456
perf_user_13192,perf123456
perf_user_13193,perf123456
perf_user_13194,perf123456
perf_user_13195,perf123456
perf_user_13196,perf123456
perf_user_13197,perf123456
perf_user_13198,perf123456
perf_user_13199,perf123456
perf_user_13200,perf123456
perf_user_13201,perf123456
perf_user_13202,perf123456
perf_user_13203,perf123456
perf_user_13204,perf123456
perf_user_13205,perf123456
perf_user_13206,perf123456
perf_user_13207,perf123456
perf_user_13208,perf123456
perf_user_13209,perf123456
perf_user_13210,perf123456
perf_user_13211,perf123456
perf_user_13212,perf123456
perf_user_13213,perf123456
perf_user_13214,perf123456
perf_user_13215,perf123456
perf_user_13216,perf123456
perf_user_13217,perf123456
perf_user_13218,perf123456
perf_user_13219,perf123456
perf_user_13220,perf123456
perf_user_13221,perf123456
perf_user_13222,perf123456
perf_user_13223,perf123456
perf_user_13224,perf123456
perf_user_13225,perf123456
perf_user_13226,perf123456
perf_user_13227,perf123456
perf_user_13228,perf123456
perf_user_13229,perf123456
perf_user_13230,perf123456
perf_user_13231,perf123456
perf_user_13232,perf123456
perf_user_13233,perf123456
perf_user_13234,perf123456
perf_user_13235,perf123456
perf_user_13236,perf123456
perf_user_13237,perf123456
perf_user_13238,perf123456
perf_user_13239,perf123456
perf_user_13240,perf123456
perf_user_13241,perf123456
perf_user_13242,perf123456
perf_user_13243,perf123456
perf_user_13244,perf123456
perf_user_13245,perf123456
perf_user_13246,perf123456
perf_user_13247,perf123456
perf_user_13248,perf123456
perf_user_13249,perf123456
perf_user_13250,perf123456
perf_user_13251,perf123456
perf_user_13252,perf123456
perf_user_13253,perf123456
perf_user_13254,perf123456
perf_user_13255,perf123456
perf_user_13256,perf123456
perf_user_13257,perf123456
perf_user_13258,perf123456
perf_user_13259,perf123456
perf_user_13260,perf123456
perf_user_13261,perf123456
perf_user_13262,perf123456
perf_user_13263,perf123456
perf_user_13264,perf123456
perf_user_13265,perf123456
perf_user_13266,perf123456
perf_user_13267,perf123456
perf_user_13268,perf123456
perf_user_13269,perf123456
perf_user_13270,perf123456
perf_user_13271,perf123456
perf_user_13272,perf123456
perf_user_13273,perf123456
perf_user_13274,perf123456
perf_user_13275,perf123456
perf_user_13276,perf123456
perf_user_13277,perf123456
perf_user_13278,perf123456
perf_user_13279,perf123456
perf_user_13280,perf123456
perf_user_13281,perf123456
perf_user_13282,perf123456
perf_user_13283,perf123456
perf_user_13284,perf123456
perf_user_13285,perf123456
perf_user_13286,perf123456
perf_user_13287,perf123456
perf_user_13288,perf123456
perf_user_13289,perf123456
perf_user_13290,perf123456
perf_user_13291,perf123456
perf_user_13292,perf123456
perf_user_13293,perf123456
perf_user_13294,perf123456
perf_user_13295,perf123456
perf_user_13296,perf123456
perf_user_13297,perf123456
perf_user_13298,perf123456
perf_user_13299,perf123456
perf_user_13300,perf123456
perf_user_13301,perf123456
perf_user_13302,perf123456
perf_user_13303,perf123456
perf_user_13304,perf123456
perf_user_13305,perf123456
perf_user_13306,perf123456
perf_user_13307,perf123456
perf_user_13308,perf123456
perf_user_13309,perf123456
perf_user_13310,perf123456
perf_user_13311,perf123456
perf_user_13312,perf123456
perf_user_13313,perf123456
perf_user_13314,perf123456
perf_user_13315,perf123456
perf_user_13316,perf123456
perf_user_13317,perf123456
perf_user_13318,perf123456
perf_user_13319,perf123456
perf_user_13320,perf123456
perf_user_13321,perf123456
perf_user_13322,perf123456
perf_user_13323,perf123456
perf_user_13324,perf123456
perf_user_13325,perf123456
perf_user_13326,perf123456
perf_user_13327,perf123456
perf_user_13328,perf123456
perf_user_13329,perf123456
perf_user_13330,perf123456
perf_user_13331,perf123456
perf_user_13332,perf123456
perf_user_13333,perf123456
perf_user_13334,perf123456
perf_user_13335,perf123456
perf_user_13336,perf123456
perf_user_13337,perf123456
perf_user_13338,perf123456
perf_user_13339,perf123456
perf_user_13340,perf123456
perf_user_13341,perf123456
perf_user_13342,perf123456
perf_user_13343,perf123456
perf_user_13344,perf123456
perf_user_13345,perf123456
perf_user_13346,perf123456
perf_user_13347,perf123456
perf_user_13348,perf123456
perf_user_13349,perf123456
perf_user_13350,perf123456
perf_user_13351,perf123456
perf_user_13352,perf123456
perf_user_13353,perf123456
perf_user_13354,perf123456
perf_user_13355,perf123456
perf_user_13356,perf123456
perf_user_13357,perf123456
perf_user_13358,perf123456
perf_user_13359,perf123456
perf_user_13360,perf123456
perf_user_13361,perf123456
perf_user_13362,perf123456
perf_user_13363,perf123456
perf_user_13364,perf123456
perf_user_13365,perf123456
perf_user_13366,perf123456
perf_user_13367,perf123456
perf_user_13368,perf123456
perf_user_13369,perf123456
perf_user_13370,perf123456
perf_user_13371,perf123456
perf_user_13372,perf123456
perf_user_13373,perf123456
perf_user_13374,perf123456
perf_user_13375,perf123456
perf_user_13376,perf123456
perf_user_13377,perf123456
perf_user_13378,perf123456
perf_user_13379,perf123456
perf_user_13380,perf123456
perf_user_13381,perf123456
perf_user_13382,perf123456
perf_user_13383,perf123456
perf_user_13384,perf123456
perf_user_13385,perf123456
perf_user_13386,perf123456
perf_user_13387,perf123456
perf_user_13388,perf123456
perf_user_13389,perf123456
perf_user_13390,perf123456
perf_user_13391,perf123456
perf_user_13392,perf123456
perf_user_13393,perf123456
perf_user_13394,perf123456
perf_user_13395,perf123456
perf_user_13396,perf123456
perf_user_13397,perf123456
perf_user_13398,perf123456
perf_user_13399,perf123456
perf_user_13400,perf123456
perf_user_13401,perf123456
perf_user_13402,perf123456
perf_user_13403,perf123456
perf_user_13404,perf123456
perf_user_13405,perf123456
perf_user_13406,perf123456
perf_user_13407,perf123456
perf_user_13408,perf123456
perf_user_13409,perf123456
perf_user_13410,perf123456
perf_user_13411,perf123456
perf_user_13412,perf123456
perf_user_13413,perf123456
perf_user_13414,perf123456
perf_user_13415,perf123456
perf_user_13416,perf123456
perf_user_13417,perf123456
perf_user_13418,perf123456
perf_user_13419,perf123456
perf_user_13420,perf123456
perf_user_13421,perf123456
perf_user_13422,perf123456
perf_user_13423,perf123456
perf_user_13424,perf123456
perf_user_13425,perf123456
perf_user_13426,perf123456
perf_user_13427,perf123456
perf_user_13428,perf123456
perf_user_13429,perf123456
perf_user_13430,perf123456
perf_user_13431,perf123456
perf_user_13432,perf123456
perf_user_13433,perf123456
perf_user_13434,perf123456
perf_user_13435,perf123456
perf_user_13436,perf123456
perf_user_13437,perf123456
perf_user_13438,perf123456
perf_user_13439,perf123456
perf_user_13440,perf123456
perf_user_13441,perf123456
perf_user_13442,perf123456
perf_user_13443,perf123456
perf_user_13444,perf123456
perf_user_13445,perf123456
perf_user_13446,perf123456
perf_user_13447,perf123456
perf_user_13448,perf123456
perf_user_13449,perf123456
perf_user_13450,perf123456
perf_user_13451,perf123456
perf_user_13452,perf123456
perf_user_13453,perf123456
perf_user_13454,perf123456
perf_user_13455,perf123456
perf_user_13456,perf123456
perf_user_13457,perf123456
perf_user_13458,perf123456
perf_user_13459,perf123456
perf_user_13460,perf123456
perf_user_13461,perf123456
perf_user_13462,perf123456
perf_user_13463,perf123456
perf_user_13464,perf123456
perf_user_13465,perf123456
perf_user_13466,perf123456
perf_user_13467,perf123456
perf_user_13468,perf123456
perf_user_13469,perf123456
perf_user_13470,perf123456
perf_user_13471,perf123456
perf_user_13472,perf123456
perf_user_13473,perf123456
perf_user_13474,perf123456
perf_user_13475,perf123456
perf_user_13476,perf123456
perf_user_13477,perf123456
perf_user_13478,perf123456
perf_user_13479,perf123456
perf_user_13480,perf123456
perf_user_13481,perf123456
perf_user_13482,perf123456
perf_user_13483,perf123456
perf_user_13484,perf123456
perf_user_13485,perf123456
perf_user_13486,perf123456
perf_user_13487,perf123456
perf_user_13488,perf123456
perf_user_13489,perf123456
perf_user_13490,perf123456
perf_user_13491,perf123456
perf_user_13492,perf123456
perf_user_13493,perf123456
perf_user_13494,perf123456
perf_user_13495,perf123456
perf_user_13496,perf123456
perf_user_13497,perf123456
perf_user_13498,perf123456
perf_user_13499,perf123456
perf_user_13500,perf123456
perf_user_13501,perf123456
perf_user_13502,perf123456
perf_user_13503,perf123456
perf_user_13504,perf123456
perf_user_13505,perf123456
perf_user_13506,perf123456
perf_user_13507,perf123456
perf_user_13508,perf123456
perf_user_13509,perf123456
perf_user_13510,perf123456
perf_user_13511,perf123456
perf_user_13512,perf123456
perf_user_13513,perf123456
perf_user_13514,perf123456
perf_user_13515,perf123456
perf_user_13516,perf123456
perf_user_13517,perf123456
perf_user_13518,perf123456
perf_user_13519,perf123456
perf_user_13520,perf123456
perf_user_13521,perf123456
perf_user_13522,perf123456
perf_user_13523,perf123456
perf_user_13524,perf123456
perf_user_13525,perf123456
perf_user_13526,perf123456
perf_user_13527,perf123456
perf_user_13528,perf123456
perf_user_13529,perf123456
perf_user_13530,perf123456
perf_user_13531,perf123456
perf_user_13532,perf123456
perf_user_13533,perf123456
perf_user_13534,perf123456
perf_user_13535,perf123456
perf_user_13536,perf123456
perf_user_13537,perf123456
perf_user_13538,perf123456
perf_user_13539,perf123456
perf_user_13540,perf123456
perf_user_13541,perf123456
perf_user_13542,perf123456
perf_user_13543,perf123456
perf_user_13544,perf123456
perf_user_13545,perf123456
perf_user_13546,perf123456
perf_user_13547,perf123456
perf_user_13548,perf123456
perf_user_13549,perf123456
perf_user_13550,perf123456
perf_user_13551,perf123456
perf_user_13552,perf123456
perf_user_13553,perf123456
perf_user_13554,perf123456
perf_user_13555,perf123456
perf_user_13556,perf123456
perf_user_13557,perf123456
perf_user_13558,perf123456
perf_user_13559,perf123456
perf_user_13560,perf123456
perf_user_13561,perf123456
perf_user_13562,perf123456
perf_user_13563,perf123456
perf_user_13564,perf123456
perf_user_13565,perf123456
perf_user_13566,perf123456
perf_user_13567,perf123456
perf_user_13568,perf123456
perf_user_13569,perf123456
perf_user_13570,perf123456
perf_user_13571,perf123456
perf_user_13572,perf123456
perf_user_13573,perf123456
perf_user_13574,perf123456
perf_user_13575,perf123456
perf_user_13576,perf123456
perf_user_13577,perf123456
perf_user_13578,perf123456
perf_user_13579,perf123456
perf_user_13580,perf123456
perf_user_13581,perf123456
perf_user_13582,perf123456
perf_user_13583,perf123456
perf_user_13584,perf123456
perf_user_13585,perf123456
perf_user_13586,perf123456
perf_user_13587,perf123456
perf_user_13588,perf123456
perf_user_13589,perf123456
perf_user_13590,perf123456
perf_user_13591,perf123456
perf_user_13592,perf123456
perf_user_13593,perf123456
perf_user_13594,perf123456
perf_user_13595,perf123456
perf_user_13596,perf123456
perf_user_13597,perf123456
perf_user_13598,perf123456
perf_user_13599,perf123456
perf_user_13600,perf123456
perf_user_13601,perf123456
perf_user_13602,perf123456
perf_user_13603,perf123456
perf_user_13604,perf123456
perf_user_13605,perf123456
perf_user_13606,perf123456
perf_user_13607,perf123456
perf_user_13608,perf123456
perf_user_13609,perf123456
perf_user_13610,perf123456
perf_user_13611,perf123456
perf_user_13612,perf123456
perf_user_13613,perf123456
perf_user_13614,perf123456
perf_user_13615,perf123456
perf_user_13616,perf123456
perf_user_13617,perf123456
perf_user_13618,perf123456
perf_user_13619,perf123456
perf_user_13620,perf123456
perf_user_13621,perf123456
perf_user_13622,perf123456
perf_user_13623,perf123456
perf_user_13624,perf123456
perf_user_13625,perf123456
perf_user_13626,perf123456
perf_user_13627,perf123456
perf_user_13628,perf123456
perf_user_13629,perf123456
perf_user_13630,perf123456
perf_user_13631,perf123456
perf_user_13632,perf123456
perf_user_13633,perf123456
perf_user_13634,perf123456
perf_user_13635,perf123456
perf_user_13636,perf123456
perf_user_13637,perf123456
perf_user_13638,perf123456
perf_user_13639,perf123456
perf_user_13640,perf123456
perf_user_13641,perf123456
perf_user_13642,perf123456
perf_user_13643,perf123456
perf_user_13644,perf123456
perf_user_13645,perf123456
perf_user_13646,perf123456
perf_user_13647,perf123456
perf_user_13648,perf123456
perf_user_13649,perf123456
perf_user_13650,perf123456
perf_user_13651,perf123456
perf_user_13652,perf123456
perf_user_13653,perf123456
perf_user_13654,perf123456
perf_user_13655,perf123456
perf_user_13656,perf123456
perf_user_13657,perf123456
perf_user_13658,perf123456
perf_user_13659,perf123456
perf_user_13660,perf123456
perf_user_13661,perf123456
perf_user_13662,perf123456
perf_user_13663,perf123456
perf_user_13664,perf123456
perf_user_13665,perf123456
perf_user_13666,perf123456
perf_user_13667,perf123456
perf_user_13668,perf123456
perf_user_13669,perf123456
perf_user_13670,perf123456
perf_user_13671,perf123456
perf_user_13672,perf123456
perf_user_13673,perf123456
perf_user_13674,perf123456
perf_user_13675,perf123456
perf_user_13676,perf123456
perf_user_13677,perf123456
perf_user_13678,perf123456
perf_user_13679,perf123456
perf_user_13680,perf123456
perf_user_13681,perf123456
perf_user_13682,perf123456
perf_user_13683,perf123456
perf_user_13684,perf123456
perf_user_13685,perf123456
perf_user_13686,perf123456
perf_user_13687,perf123456
perf_user_13688,perf123456
perf_user_13689,perf123456
perf_user_13690,perf123456
perf_user_13691,perf123456
perf_user_13692,perf123456
perf_user_13693,perf123456
perf_user_13694,perf123456
perf_user_13695,perf123456
perf_user_13696,perf123456
perf_user_13697,perf123456
perf_user_13698,perf123456
perf_user_13699,perf123456
perf_user_13700,perf123456
perf_user_13701,perf123456
perf_user_13702,perf123456
perf_user_13703,perf123456
perf_user_13704,perf123456
perf_user_13705,perf123456
perf_user_13706,perf123456
perf_user_13707,perf123456
perf_user_13708,perf123456
perf_user_13709,perf123456
perf_user_13710,perf123456
perf_user_13711,perf123456
perf_user_13712,perf123456
perf_user_13713,perf123456
perf_user_13714,perf123456
perf_user_13715,perf123456
perf_user_13716,perf123456
perf_user_13717,perf123456
perf_user_13718,perf123456
perf_user_13719,perf123456
perf_user_13720,perf123456
perf_user_13721,perf123456
perf_user_13722,perf123456
perf_user_13723,perf123456
perf_user_13724,perf123456
perf_user_13725,perf123456
perf_user_13726,perf123456
perf_user_13727,perf123456
perf_user_13728,perf123456
perf_user_13729,perf123456
perf_user_13730,perf123456
perf_user_13731,perf123456
perf_user_13732,perf123456
perf_user_13733,perf123456
perf_user_13734,perf123456
perf_user_13735,perf123456
perf_user_13736,perf123456
perf_user_13737,perf123456
perf_user_13738,perf123456
perf_user_13739,perf123456
perf_user_13740,perf123456
perf_user_13741,perf123456
perf_user_13742,perf123456
perf_user_13743,perf123456
perf_user_13744,perf123456
perf_user_13745,perf123456
perf_user_13746,perf123456
perf_user_13747,perf123456
perf_user_13748,perf123456
perf_user_13749,perf123456
perf_user_13750,perf123456
perf_user_13751,perf123456
perf_user_13752,perf123456
perf_user_13753,perf123456
perf_user_13754,perf123456
perf_user_13755,perf123456
perf_user_13756,perf123456
perf_user_13757,perf123456
perf_user_13758,perf123456
perf_user_13759,perf123456
perf_user_13760,perf123456
perf_user_13761,perf123456
perf_user_13762,perf123456
perf_user_13763,perf123456
perf_user_13764,perf123456
perf_user_13765,perf123456
perf_user_13766,perf123456
perf_user_13767,perf123456
perf_user_13768,perf123456
perf_user_13769,perf123456
perf_user_13770,perf123456
perf_user_13771,perf123456
perf_user_13772,perf123456
perf_user_13773,perf123456
perf_user_13774,perf123456
perf_user_13775,perf123456
perf_user_13776,perf123456
perf_user_13777,perf123456
perf_user_13778,perf123456
perf_user_13779,perf123456
perf_user_13780,perf123456
perf_user_13781,perf123456
perf_user_13782,perf123456
perf_user_13783,perf123456
perf_user_13784,perf123456
perf_user_13785,perf123456
perf_user_13786,perf123456
perf_user_13787,perf123456
perf_user_13788,perf123456
perf_user_13789,perf123456
perf_user_13790,perf123456
perf_user_13791,perf123456
perf_user_13792,perf123456
perf_user_13793,perf123456
perf_user_13794,perf123456
perf_user_13795,perf123456
perf_user_13796,perf123456
perf_user_13797,perf123456
perf_user_13798,perf123456
perf_user_13799,perf123456
perf_user_13800,perf123456
perf_user_13801,perf123456
perf_user_13802,perf123456
perf_user_13803,perf123456
perf_user_13804,perf123456
perf_user_13805,perf123456
perf_user_13806,perf123456
perf_user_13807,perf123456
perf_user_13808,perf123456
perf_user_13809,perf123456
perf_user_13810,perf123456
perf_user_13811,perf123456
perf_user_13812,perf123456
perf_user_13813,perf123456
perf_user_13814,perf123456
perf_user_13815,perf123456
perf_user_13816,perf123456
perf_user_13817,perf123456
perf_user_13818,perf123456
perf_user_13819,perf123456
perf_user_13820,perf123456
perf_user_13821,perf123456
perf_user_13822,perf123456
perf_user_13823,perf123456
perf_user_13824,perf123456
perf_user_13825,perf123456
perf_user_13826,perf123456
perf_user_13827,perf123456
perf_user_13828,perf123456
perf_user_13829,perf123456
perf_user_13830,perf123456
perf_user_13831,perf123456
perf_user_13832,perf123456
perf_user_13833,perf123456
perf_user_13834,perf123456
perf_user_13835,perf123456
perf_user_13836,perf123456
perf_user_13837,perf123456
perf_user_13838,perf123456
perf_user_13839,perf123456
perf_user_13840,perf123456
perf_user_13841,perf123456
perf_user_13842,perf123456
perf_user_13843,perf123456
perf_user_13844,perf123456
perf_user_13845,perf123456
perf_user_13846,perf123456
perf_user_13847,perf123456
perf_user_13848,perf123456
perf_user_13849,perf123456
perf_user_13850,perf123456
perf_user_13851,perf123456
perf_user_13852,perf123456
perf_user_13853,perf123456
perf_user_13854,perf123456
perf_user_13855,perf123456
perf_user_13856,perf123456
perf_user_13857,perf123456
perf_user_13858,perf123456
perf_user_13859,perf123456
perf_user_13860,perf123456
perf_user_13861,perf123456
perf_user_13862,perf123456
perf_user_13863,perf123456
perf_user_13864,perf123456
perf_user_13865,perf123456
perf_user_13866,perf123456
perf_user_13867,perf123456
perf_user_13868,perf123456
perf_user_13869,perf123456
perf_user_13870,perf123456
perf_user_13871,perf123456
perf_user_13872,perf123456
perf_user_13873,perf123456
perf_user_13874,perf123456
perf_user_13875,perf123456
perf_user_13876,perf123456
perf_user_13877,perf123456
perf_user_13878,perf123456
perf_user_13879,perf123456
perf_user_13880,perf123456
perf_user_13881,perf123456
perf_user_13882,perf123456
perf_user_13883,perf123456
perf_user_13884,perf123456
perf_user_13885,perf123456
perf_user_13886,perf123456
perf_user_13887,perf123456
perf_user_13888,perf123456
perf_user_13889,perf123456
perf_user_13890,perf123456
perf_user_13891,perf123456
perf_user_13892,perf123456
perf_user_13893,perf123456
perf_user_13894,perf123456
perf_user_13895,perf123456
perf_user_13896,perf123456
perf_user_13897,perf123456
perf_user_13898,perf123456
perf_user_13899,perf123456
perf_user_13900,perf123456
perf_user_13901,perf123456
perf_user_13902,perf123456
perf_user_13903,perf123456
perf_user_13904,perf123456
perf_user_13905,perf123456
perf_user_13906,perf123456
perf_user_13907,perf123456
perf_user_13908,perf123456
perf_user_13909,perf123456
perf_user_13910,perf123456
perf_user_13911,perf123456
perf_user_13912,perf123456
perf_user_13913,perf123456
perf_user_13914,perf123456
perf_user_13915,perf123456
perf_user_13916,perf123456
perf_user_13917,perf123456
perf_user_13918,perf123456
perf_user_13919,perf123456
perf_user_13920,perf123456
perf_user_13921,perf123456
perf_user_13922,perf123456
perf_user_13923,perf123456
perf_user_13924,perf123456
perf_user_13925,perf123456
perf_user_13926,perf123456
perf_user_13927,perf123456
perf_user_13928,perf123456
perf_user_13929,perf123456
perf_user_13930,perf123456
perf_user_13931,perf123456
perf_user_13932,perf123456
perf_user_13933,perf123456
perf_user_13934,perf123456
perf_user_13935,perf123456
perf_user_13936,perf123456
perf_user_13937,perf123456
perf_user_13938,perf123456
perf_user_13939,perf123456
perf_user_13940,perf123456
perf_user_13941,perf123456
perf_user_13942,perf123456
perf_user_13943,perf123456
perf_user_13944,perf123456
perf_user_13945,perf123456
perf_user_13946,perf123456
perf_user_13947,perf123456
perf_user_13948,perf123456
perf_user_13949,perf123456
perf_user_13950,perf123456
perf_user_13951,perf123456
perf_user_13952,perf123456
perf_user_13953,perf123456
perf_user_13954,perf123456
perf_user_13955,perf123456
perf_user_13956,perf123456
perf_user_13957,perf123456
perf_user_13958,perf123456
perf_user_13959,perf123456
perf_user_13960,perf123456
perf_user_13961,perf123456
perf_user_13962,perf123456
perf_user_13963,perf123456
perf_user_13964,perf123456
perf_user_13965,perf123456
perf_user_13966,perf123456
perf_user_13967,perf123456
perf_user_13968,perf123456
perf_user_13969,perf123456
perf_user_13970,perf123456
perf_user_13971,perf123456
perf_user_13972,perf123456
perf_user_13973,perf123456
perf_user_13974,perf123456
perf_user_13975,perf123456
perf_user_13976,perf123456
perf_user_13977,perf123456
perf_user_13978,perf123456
perf_user_13979,perf123456
perf_user_13980,perf123456
perf_user_13981,perf123456
perf_user_13982,perf123456
perf_user_13983,perf123456
perf_user_13984,perf123456
perf_user_13985,perf123456
perf_user_13986,perf123456
perf_user_13987,perf123456
perf_user_13988,perf123456
perf_user_13989,perf123456
perf_user_13990,perf123456
perf_user_13991,perf123456
perf_user_13992,perf123456
perf_user_13993,perf123456
perf_user_13994,perf123456
perf_user_13995,perf123456
perf_user_13996,perf123456
perf_user_13997,perf123456
perf_user_13998,perf123456
perf_user_13999,perf123456
perf_user_14000,perf123456
perf_user_14001,perf123456
perf_user_14002,perf123456
perf_user_14003,perf123456
perf_user_14004,perf123456
perf_user_14005,perf123456
perf_user_14006,perf123456
perf_user_14007,perf123456
perf_user_14008,perf123456
perf_user_14009,perf123456
perf_user_14010,perf123456
perf_user_14011,perf123456
perf_user_14012,perf123456
perf_user_14013,perf123456
perf_user_14014,perf123456
perf_user_14015,perf123456
perf_user_14016,perf123456
perf_user_14017,perf123456
perf_user_14018,perf123456
perf_user_14019,perf123456
perf_user_14020,perf123456
perf_user_14021,perf123456
perf_user_14022,perf123456
perf_user_14023,perf123456
perf_user_14024,perf123456
perf_user_14025,perf123456
perf_user_14026,perf123456
perf_user_14027,perf123456
perf_user_14028,perf123456
perf_user_14029,perf123456
perf_user_14030,perf123456
perf_user_14031,perf123456
perf_user_14032,perf123456
perf_user_14033,perf123456
perf_user_14034,perf123456
perf_user_14035,perf123456
perf_user_14036,perf123456
perf_user_14037,perf123456
perf_user_14038,perf123456
perf_user_14039,perf123456
perf_user_14040,perf123456
perf_user_14041,perf123456
perf_user_14042,perf123456
perf_user_14043,perf123456
perf_user_14044,perf123456
perf_user_14045,perf123456
perf_user_14046,perf123456
perf_user_14047,perf123456
perf_user_14048,perf123456
perf_user_14049,perf123456
perf_user_14050,perf123456
perf_user_14051,perf123456
perf_user_14052,perf123456
perf_user_14053,perf123456
perf_user_14054,perf123456
perf_user_14055,perf123456
perf_user_14056,perf123456
perf_user_14057,perf123456
perf_user_14058,perf123456
perf_user_14059,perf123456
perf_user_14060,perf123456
perf_user_14061,perf123456
perf_user_14062,perf123456
perf_user_14063,perf123456
perf_user_14064,perf123456
perf_user_14065,perf123456
perf_user_14066,perf123456
perf_user_14067,perf123456
perf_user_14068,perf123456
perf_user_14069,perf123456
perf_user_14070,perf123456
perf_user_14071,perf123456
perf_user_14072,perf123456
perf_user_14073,perf123456
perf_user_14074,perf123456
perf_user_14075,perf123456
perf_user_14076,perf123456
perf_user_14077,perf123456
perf_user_14078,perf123456
perf_user_14079,perf123456
perf_user_14080,perf123456
perf_user_14081,perf123456
perf_user_14082,perf123456
perf_user_14083,perf123456
perf_user_14084,perf123456
perf_user_14085,perf123456
perf_user_14086,perf123456
perf_user_14087,perf123456
perf_user_14088,perf123456
perf_user_14089,perf123456
perf_user_14090,perf123456
perf_user_14091,perf123456
perf_user_14092,perf123456
perf_user_14093,perf123456
perf_user_14094,perf123456
perf_user_14095,perf123456
perf_user_14096,perf123456
perf_user_14097,perf123456
perf_user_14098,perf123456
perf_user_14099,perf123456
perf_user_14100,perf123456
perf_user_14101,perf123456
perf_user_14102,perf123456
perf_user_14103,perf123456
perf_user_14104,perf123456
perf_user_14105,perf123456
perf_user_14106,perf123456
perf_user_14107,perf123456
perf_user_14108,perf123456
perf_user_14109,perf123456
perf_user_14110,perf123456
perf_user_14111,perf123456
perf_user_14112,perf123456
perf_user_14113,perf123456
perf_user_14114,perf123456
perf_user_14115,perf123456
perf_user_14116,perf123456
perf_user_14117,perf123456
perf_user_14118,perf123456
perf_user_14119,perf123456
perf_user_14120,perf123456
perf_user_14121,perf123456
perf_user_14122,perf123456
perf_user_14123,perf123456
perf_user_14124,perf123456
perf_user_14125,perf123456
perf_user_14126,perf123456
perf_user_14127,perf123456
perf_user_14128,perf123456
perf_user_14129,perf123456
perf_user_14130,perf123456
perf_user_14131,perf123456
perf_user_14132,perf123456
perf_user_14133,perf123456
perf_user_14134,perf123456
perf_user_14135,perf123456
perf_user_14136,perf123456
perf_user_14137,perf123456
perf_user_14138,perf123456
perf_user_14139,perf123456
perf_user_14140,perf123456
perf_user_14141,perf123456
perf_user_14142,perf123456
perf_user_14143,perf123456
perf_user_14144,perf123456
perf_user_14145,perf123456
perf_user_14146,perf123456
perf_user_14147,perf123456
perf_user_14148,perf123456
perf_user_14149,perf123456
perf_user_14150,perf123456
perf_user_14151,perf123456
perf_user_14152,perf123456
perf_user_14153,perf123456
perf_user_14154,perf123456
perf_user_14155,perf123456
perf_user_14156,perf123456
perf_user_14157,perf123456
perf_user_14158,perf123456
perf_user_14159,perf123456
perf_user_14160,perf123456
perf_user_14161,perf123456
perf_user_14162,perf123456
perf_user_14163,perf123456
perf_user_14164,perf123456
perf_user_14165,perf123456
perf_user_14166,perf123456
perf_user_14167,perf123456
perf_user_14168,perf123456
perf_user_14169,perf123456
perf_user_14170,perf123456
perf_user_14171,perf123456
perf_user_14172,perf123456
perf_user_14173,perf123456
perf_user_14174,perf123456
perf_user_14175,perf123456
perf_user_14176,perf123456
perf_user_14177,perf123456
perf_user_14178,perf123456
perf_user_14179,perf123456
perf_user_14180,perf123456
perf_user_14181,perf123456
perf_user_14182,perf123456
perf_user_14183,perf123456
perf_user_14184,perf123456
perf_user_14185,perf123456
perf_user_14186,perf123456
perf_user_14187,perf123456
perf_user_14188,perf123456
perf_user_14189,perf123456
perf_user_14190,perf123456
perf_user_14191,perf123456
perf_user_14192,perf123456
perf_user_14193,perf123456
perf_user_14194,perf123456
perf_user_14195,perf123456
perf_user_14196,perf123456
perf_user_14197,perf123456
perf_user_14198,perf123456
perf_user_14199,perf123456
perf_user_14200,perf123456
perf_user_14201,perf123456
perf_user_14202,perf123456
perf_user_14203,perf123456
perf_user_14204,perf123456
perf_user_14205,perf123456
perf_user_14206,perf123456
perf_user_14207,perf123456
perf_user_14208,perf123456
perf_user_14209,perf123456
perf_user_14210,perf123456
perf_user_14211,perf123456
perf_user_14212,perf123456
perf_user_14213,perf123456
perf_user_14214,perf123456
perf_user_14215,perf123456
perf_user_14216,perf123456
perf_user_14217,perf123456
perf_user_14218,perf123456
perf_user_14219,perf123456
perf_user_14220,perf123456
perf_user_14221,perf123456
perf_user_14222,perf123456
perf_user_14223,perf123456
perf_user_14224,perf123456
perf_user_14225,perf123456
perf_user_14226,perf123456
perf_user_14227,perf123456
perf_user_14228,perf123456
perf_user_14229,perf123456
perf_user_14230,perf123456
perf_user_14231,perf123456
perf_user_14232,perf123456
perf_user_14233,perf123456
perf_user_14234,perf123456
perf_user_14235,perf123456
perf_user_14236,perf123456
perf_user_14237,perf123456
perf_user_14238,perf123456
perf_user_14239,perf123456
perf_user_14240,perf123456
perf_user_14241,perf123456
perf_user_14242,perf123456
perf_user_14243,perf123456
perf_user_14244,perf123456
perf_user_14245,perf123456
perf_user_14246,perf123456
perf_user_14247,perf123456
perf_user_14248,perf123456
perf_user_14249,perf123456
perf_user_14250,perf123456
perf_user_14251,perf123456
perf_user_14252,perf123456
perf_user_14253,perf123456
perf_user_14254,perf123456
perf_user_14255,perf123456
perf_user_14256,perf123456
perf_user_14257,perf123456
perf_user_14258,perf123456
perf_user_14259,perf123456
perf_user_14260,perf123456
perf_user_14261,perf123456
perf_user_14262,perf123456
perf_user_14263,perf123456
perf_user_14264,perf123456
perf_user_14265,perf123456
perf_user_14266,perf123456
perf_user_14267,perf123456
perf_user_14268,perf123456
perf_user_14269,perf123456
perf_user_14270,perf123456
perf_user_14271,perf123456
perf_user_14272,perf123456
perf_user_14273,perf123456
perf_user_14274,perf123456
perf_user_14275,perf123456
perf_user_14276,perf123456
perf_user_14277,perf123456
perf_user_14278,perf123456
perf_user_14279,perf123456
perf_user_14280,perf123456
perf_user_14281,perf123456
perf_user_14282,perf123456
perf_user_14283,perf123456
perf_user_14284,perf123456
perf_user_14285,perf123456
perf_user_14286,perf123456
perf_user_14287,perf123456
perf_user_14288,perf123456
perf_user_14289,perf123456
perf_user_14290,perf123456
perf_user_14291,perf123456
perf_user_14292,perf123456
perf_user_14293,perf123456
perf_user_14294,perf123456
perf_user_14295,perf123456
perf_user_14296,perf123456
perf_user_14297,perf123456
perf_user_14298,perf123456
perf_user_14299,perf123456
perf_user_14300,perf123456
perf_user_14301,perf123456
perf_user_14302,perf123456
perf_user_14303,perf123456
perf_user_14304,perf123456
perf_user_14305,perf123456
perf_user_14306,perf123456
perf_user_14307,perf123456
perf_user_14308,perf123456
perf_user_14309,perf123456
perf_user_14310,perf123456
perf_user_14311,perf123456
perf_user_14312,perf123456
perf_user_14313,perf123456
perf_user_14314,perf123456
perf_user_14315,perf123456
perf_user_14316,perf123456
perf_user_14317,perf123456
perf_user_14318,perf123456
perf_user_14319,perf123456
perf_user_14320,perf123456
perf_user_14321,perf123456
perf_user_14322,perf123456
perf_user_14323,perf123456
perf_user_14324,perf123456
perf_user_14325,perf123456
perf_user_14326,perf123456
perf_user_14327,perf123456
perf_user_14328,perf123456
perf_user_14329,perf123456
perf_user_14330,perf123456
perf_user_14331,perf123456
perf_user_14332,perf123456
perf_user_14333,perf123456
perf_user_14334,perf123456
perf_user_14335,perf123456
perf_user_14336,perf123456
perf_user_14337,perf123456
perf_user_14338,perf123456
perf_user_14339,perf123456
perf_user_14340,perf123456
perf_user_14341,perf123456
perf_user_14342,perf123456
perf_user_14343,perf123456
perf_user_14344,perf123456
perf_user_14345,perf123456
perf_user_14346,perf123456
perf_user_14347,perf123456
perf_user_14348,perf123456
perf_user_14349,perf123456
perf_user_14350,perf123456
perf_user_14351,perf123456
perf_user_14352,perf123456
perf_user_14353,perf123456
perf_user_14354,perf123456
perf_user_14355,perf123456
perf_user_14356,perf123456
perf_user_14357,perf123456
perf_user_14358,perf123456
perf_user_14359,perf123456
perf_user_14360,perf123456
perf_user_14361,perf123456
perf_user_14362,perf123456
perf_user_14363,perf123456
perf_user_14364,perf123456
perf_user_14365,perf123456
perf_user_14366,perf123456
perf_user_14367,perf123456
perf_user_14368,perf123456
perf_user_14369,perf123456
perf_user_14370,perf123456
perf_user_14371,perf123456
perf_user_14372,perf123456
perf_user_14373,perf123456
perf_user_14374,perf123456
perf_user_14375,perf123456
perf_user_14376,perf123456
perf_user_14377,perf123456
perf_user_14378,perf123456
perf_user_14379,perf123456
perf_user_14380,perf123456
perf_user_14381,perf123456
perf_user_14382,perf123456
perf_user_14383,perf123456
perf_user_14384,perf123456
perf_user_14385,perf123456
perf_user_14386,perf123456
perf_user_14387,perf123456
perf_user_14388,perf123456
perf_user_14389,perf123456
perf_user_14390,perf123456
perf_user_14391,perf123456
perf_user_14392,perf123456
perf_user_14393,perf123456
perf_user_14394,perf123456
perf_user_14395,perf123456
perf_user_14396,perf123456
perf_user_14397,perf123456
perf_user_14398,perf123456
perf_user_14399,perf123456
perf_user_14400,perf123456
perf_user_14401,perf123456
perf_user_14402,perf123456
perf_user_14403,perf123456
perf_user_14404,perf123456
perf_user_14405,perf123456
perf_user_14406,perf123456
perf_user_14407,perf123456
perf_user_14408,perf123456
perf_user_14409,perf123456
perf_user_14410,perf123456
perf_user_14411,perf123456
perf_user_14412,perf123456
perf_user_14413,perf123456
perf_user_14414,perf123456
perf_user_14415,perf123456
perf_user_14416,perf123456
perf_user_14417,perf123456
perf_user_14418,perf123456
perf_user_14419,perf123456
perf_user_14420,perf123456
perf_user_14421,perf123456
perf_user_14422,perf123456
perf_user_14423,perf123456
perf_user_14424,perf123456
perf_user_14425,perf123456
perf_user_14426,perf123456
perf_user_14427,perf123456
perf_user_14428,perf123456
perf_user_14429,perf123456
perf_user_14430,perf123456
perf_user_14431,perf123456
perf_user_14432,perf123456
perf_user_14433,perf123456
perf_user_14434,perf123456
perf_user_14435,perf123456
perf_user_14436,perf123456
perf_user_14437,perf123456
perf_user_14438,perf123456
perf_user_14439,perf123456
perf_user_14440,perf123456
perf_user_14441,perf123456
perf_user_14442,perf123456
perf_user_14443,perf123456
perf_user_14444,perf123456
perf_user_14445,perf123456
perf_user_14446,perf123456
perf_user_14447,perf123456
perf_user_14448,perf123456
perf_user_14449,perf123456
perf_user_14450,perf123456
perf_user_14451,perf123456
perf_user_14452,perf123456
perf_user_14453,perf123456
perf_user_14454,perf123456
perf_user_14455,perf123456
perf_user_14456,perf123456
perf_user_14457,perf123456
perf_user_14458,perf123456
perf_user_14459,perf123456
perf_user_14460,perf123456
perf_user_14461,perf123456
perf_user_14462,perf123456
perf_user_14463,perf123456
perf_user_14464,perf123456
perf_user_14465,perf123456
perf_user_14466,perf123456
perf_user_14467,perf123456
perf_user_14468,perf123456
perf_user_14469,perf123456
perf_user_14470,perf123456
perf_user_14471,perf123456
perf_user_14472,perf123456
perf_user_14473,perf123456
perf_user_14474,perf123456
perf_user_14475,perf123456
perf_user_14476,perf123456
perf_user_14477,perf123456
perf_user_14478,perf123456
perf_user_14479,perf123456
perf_user_14480,perf123456
perf_user_14481,perf123456
perf_user_14482,perf123456
perf_user_14483,perf123456
perf_user_14484,perf123456
perf_user_14485,perf123456
perf_user_14486,perf123456
perf_user_14487,perf123456
perf_user_14488,perf123456
perf_user_14489,perf123456
perf_user_14490,perf123456
perf_user_14491,perf123456
perf_user_14492,perf123456
perf_user_14493,perf123456
perf_user_14494,perf123456
perf_user_14495,perf123456
perf_user_14496,perf123456
perf_user_14497,perf123456
perf_user_14498,perf123456
perf_user_14499,perf123456
perf_user_14500,perf123456
perf_user_14501,perf123456
perf_user_14502,perf123456
perf_user_14503,perf123456
perf_user_14504,perf123456
perf_user_14505,perf123456
perf_user_14506,perf123456
perf_user_14507,perf123456
perf_user_14508,perf123456
perf_user_14509,perf123456
perf_user_14510,perf123456
perf_user_14511,perf123456
perf_user_14512,perf123456
perf_user_14513,perf123456
perf_user_14514,perf123456
perf_user_14515,perf123456
perf_user_14516,perf123456
perf_user_14517,perf123456
perf_user_14518,perf123456
perf_user_14519,perf123456
perf_user_14520,perf123456
perf_user_14521,perf123456
perf_user_14522,perf123456
perf_user_14523,perf123456
perf_user_14524,perf123456
perf_user_14525,perf123456
perf_user_14526,perf123456
perf_user_14527,perf123456
perf_user_14528,perf123456
perf_user_14529,perf123456
perf_user_14530,perf123456
perf_user_14531,perf123456
perf_user_14532,perf123456
perf_user_14533,perf123456
perf_user_14534,perf123456
perf_user_14535,perf123456
perf_user_14536,perf123456
perf_user_14537,perf123456
perf_user_14538,perf123456
perf_user_14539,perf123456
perf_user_14540,perf123456
perf_user_14541,perf123456
perf_user_14542,perf123456
perf_user_14543,perf123456
perf_user_14544,perf123456
perf_user_14545,perf123456
perf_user_14546,perf123456
perf_user_14547,perf123456
perf_user_14548,perf123456
perf_user_14549,perf123456
perf_user_14550,perf123456
perf_user_14551,perf123456
perf_user_14552,perf123456
perf_user_14553,perf123456
perf_user_14554,perf123456
perf_user_14555,perf123456
perf_user_14556,perf123456
perf_user_14557,perf123456
perf_user_14558,perf123456
perf_user_14559,perf123456
perf_user_14560,perf123456
perf_user_14561,perf123456
perf_user_14562,perf123456
perf_user_14563,perf123456
perf_user_14564,perf123456
perf_user_14565,perf123456
perf_user_14566,perf123456
perf_user_14567,perf123456
perf_user_14568,perf123456
perf_user_14569,perf123456
perf_user_14570,perf123456
perf_user_14571,perf123456
perf_user_14572,perf123456
perf_user_14573,perf123456
perf_user_14574,perf123456
perf_user_14575,perf123456
perf_user_14576,perf123456
perf_user_14577,perf123456
perf_user_14578,perf123456
perf_user_14579,perf123456
perf_user_14580,perf123456
perf_user_14581,perf123456
perf_user_14582,perf123456
perf_user_14583,perf123456
perf_user_14584,perf123456
perf_user_14585,perf123456
perf_user_14586,perf123456
perf_user_14587,perf123456
perf_user_14588,perf123456
perf_user_14589,perf123456
perf_user_14590,perf123456
perf_user_14591,perf123456
perf_user_14592,perf123456
perf_user_14593,perf123456
perf_user_14594,perf123456
perf_user_14595,perf123456
perf_user_14596,perf123456
perf_user_14597,perf123456
perf_user_14598,perf123456
perf_user_14599,perf123456
perf_user_14600,perf123456
perf_user_14601,perf123456
perf_user_14602,perf123456
perf_user_14603,perf123456
perf_user_14604,perf123456
perf_user_14605,perf123456
perf_user_14606,perf123456
perf_user_14607,perf123456
perf_user_14608,perf123456
perf_user_14609,perf123456
perf_user_14610,perf123456
perf_user_14611,perf123456
perf_user_14612,perf123456
perf_user_14613,perf123456
perf_user_14614,perf123456
perf_user_14615,perf123456
perf_user_14616,perf123456
perf_user_14617,perf123456
perf_user_14618,perf123456
perf_user_14619,perf123456
perf_user_14620,perf123456
perf_user_14621,perf123456
perf_user_14622,perf123456
perf_user_14623,perf123456
perf_user_14624,perf123456
perf_user_14625,perf123456
perf_user_14626,perf123456
perf_user_14627,perf123456
perf_user_14628,perf123456
perf_user_14629,perf123456
perf_user_14630,perf123456
perf_user_14631,perf123456
perf_user_14632,perf123456
perf_user_14633,perf123456
perf_user_14634,perf123456
perf_user_14635,perf123456
perf_user_14636,perf123456
perf_user_14637,perf123456
perf_user_14638,perf123456
perf_user_14639,perf123456
perf_user_14640,perf123456
perf_user_14641,perf123456
perf_user_14642,perf123456
perf_user_14643,perf123456
perf_user_14644,perf123456
perf_user_14645,perf123456
perf_user_14646,perf123456
perf_user_14647,perf123456
perf_user_14648,perf123456
perf_user_14649,perf123456
perf_user_14650,perf123456
perf_user_14651,perf123456
perf_user_14652,perf123456
perf_user_14653,perf123456
perf_user_14654,perf123456
perf_user_14655,perf123456
perf_user_14656,perf123456
perf_user_14657,perf123456
perf_user_14658,perf123456
perf_user_14659,perf123456
perf_user_14660,perf123456
perf_user_14661,perf123456
perf_user_14662,perf123456
perf_user_14663,perf123456
perf_user_14664,perf123456
perf_user_14665,perf123456
perf_user_14666,perf123456
perf_user_14667,perf123456
perf_user_14668,perf123456
perf_user_14669,perf123456
perf_user_14670,perf123456
perf_user_14671,perf123456
perf_user_14672,perf123456
perf_user_14673,perf123456
perf_user_14674,perf123456
perf_user_14675,perf123456
perf_user_14676,perf123456
perf_user_14677,perf123456
perf_user_14678,perf123456
perf_user_14679,perf123456
perf_user_14680,perf123456
perf_user_14681,perf123456
perf_user_14682,perf123456
perf_user_14683,perf123456
perf_user_14684,perf123456
perf_user_14685,perf123456
perf_user_14686,perf123456
perf_user_14687,perf123456
perf_user_14688,perf123456
perf_user_14689,perf123456
perf_user_14690,perf123456
perf_user_14691,perf123456
perf_user_14692,perf123456
perf_user_14693,perf123456
perf_user_14694,perf123456
perf_user_14695,perf123456
perf_user_14696,perf123456
perf_user_14697,perf123456
perf_user_14698,perf123456
perf_user_14699,perf123456
perf_user_14700,perf123456
perf_user_14701,perf123456
perf_user_14702,perf123456
perf_user_14703,perf123456
perf_user_14704,perf123456
perf_user_14705,perf123456
perf_user_14706,perf123456
perf_user_14707,perf123456
perf_user_14708,perf123456
perf_user_14709,perf123456
perf_user_14710,perf123456
perf_user_14711,perf123456
perf_user_14712,perf123456
perf_user_14713,perf123456
perf_user_14714,perf123456
perf_user_14715,perf123456
perf_user_14716,perf123456
perf_user_14717,perf123456
perf_user_14718,perf123456
perf_user_14719,perf123456
perf_user_14720,perf123456
perf_user_14721,perf123456
perf_user_14722,perf123456
perf_user_14723,perf123456
perf_user_14724,perf123456
perf_user_14725,perf123456
perf_user_14726,perf123456
perf_user_14727,perf123456
perf_user_14728,perf123456
perf_user_14729,perf123456
perf_user_14730,perf123456
perf_user_14731,perf123456
perf_user_14732,perf123456
perf_user_14733,perf123456
perf_user_14734,perf123456
perf_user_14735,perf123456
perf_user_14736,perf123456
perf_user_14737,perf123456
perf_user_14738,perf123456
perf_user_14739,perf123456
perf_user_14740,perf123456
perf_user_14741,perf123456
perf_user_14742,perf123456
perf_user_14743,perf123456
perf_user_14744,perf123456
perf_user_14745,perf123456
perf_user_14746,perf123456
perf_user_14747,perf123456
perf_user_14748,perf123456
perf_user_14749,perf123456
perf_user_14750,perf123456
perf_user_14751,perf123456
perf_user_14752,perf123456
perf_user_14753,perf123456
perf_user_14754,perf123456
perf_user_14755,perf123456
perf_user_14756,perf123456
perf_user_14757,perf123456
perf_user_14758,perf123456
perf_user_14759,perf123456
perf_user_14760,perf123456
perf_user_14761,perf123456
perf_user_14762,perf123456
perf_user_14763,perf123456
perf_user_14764,perf123456
perf_user_14765,perf123456
perf_user_14766,perf123456
perf_user_14767,perf123456
perf_user_14768,perf123456
perf_user_14769,perf123456
perf_user_14770,perf123456
perf_user_14771,perf123456
perf_user_14772,perf123456
perf_user_14773,perf123456
perf_user_14774,perf123456
perf_user_14775,perf123456
perf_user_14776,perf123456
perf_user_14777,perf123456
perf_user_14778,perf123456
perf_user_14779,perf123456
perf_user_14780,perf123456
perf_user_14781,perf123456
perf_user_14782,perf123456
perf_user_14783,perf123456
perf_user_14784,perf123456
perf_user_14785,perf123456
perf_user_14786,perf123456
perf_user_14787,perf123456
perf_user_14788,perf123456
perf_user_14789,perf123456
perf_user_14790,perf123456
perf_user_14791,perf123456
perf_user_14792,perf123456
perf_user_14793,perf123456
perf_user_14794,perf123456
perf_user_14795,perf123456
perf_user_14796,perf123456
perf_user_14797,perf123456
perf_user_14798,perf123456
perf_user_14799,perf123456
perf_user_14800,perf123456
perf_user_14801,perf123456
perf_user_14802,perf123456
perf_user_14803,perf123456
perf_user_14804,perf123456
perf_user_14805,perf123456
perf_user_14806,perf123456
perf_user_14807,perf123456
perf_user_14808,perf123456
perf_user_14809,perf123456
perf_user_14810,perf123456
perf_user_14811,perf123456
perf_user_14812,perf123456
perf_user_14813,perf123456
perf_user_14814,perf123456
perf_user_14815,perf123456
perf_user_14816,perf123456
perf_user_14817,perf123456
perf_user_14818,perf123456
perf_user_14819,perf123456
perf_user_14820,perf123456
perf_user_14821,perf123456
perf_user_14822,perf123456
perf_user_14823,perf123456
perf_user_14824,perf123456
perf_user_14825,perf123456
perf_user_14826,perf123456
perf_user_14827,perf123456
perf_user_14828,perf123456
perf_user_14829,perf123456
perf_user_14830,perf123456
perf_user_14831,perf123456
perf_user_14832,perf123456
perf_user_14833,perf123456
perf_user_14834,perf123456
perf_user_14835,perf123456
perf_user_14836,perf123456
perf_user_14837,perf123456
perf_user_14838,perf123456
perf_user_14839,perf123456
perf_user_14840,perf123456
perf_user_14841,perf123456
perf_user_14842,perf123456
perf_user_14843,perf123456
perf_user_14844,perf123456
perf_user_14845,perf123456
perf_user_14846,perf123456
perf_user_14847,perf123456
perf_user_14848,perf123456
perf_user_14849,perf123456
perf_user_14850,perf123456
perf_user_14851,perf123456
perf_user_14852,perf123456
perf_user_14853,perf123456
perf_user_14854,perf123456
perf_user_14855,perf123456
perf_user_14856,perf123456
perf_user_14857,perf123456
perf_user_14858,perf123456
perf_user_14859,perf123456
perf_user_14860,perf123456
perf_user_14861,perf123456
perf_user_14862,perf123456
perf_user_14863,perf123456
perf_user_14864,perf123456
perf_user_14865,perf123456
perf_user_14866,perf123456
perf_user_14867,perf123456
perf_user_14868,perf123456
perf_user_14869,perf123456
perf_user_14870,perf123456
perf_user_14871,perf123456
perf_user_14872,perf123456
perf_user_14873,perf123456
perf_user_14874,perf123456
perf_user_14875,perf123456
perf_user_14876,perf123456
perf_user_14877,perf123456
perf_user_14878,perf123456
perf_user_14879,perf123456
perf_user_14880,perf123456
perf_user_14881,perf123456
perf_user_14882,perf123456
perf_user_14883,perf123456
perf_user_14884,perf123456
perf_user_14885,perf123456
perf_user_14886,perf123456
perf_user_14887,perf123456
perf_user_14888,perf123456
perf_user_14889,perf123456
perf_user_14890,perf123456
perf_user_14891,perf123456
perf_user_14892,perf123456
perf_user_14893,perf123456
perf_user_14894,perf123456
perf_user_14895,perf123456
perf_user_14896,perf123456
perf_user_14897,perf123456
perf_user_14898,perf123456
perf_user_14899,perf123456
perf_user_14900,perf123456
perf_user_14901,perf123456
perf_user_14902,perf123456
perf_user_14903,perf123456
perf_user_14904,perf123456
perf_user_14905,perf123456
perf_user_14906,perf123456
perf_user_14907,perf123456
perf_user_14908,perf123456
perf_user_14909,perf123456
perf_user_14910,perf123456
perf_user_14911,perf123456
perf_user_14912,perf123456
perf_user_14913,perf123456
perf_user_14914,perf123456
perf_user_14915,perf123456
perf_user_14916,perf123456
perf_user_14917,perf123456
perf_user_14918,perf123456
perf_user_14919,perf123456
perf_user_14920,perf123456
perf_user_14921,perf123456
perf_user_14922,perf123456
perf_user_14923,perf123456
perf_user_14924,perf123456
perf_user_14925,perf123456
perf_user_14926,perf123456
perf_user_14927,perf123456
perf_user_14928,perf123456
perf_user_14929,perf123456
perf_user_14930,perf123456
perf_user_14931,perf123456
perf_user_14932,perf123456
perf_user_14933,perf123456
perf_user_14934,perf123456
perf_user_14935,perf123456
perf_user_14936,perf123456
perf_user_14937,perf123456
perf_user_14938,perf123456
perf_user_14939,perf123456
perf_user_14940,perf123456
perf_user_14941,perf123456
perf_user_14942,perf123456
perf_user_14943,perf123456
perf_user_14944,perf123456
perf_user_14945,perf123456
perf_user_14946,perf123456
perf_user_14947,perf123456
perf_user_14948,perf123456
perf_user_14949,perf123456
perf_user_14950,perf123456
perf_user_14951,perf123456
perf_user_14952,perf123456
perf_user_14953,perf123456
perf_user_14954,perf123456
perf_user_14955,perf123456
perf_user_14956,perf123456
perf_user_14957,perf123456
perf_user_14958,perf123456
perf_user_14959,perf123456
perf_user_14960,perf123456
perf_user_14961,perf123456
perf_user_14962,perf123456
perf_user_14963,perf123456
perf_user_14964,perf123456
perf_user_14965,perf123456
perf_user_14966,perf123456
perf_user_14967,perf123456
perf_user_14968,perf123456
perf_user_14969,perf123456
perf_user_14970,perf123456
perf_user_14971,perf123456
perf_user_14972,perf123456
perf_user_14973,perf123456
perf_user_14974,perf123456
perf_user_14975,perf123456
perf_user_14976,perf123456
perf_user_14977,perf123456
perf_user_14978,perf123456
perf_user_14979,perf123456
perf_user_14980,perf123456
perf_user_14981,perf123456
perf_user_14982,perf123456
perf_user_14983,perf123456
perf_user_14984,perf123456
perf_user_14985,perf123456
perf_user_14986,perf123456
perf_user_14987,perf123456
perf_user_14988,perf123456
perf_user_14989,perf123456
perf_user_14990,perf123456
perf_user_14991,perf123456
perf_user_14992,perf123456
perf_user_14993,perf123456
perf_user_14994,perf123456
perf_user_14995,perf123456
perf_user_14996,perf123456
perf_user_14997,perf123456
perf_user_14998,perf123456
perf_user_14999,perf123456
perf_user_15000,perf123456
perf_user_15001,perf123456
perf_user_15002,perf123456
perf_user_15003,perf123456
perf_user_15004,perf123456
perf_user_15005,perf123456
perf_user_15006,perf123456
perf_user_15007,perf123456
perf_user_15008,perf123456
perf_user_15009,perf123456
perf_user_15010,perf123456
perf_user_15011,perf123456
perf_user_15012,perf123456
perf_user_15013,perf123456
perf_user_15014,perf123456
perf_user_15015,perf123456
perf_user_15016,perf123456
perf_user_15017,perf123456
perf_user_15018,perf123456
perf_user_15019,perf123456
perf_user_15020,perf123456
perf_user_15021,perf123456
perf_user_15022,perf123456
perf_user_15023,perf123456
perf_user_15024,perf123456
perf_user_15025,perf123456
perf_user_15026,perf123456
perf_user_15027,perf123456
perf_user_15028,perf123456
perf_user_15029,perf123456
perf_user_15030,perf123456
perf_user_15031,perf123456
perf_user_15032,perf123456
perf_user_15033,perf123456
perf_user_15034,perf123456
perf_user_15035,perf123456
perf_user_15036,perf123456
perf_user_15037,perf123456
perf_user_15038,perf123456
perf_user_15039,perf123456
perf_user_15040,perf123456
perf_user_15041,perf123456
perf_user_15042,perf123456
perf_user_15043,perf123456
perf_user_15044,perf123456
perf_user_15045,perf123456
perf_user_15046,perf123456
perf_user_15047,perf123456
perf_user_15048,perf123456
perf_user_15049,perf123456
perf_user_15050,perf123456
perf_user_15051,perf123456
perf_user_15052,perf123456
perf_user_15053,perf123456
perf_user_15054,perf123456
perf_user_15055,perf123456
perf_user_15056,perf123456
perf_user_15057,perf123456
perf_user_15058,perf123456
perf_user_15059,perf123456
perf_user_15060,perf123456
perf_user_15061,perf123456
perf_user_15062,perf123456
perf_user_15063,perf123456
perf_user_15064,perf123456
perf_user_15065,perf123456
perf_user_15066,perf123456
perf_user_15067,perf123456
perf_user_15068,perf123456
perf_user_15069,perf123456
perf_user_15070,perf123456
perf_user_15071,perf123456
perf_user_15072,perf123456
perf_user_15073,perf123456
perf_user_15074,perf123456
perf_user_15075,perf123456
perf_user_15076,perf123456
perf_user_15077,perf123456
perf_user_15078,perf123456
perf_user_15079,perf123456
perf_user_15080,perf123456
perf_user_15081,perf123456
perf_user_15082,perf123456
perf_user_15083,perf123456
perf_user_15084,perf123456
perf_user_15085,perf123456
perf_user_15086,perf123456
perf_user_15087,perf123456
perf_user_15088,perf123456
perf_user_15089,perf123456
perf_user_15090,perf123456
perf_user_15091,perf123456
perf_user_15092,perf123456
perf_user_15093,perf123456
perf_user_15094,perf123456
perf_user_15095,perf123456
perf_user_15096,perf123456
perf_user_15097,perf123456
perf_user_15098,perf123456
perf_user_15099,perf123456
perf_user_15100,perf123456
perf_user_15101,perf123456
perf_user_15102,perf123456
perf_user_15103,perf123456
perf_user_15104,perf123456
perf_user_15105,perf123456
perf_user_15106,perf123456
perf_user_15107,perf123456
perf_user_15108,perf123456
perf_user_15109,perf123456
perf_user_15110,perf123456
perf_user_15111,perf123456
perf_user_15112,perf123456
perf_user_15113,perf123456
perf_user_15114,perf123456
perf_user_15115,perf123456
perf_user_15116,perf123456
perf_user_15117,perf123456
perf_user_15118,perf123456
perf_user_15119,perf123456
perf_user_15120,perf123456
perf_user_15121,perf123456
perf_user_15122,perf123456
perf_user_15123,perf123456
perf_user_15124,perf123456
perf_user_15125,perf123456
perf_user_15126,perf123456
perf_user_15127,perf123456
perf_user_15128,perf123456
perf_user_15129,perf123456
perf_user_15130,perf123456
perf_user_15131,perf123456
perf_user_15132,perf123456
perf_user_15133,perf123456
perf_user_15134,perf123456
perf_user_15135,perf123456
perf_user_15136,perf123456
perf_user_15137,perf123456
perf_user_15138,perf123456
perf_user_15139,perf123456
perf_user_15140,perf123456
perf_user_15141,perf123456
perf_user_15142,perf123456
perf_user_15143,perf123456
perf_user_15144,perf123456
perf_user_15145,perf123456
perf_user_15146,perf123456
perf_user_15147,perf123456
perf_user_15148,perf123456
perf_user_15149,perf123456
perf_user_15150,perf123456
perf_user_15151,perf123456
perf_user_15152,perf123456
perf_user_15153,perf123456
perf_user_15154,perf123456
perf_user_15155,perf123456
perf_user_15156,perf123456
perf_user_15157,perf123456
perf_user_15158,perf123456
perf_user_15159,perf123456
perf_user_15160,perf123456
perf_user_15161,perf123456
perf_user_15162,perf123456
perf_user_15163,perf123456
perf_user_15164,perf123456
perf_user_15165,perf123456
perf_user_15166,perf123456
perf_user_15167,perf123456
perf_user_15168,perf123456
perf_user_15169,perf123456
perf_user_15170,perf123456
perf_user_15171,perf123456
perf_user_15172,perf123456
perf_user_15173,perf123456
perf_user_15174,perf123456
perf_user_15175,perf123456
perf_user_15176,perf123456
perf_user_15177,perf123456
perf_user_15178,perf123456
perf_user_15179,perf123456
perf_user_15180,perf123456
perf_user_15181,perf123456
perf_user_15182,perf123456
perf_user_15183,perf123456
perf_user_15184,perf123456
perf_user_15185,perf123456
perf_user_15186,perf123456
perf_user_15187,perf123456
perf_user_15188,perf123456
perf_user_15189,perf123456
perf_user_15190,perf123456
perf_user_15191,perf123456
perf_user_15192,perf123456
perf_user_15193,perf123456
perf_user_15194,perf123456
perf_user_15195,perf123456
perf_user_15196,perf123456
perf_user_15197,perf123456
perf_user_15198,perf123456
perf_user_15199,perf123456
perf_user_15200,perf123456
perf_user_15201,perf123456
perf_user_15202,perf123456
perf_user_15203,perf123456
perf_user_15204,perf123456
perf_user_15205,perf123456
perf_user_15206,perf123456
perf_user_15207,perf123456
perf_user_15208,perf123456
perf_user_15209,perf123456
perf_user_15210,perf123456
perf_user_15211,perf123456
perf_user_15212,perf123456
perf_user_15213,perf123456
perf_user_15214,perf123456
perf_user_15215,perf123456
perf_user_15216,perf123456
perf_user_15217,perf123456
perf_user_15218,perf123456
perf_user_15219,perf123456
perf_user_15220,perf123456
perf_user_15221,perf123456
perf_user_15222,perf123456
perf_user_15223,perf123456
perf_user_15224,perf123456
perf_user_15225,perf123456
perf_user_15226,perf123456
perf_user_15227,perf123456
perf_user_15228,perf123456
perf_user_15229,perf123456
perf_user_15230,perf123456
perf_user_15231,perf123456
perf_user_15232,perf123456
perf_user_15233,perf123456
perf_user_15234,perf123456
perf_user_15235,perf123456
perf_user_15236,perf123456
perf_user_15237,perf123456
perf_user_15238,perf123456
perf_user_15239,perf123456
perf_user_15240,perf123456
perf_user_15241,perf123456
perf_user_15242,perf123456
perf_user_15243,perf123456
perf_user_15244,perf123456
perf_user_15245,perf123456
perf_user_15246,perf123456
perf_user_15247,perf123456
perf_user_15248,perf123456
perf_user_15249,perf123456
perf_user_15250,perf123456
perf_user_15251,perf123456
perf_user_15252,perf123456
perf_user_15253,perf123456
perf_user_15254,perf123456
perf_user_15255,perf123456
perf_user_15256,perf123456
perf_user_15257,perf123456
perf_user_15258,perf123456
perf_user_15259,perf123456
perf_user_15260,perf123456
perf_user_15261,perf123456
perf_user_15262,perf123456
perf_user_15263,perf123456
perf_user_15264,perf123456
perf_user_15265,perf123456
perf_user_15266,perf123456
perf_user_15267,perf123456
perf_user_15268,perf123456
perf_user_15269,perf123456
perf_user_15270,perf123456
perf_user_15271,perf123456
perf_user_15272,perf123456
perf_user_15273,perf123456
perf_user_15274,perf123456
perf_user_15275,perf123456
perf_user_15276,perf123456
perf_user_15277,perf123456
perf_user_15278,perf123456
perf_user_15279,perf123456
perf_user_15280,perf123456
perf_user_15281,perf123456
perf_user_15282,perf123456
perf_user_15283,perf123456
perf_user_15284,perf123456
perf_user_15285,perf123456
perf_user_15286,perf123456
perf_user_15287,perf123456
perf_user_15288,perf123456
perf_user_15289,perf123456
perf_user_15290,perf123456
perf_user_15291,perf123456
perf_user_15292,perf123456
perf_user_15293,perf123456
perf_user_15294,perf123456
perf_user_15295,perf123456
perf_user_15296,perf123456
perf_user_15297,perf123456
perf_user_15298,perf123456
perf_user_15299,perf123456
perf_user_15300,perf123456
perf_user_15301,perf123456
perf_user_15302,perf123456
perf_user_15303,perf123456
perf_user_15304,perf123456
perf_user_15305,perf123456
perf_user_15306,perf123456
perf_user_15307,perf123456
perf_user_15308,perf123456
perf_user_15309,perf123456
perf_user_15310,perf123456
perf_user_15311,perf123456
perf_user_15312,perf123456
perf_user_15313,perf123456
perf_user_15314,perf123456
perf_user_15315,perf123456
perf_user_15316,perf123456
perf_user_15317,perf123456
perf_user_15318,perf123456
perf_user_15319,perf123456
perf_user_15320,perf123456
perf_user_15321,perf123456
perf_user_15322,perf123456
perf_user_15323,perf123456
perf_user_15324,perf123456
perf_user_15325,perf123456
perf_user_15326,perf123456
perf_user_15327,perf123456
perf_user_15328,perf123456
perf_user_15329,perf123456
perf_user_15330,perf123456
perf_user_15331,perf123456
perf_user_15332,perf123456
perf_user_15333,perf123456
perf_user_15334,perf123456
perf_user_15335,perf123456
perf_user_15336,perf123456
perf_user_15337,perf123456
perf_user_15338,perf123456
perf_user_15339,perf123456
perf_user_15340,perf123456
perf_user_15341,perf123456
perf_user_15342,perf123456
perf_user_15343,perf123456
perf_user_15344,perf123456
perf_user_15345,perf123456
perf_user_15346,perf123456
perf_user_15347,perf123456
perf_user_15348,perf123456
perf_user_15349,perf123456
perf_user_15350,perf123456
perf_user_15351,perf123456
perf_user_15352,perf123456
perf_user_15353,perf123456
perf_user_15354,perf123456
perf_user_15355,perf123456
perf_user_15356,perf123456
perf_user_15357,perf123456
perf_user_15358,perf123456
perf_user_15359,perf123456
perf_user_15360,perf123456
perf_user_15361,perf123456
perf_user_15362,perf123456
perf_user_15363,perf123456
perf_user_15364,perf123456
perf_user_15365,perf123456
perf_user_15366,perf123456
perf_user_15367,perf123456
perf_user_15368,perf123456
perf_user_15369,perf123456
perf_user_15370,perf123456
perf_user_15371,perf123456
perf_user_15372,perf123456
perf_user_15373,perf123456
perf_user_15374,perf123456
perf_user_15375,perf123456
perf_user_15376,perf123456
perf_user_15377,perf123456
perf_user_15378,perf123456
perf_user_15379,perf123456
perf_user_15380,perf123456
perf_user_15381,perf123456
perf_user_15382,perf123456
perf_user_15383,perf123456
perf_user_15384,perf123456
perf_user_15385,perf123456
perf_user_15386,perf123456
perf_user_15387,perf123456
perf_user_15388,perf123456
perf_user_15389,perf123456
perf_user_15390,perf123456
perf_user_15391,perf123456
perf_user_15392,perf123456
perf_user_15393,perf123456
perf_user_15394,perf123456
perf_user_15395,perf123456
perf_user_15396,perf123456
perf_user_15397,perf123456
perf_user_15398,perf123456
perf_user_15399,perf123456
perf_user_15400,perf123456
perf_user_15401,perf123456
perf_user_15402,perf123456
perf_user_15403,perf123456
perf_user_15404,perf123456
perf_user_15405,perf123456
perf_user_15406,perf123456
perf_user_15407,perf123456
perf_user_15408,perf123456
perf_user_15409,perf123456
perf_user_15410,perf123456
perf_user_15411,perf123456
perf_user_15412,perf123456
perf_user_15413,perf123456
perf_user_15414,perf123456
perf_user_15415,perf123456
perf_user_15416,perf123456
perf_user_15417,perf123456
perf_user_15418,perf123456
perf_user_15419,perf123456
perf_user_15420,perf123456
perf_user_15421,perf123456
perf_user_15422,perf123456
perf_user_15423,perf123456
perf_user_15424,perf123456
perf_user_15425,perf123456
perf_user_15426,perf123456
perf_user_15427,perf123456
perf_user_15428,perf123456
perf_user_15429,perf123456
perf_user_15430,perf123456
perf_user_15431,perf123456
perf_user_15432,perf123456
perf_user_15433,perf123456
perf_user_15434,perf123456
perf_user_15435,perf123456
perf_user_15436,perf123456
perf_user_15437,perf123456
perf_user_15438,perf123456
perf_user_15439,perf123456
perf_user_15440,perf123456
perf_user_15441,perf123456
perf_user_15442,perf123456
perf_user_15443,perf123456
perf_user_15444,perf123456
perf_user_15445,perf123456
perf_user_15446,perf123456
perf_user_15447,perf123456
perf_user_15448,perf123456
perf_user_15449,perf123456
perf_user_15450,perf123456
perf_user_15451,perf123456
perf_user_15452,perf123456
perf_user_15453,perf123456
perf_user_15454,perf123456
perf_user_15455,perf123456
perf_user_15456,perf123456
perf_user_15457,perf123456
perf_user_15458,perf123456
perf_user_15459,perf123456
perf_user_15460,perf123456
perf_user_15461,perf123456
perf_user_15462,perf123456
perf_user_15463,perf123456
perf_user_15464,perf123456
perf_user_15465,perf123456
perf_user_15466,perf123456
perf_user_15467,perf123456
perf_user_15468,perf123456
perf_user_15469,perf123456
perf_user_15470,perf123456
perf_user_15471,perf123456
perf_user_15472,perf123456
perf_user_15473,perf123456
perf_user_15474,perf123456
perf_user_15475,perf123456
perf_user_15476,perf123456
perf_user_15477,perf123456
perf_user_15478,perf123456
perf_user_15479,perf123456
perf_user_15480,perf123456
perf_user_15481,perf123456
perf_user_15482,perf123456
perf_user_15483,perf123456
perf_user_15484,perf123456
perf_user_15485,perf123456
perf_user_15486,perf123456
perf_user_15487,perf123456
perf_user_15488,perf123456
perf_user_15489,perf123456
perf_user_15490,perf123456
perf_user_15491,perf123456
perf_user_15492,perf123456
perf_user_15493,perf123456
perf_user_15494,perf123456
perf_user_15495,perf123456
perf_user_15496,perf123456
perf_user_15497,perf123456
perf_user_15498,perf123456
perf_user_15499,perf123456
perf_user_15500,perf123456
perf_user_15501,perf123456
perf_user_15502,perf123456
perf_user_15503,perf123456
perf_user_15504,perf123456
perf_user_15505,perf123456
perf_user_15506,perf123456
perf_user_15507,perf123456
perf_user_15508,perf123456
perf_user_15509,perf123456
perf_user_15510,perf123456
perf_user_15511,perf123456
perf_user_15512,perf123456
perf_user_15513,perf123456
perf_user_15514,perf123456
perf_user_15515,perf123456
perf_user_15516,perf123456
perf_user_15517,perf123456
perf_user_15518,perf123456
perf_user_15519,perf123456
perf_user_15520,perf123456
perf_user_15521,perf123456
perf_user_15522,perf123456
perf_user_15523,perf123456
perf_user_15524,perf123456
perf_user_15525,perf123456
perf_user_15526,perf123456
perf_user_15527,perf123456
perf_user_15528,perf123456
perf_user_15529,perf123456
perf_user_15530,perf123456
perf_user_15531,perf123456
perf_user_15532,perf123456
perf_user_15533,perf123456
perf_user_15534,perf123456
perf_user_15535,perf123456
perf_user_15536,perf123456
perf_user_15537,perf123456
perf_user_15538,perf123456
perf_user_15539,perf123456
perf_user_15540,perf123456
perf_user_15541,perf123456
perf_user_15542,perf123456
perf_user_15543,perf123456
perf_user_15544,perf123456
perf_user_15545,perf123456
perf_user_15546,perf123456
perf_user_15547,perf123456
perf_user_15548,perf123456
perf_user_15549,perf123456
perf_user_15550,perf123456
perf_user_15551,perf123456
perf_user_15552,perf123456
perf_user_15553,perf123456
perf_user_15554,perf123456
perf_user_15555,perf123456
perf_user_15556,perf123456
perf_user_15557,perf123456
perf_user_15558,perf123456
perf_user_15559,perf123456
perf_user_15560,perf123456
perf_user_15561,perf123456
perf_user_15562,perf123456
perf_user_15563,perf123456
perf_user_15564,perf123456
perf_user_15565,perf123456
perf_user_15566,perf123456
perf_user_15567,perf123456
perf_user_15568,perf123456
perf_user_15569,perf123456
perf_user_15570,perf123456
perf_user_15571,perf123456
perf_user_15572,perf123456
perf_user_15573,perf123456
perf_user_15574,perf123456
perf_user_15575,perf123456
perf_user_15576,perf123456
perf_user_15577,perf123456
perf_user_15578,perf123456
perf_user_15579,perf123456
perf_user_15580,perf123456
perf_user_15581,perf123456
perf_user_15582,perf123456
perf_user_15583,perf123456
perf_user_15584,perf123456
perf_user_15585,perf123456
perf_user_15586,perf123456
perf_user_15587,perf123456
perf_user_15588,perf123456
perf_user_15589,perf123456
perf_user_15590,perf123456
perf_user_15591,perf123456
perf_user_15592,perf123456
perf_user_15593,perf123456
perf_user_15594,perf123456
perf_user_15595,perf123456
perf_user_15596,perf123456
perf_user_15597,perf123456
perf_user_15598,perf123456
perf_user_15599,perf123456
perf_user_15600,perf123456
perf_user_15601,perf123456
perf_user_15602,perf123456
perf_user_15603,perf123456
perf_user_15604,perf123456
perf_user_15605,perf123456
perf_user_15606,perf123456
perf_user_15607,perf123456
perf_user_15608,perf123456
perf_user_15609,perf123456
perf_user_15610,perf123456
perf_user_15611,perf123456
perf_user_15612,perf123456
perf_user_15613,perf123456
perf_user_15614,perf123456
perf_user_15615,perf123456
perf_user_15616,perf123456
perf_user_15617,perf123456
perf_user_15618,perf123456
perf_user_15619,perf123456
perf_user_15620,perf123456
perf_user_15621,perf123456
perf_user_15622,perf123456
perf_user_15623,perf123456
perf_user_15624,perf123456
perf_user_15625,perf123456
perf_user_15626,perf123456
perf_user_15627,perf123456
perf_user_15628,perf123456
perf_user_15629,perf123456
perf_user_15630,perf123456
perf_user_15631,perf123456
perf_user_15632,perf123456
perf_user_15633,perf123456
perf_user_15634,perf123456
perf_user_15635,perf123456
perf_user_15636,perf123456
perf_user_15637,perf123456
perf_user_15638,perf123456
perf_user_15639,perf123456
perf_user_15640,perf123456
perf_user_15641,perf123456
perf_user_15642,perf123456
perf_user_15643,perf123456
perf_user_15644,perf123456
perf_user_15645,perf123456
perf_user_15646,perf123456
perf_user_15647,perf123456
perf_user_15648,perf123456
perf_user_15649,perf123456
perf_user_15650,perf123456
perf_user_15651,perf123456
perf_user_15652,perf123456
perf_user_15653,perf123456
perf_user_15654,perf123456
perf_user_15655,perf123456
perf_user_15656,perf123456
perf_user_15657,perf123456
perf_user_15658,perf123456
perf_user_15659,perf123456
perf_user_15660,perf123456
perf_user_15661,perf123456
perf_user_15662,perf123456
perf_user_15663,perf123456
perf_user_15664,perf123456
perf_user_15665,perf123456
perf_user_15666,perf123456
perf_user_15667,perf123456
perf_user_15668,perf123456
perf_user_15669,perf123456
perf_user_15670,perf123456
perf_user_15671,perf123456
perf_user_15672,perf123456
perf_user_15673,perf123456
perf_user_15674,perf123456
perf_user_15675,perf123456
perf_user_15676,perf123456
perf_user_15677,perf123456
perf_user_15678,perf123456
perf_user_15679,perf123456
perf_user_15680,perf123456
perf_user_15681,perf123456
perf_user_15682,perf123456
perf_user_15683,perf123456
perf_user_15684,perf123456
perf_user_15685,perf123456
perf_user_15686,perf123456
perf_user_15687,perf123456
perf_user_15688,perf123456
perf_user_15689,perf123456
perf_user_15690,perf123456
perf_user_15691,perf123456
perf_user_15692,perf123456
perf_user_15693,perf123456
perf_user_15694,perf123456
perf_user_15695,perf123456
perf_user_15696,perf123456
perf_user_15697,perf123456
perf_user_15698,perf123456
perf_user_15699,perf123456
perf_user_15700,perf123456
perf_user_15701,perf123456
perf_user_15702,perf123456
perf_user_15703,perf123456
perf_user_15704,perf123456
perf_user_15705,perf123456
perf_user_15706,perf123456
perf_user_15707,perf123456
perf_user_15708,perf123456
perf_user_15709,perf123456
perf_user_15710,perf123456
perf_user_15711,perf123456
perf_user_15712,perf123456
perf_user_15713,perf123456
perf_user_15714,perf123456
perf_user_15715,perf123456
perf_user_15716,perf123456
perf_user_15717,perf123456
perf_user_15718,perf123456
perf_user_15719,perf123456
perf_user_15720,perf123456
perf_user_15721,perf123456
perf_user_15722,perf123456
perf_user_15723,perf123456
perf_user_15724,perf123456
perf_user_15725,perf123456
perf_user_15726,perf123456
perf_user_15727,perf123456
perf_user_15728,perf123456
perf_user_15729,perf123456
perf_user_15730,perf123456
perf_user_15731,perf123456
perf_user_15732,perf123456
perf_user_15733,perf123456
perf_user_15734,perf123456
perf_user_15735,perf123456
perf_user_15736,perf123456
perf_user_15737,perf123456
perf_user_15738,perf123456
perf_user_15739,perf123456
perf_user_15740,perf123456
perf_user_15741,perf123456
perf_user_15742,perf123456
perf_user_15743,perf123456
perf_user_15744,perf123456
perf_user_15745,perf123456
perf_user_15746,perf123456
perf_user_15747,perf123456
perf_user_15748,perf123456
perf_user_15749,perf123456
perf_user_15750,perf123456
perf_user_15751,perf123456
perf_user_15752,perf123456
perf_user_15753,perf123456
perf_user_15754,perf123456
perf_user_15755,perf123456
perf_user_15756,perf123456
perf_user_15757,perf123456
perf_user_15758,perf123456
perf_user_15759,perf123456
perf_user_15760,perf123456
perf_user_15761,perf123456
perf_user_15762,perf123456
perf_user_15763,perf123456
perf_user_15764,perf123456
perf_user_15765,perf123456
perf_user_15766,perf123456
perf_user_15767,perf123456
perf_user_15768,perf123456
perf_user_15769,perf123456
perf_user_15770,perf123456
perf_user_15771,perf123456
perf_user_15772,perf123456
perf_user_15773,perf123456
perf_user_15774,perf123456
perf_user_15775,perf123456
perf_user_15776,perf123456
perf_user_15777,perf123456
perf_user_15778,perf123456
perf_user_15779,perf123456
perf_user_15780,perf123456
perf_user_15781,perf123456
perf_user_15782,perf123456
perf_user_15783,perf123456
perf_user_15784,perf123456
perf_user_15785,perf123456
perf_user_15786,perf123456
perf_user_15787,perf123456
perf_user_15788,perf123456
perf_user_15789,perf123456
perf_user_15790,perf123456
perf_user_15791,perf123456
perf_user_15792,perf123456
perf_user_15793,perf123456
perf_user_15794,perf123456
perf_user_15795,perf123456
perf_user_15796,perf123456
perf_user_15797,perf123456
perf_user_15798,perf123456
perf_user_15799,perf123456
perf_user_15800,perf123456
perf_user_15801,perf123456
perf_user_15802,perf123456
perf_user_15803,perf123456
perf_user_15804,perf123456
perf_user_15805,perf123456
perf_user_15806,perf123456
perf_user_15807,perf123456
perf_user_15808,perf123456
perf_user_15809,perf123456
perf_user_15810,perf123456
perf_user_15811,perf123456
perf_user_15812,perf123456
perf_user_15813,perf123456
perf_user_15814,perf123456
perf_user_15815,perf123456
perf_user_15816,perf123456
perf_user_15817,perf123456
perf_user_15818,perf123456
perf_user_15819,perf123456
perf_user_15820,perf123456
perf_user_15821,perf123456
perf_user_15822,perf123456
perf_user_15823,perf123456
perf_user_15824,perf123456
perf_user_15825,perf123456
perf_user_15826,perf123456
perf_user_15827,perf123456
perf_user_15828,perf123456
perf_user_15829,perf123456
perf_user_15830,perf123456
perf_user_15831,perf123456
perf_user_15832,perf123456
perf_user_15833,perf123456
perf_user_15834,perf123456
perf_user_15835,perf123456
perf_user_15836,perf123456
perf_user_15837,perf123456
perf_user_15838,perf123456
perf_user_15839,perf123456
perf_user_15840,perf123456
perf_user_15841,perf123456
perf_user_15842,perf123456
perf_user_15843,perf123456
perf_user_15844,perf123456
perf_user_15845,perf123456
perf_user_15846,perf123456
perf_user_15847,perf123456
perf_user_15848,perf123456
perf_user_15849,perf123456
perf_user_15850,perf123456
perf_user_15851,perf123456
perf_user_15852,perf123456
perf_user_15853,perf123456
perf_user_15854,perf123456
perf_user_15855,perf123456
perf_user_15856,perf123456
perf_user_15857,perf123456
perf_user_15858,perf123456
perf_user_15859,perf123456
perf_user_15860,perf123456
perf_user_15861,perf123456
perf_user_15862,perf123456
perf_user_15863,perf123456
perf_user_15864,perf123456
perf_user_15865,perf123456
perf_user_15866,perf123456
perf_user_15867,perf123456
perf_user_15868,perf123456
perf_user_15869,perf123456
perf_user_15870,perf123456
perf_user_15871,perf123456
perf_user_15872,perf123456
perf_user_15873,perf123456
perf_user_15874,perf123456
perf_user_15875,perf123456
perf_user_15876,perf123456
perf_user_15877,perf123456
perf_user_15878,perf123456
perf_user_15879,perf123456
perf_user_15880,perf123456
perf_user_15881,perf123456
perf_user_15882,perf123456
perf_user_15883,perf123456
perf_user_15884,perf123456
perf_user_15885,perf123456
perf_user_15886,perf123456
perf_user_15887,perf123456
perf_user_15888,perf123456
perf_user_15889,perf123456
perf_user_15890,perf123456
perf_user_15891,perf123456
perf_user_15892,perf123456
perf_user_15893,perf123456
perf_user_15894,perf123456
perf_user_15895,perf123456
perf_user_15896,perf123456
perf_user_15897,perf123456
perf_user_15898,perf123456
perf_user_15899,perf123456
perf_user_15900,perf123456
perf_user_15901,perf123456
perf_user_15902,perf123456
perf_user_15903,perf123456
perf_user_15904,perf123456
perf_user_15905,perf123456
perf_user_15906,perf123456
perf_user_15907,perf123456
perf_user_15908,perf123456
perf_user_15909,perf123456
perf_user_15910,perf123456
perf_user_15911,perf123456
perf_user_15912,perf123456
perf_user_15913,perf123456
perf_user_15914,perf123456
perf_user_15915,perf123456
perf_user_15916,perf123456
perf_user_15917,perf123456
perf_user_15918,perf123456
perf_user_15919,perf123456
perf_user_15920,perf123456
perf_user_15921,perf123456
perf_user_15922,perf123456
perf_user_15923,perf123456
perf_user_15924,perf123456
perf_user_15925,perf123456
perf_user_15926,perf123456
perf_user_15927,perf123456
perf_user_15928,perf123456
perf_user_15929,perf123456
perf_user_15930,perf123456
perf_user_15931,perf123456
perf_user_15932,perf123456
perf_user_15933,perf123456
perf_user_15934,perf123456
perf_user_15935,perf123456
perf_user_15936,perf123456
perf_user_15937,perf123456
perf_user_15938,perf123456
perf_user_15939,perf123456
perf_user_15940,perf123456
perf_user_15941,perf123456
perf_user_15942,perf123456
perf_user_15943,perf123456
perf_user_15944,perf123456
perf_user_15945,perf123456
perf_user_15946,perf123456
perf_user_15947,perf123456
perf_user_15948,perf123456
perf_user_15949,perf123456
perf_user_15950,perf123456
perf_user_15951,perf123456
perf_user_15952,perf123456
perf_user_15953,perf123456
perf_user_15954,perf123456
perf_user_15955,perf123456
perf_user_15956,perf123456
perf_user_15957,perf123456
perf_user_15958,perf123456
perf_user_15959,perf123456
perf_user_15960,perf123456
perf_user_15961,perf123456
perf_user_15962,perf123456
perf_user_15963,perf123456
perf_user_15964,perf123456
perf_user_15965,perf123456
perf_user_15966,perf123456
perf_user_15967,perf123456
perf_user_15968,perf123456
perf_user_15969,perf123456
perf_user_15970,perf123456
perf_user_15971,perf123456
perf_user_15972,perf123456
perf_user_15973,perf123456
perf_user_15974,perf123456
perf_user_15975,perf123456
perf_user_15976,perf123456
perf_user_15977,perf123456
perf_user_15978,perf123456
perf_user_15979,perf123456
perf_user_15980,perf123456
perf_user_15981,perf123456
perf_user_15982,perf123456
perf_user_15983,perf123456
perf_user_15984,perf123456
perf_user_15985,perf123456
perf_user_15986,perf123456
perf_user_15987,perf123456
perf_user_15988,perf123456
perf_user_15989,perf123456
perf_user_15990,perf123456
perf_user_15991,perf123456
perf_user_15992,perf123456
perf_user_15993,perf123456
perf_user_15994,perf123456
perf_user_15995,perf123456
perf_user_15996,perf123456
perf_user_15997,perf123456
perf_user_15998,perf123456
perf_user_15999,perf123456
perf_user_16000,perf123456
perf_user_16001,perf123456
perf_user_16002,perf123456
perf_user_16003,perf123456
perf_user_16004,perf123456
perf_user_16005,perf123456
perf_user_16006,perf123456
perf_user_16007,perf123456
perf_user_16008,perf123456
perf_user_16009,perf123456
perf_user_16010,perf123456
perf_user_16011,perf123456
perf_user_16012,perf123456
perf_user_16013,perf123456
perf_user_16014,perf123456
perf_user_16015,perf123456
perf_user_16016,perf123456
perf_user_16017,perf123456
perf_user_16018,perf123456
perf_user_16019,perf123456
perf_user_16020,perf123456
perf_user_16021,perf123456
perf_user_16022,perf123456
perf_user_16023,perf123456
perf_user_16024,perf123456
perf_user_16025,perf123456
perf_user_16026,perf123456
perf_user_16027,perf123456
perf_user_16028,perf123456
perf_user_16029,perf123456
perf_user_16030,perf123456
perf_user_16031,perf123456
perf_user_16032,perf123456
perf_user_16033,perf123456
perf_user_16034,perf123456
perf_user_16035,perf123456
perf_user_16036,perf123456
perf_user_16037,perf123456
perf_user_16038,perf123456
perf_user_16039,perf123456
perf_user_16040,perf123456
perf_user_16041,perf123456
perf_user_16042,perf123456
perf_user_16043,perf123456
perf_user_16044,perf123456
perf_user_16045,perf123456
perf_user_16046,perf123456
perf_user_16047,perf123456
perf_user_16048,perf123456
perf_user_16049,perf123456
perf_user_16050,perf123456
perf_user_16051,perf123456
perf_user_16052,perf123456
perf_user_16053,perf123456
perf_user_16054,perf123456
perf_user_16055,perf123456
perf_user_16056,perf123456
perf_user_16057,perf123456
perf_user_16058,perf123456
perf_user_16059,perf123456
perf_user_16060,perf123456
perf_user_16061,perf123456
perf_user_16062,perf123456
perf_user_16063,perf123456
perf_user_16064,perf123456
perf_user_16065,perf123456
perf_user_16066,perf123456
perf_user_16067,perf123456
perf_user_16068,perf123456
perf_user_16069,perf123456
perf_user_16070,perf123456
perf_user_16071,perf123456
perf_user_16072,perf123456
perf_user_16073,perf123456
perf_user_16074,perf123456
perf_user_16075,perf123456
perf_user_16076,perf123456
perf_user_16077,perf123456
perf_user_16078,perf123456
perf_user_16079,perf123456
perf_user_16080,perf123456
perf_user_16081,perf123456
perf_user_16082,perf123456
perf_user_16083,perf123456
perf_user_16084,perf123456
perf_user_16085,perf123456
perf_user_16086,perf123456
perf_user_16087,perf123456
perf_user_16088,perf123456
perf_user_16089,perf123456
perf_user_16090,perf123456
perf_user_16091,perf123456
perf_user_16092,perf123456
perf_user_16093,perf123456
perf_user_16094,perf123456
perf_user_16095,perf123456
perf_user_16096,perf123456
perf_user_16097,perf123456
perf_user_16098,perf123456
perf_user_16099,perf123456
perf_user_16100,perf123456
perf_user_16101,perf123456
perf_user_16102,perf123456
perf_user_16103,perf123456
perf_user_16104,perf123456
perf_user_16105,perf123456
perf_user_16106,perf123456
perf_user_16107,perf123456
perf_user_16108,perf123456
perf_user_16109,perf123456
perf_user_16110,perf123456
perf_user_16111,perf123456
perf_user_16112,perf123456
perf_user_16113,perf123456
perf_user_16114,perf123456
perf_user_16115,perf123456
perf_user_16116,perf123456
perf_user_16117,perf123456
perf_user_16118,perf123456
perf_user_16119,perf123456
perf_user_16120,perf123456
perf_user_16121,perf123456
perf_user_16122,perf123456
perf_user_16123,perf123456
perf_user_16124,perf123456
perf_user_16125,perf123456
perf_user_16126,perf123456
perf_user_16127,perf123456
perf_user_16128,perf123456
perf_user_16129,perf123456
perf_user_16130,perf123456
perf_user_16131,perf123456
perf_user_16132,perf123456
perf_user_16133,perf123456
perf_user_16134,perf123456
perf_user_16135,perf123456
perf_user_16136,perf123456
perf_user_16137,perf123456
perf_user_16138,perf123456
perf_user_16139,perf123456
perf_user_16140,perf123456
perf_user_16141,perf123456
perf_user_16142,perf123456
perf_user_16143,perf123456
perf_user_16144,perf123456
perf_user_16145,perf123456
perf_user_16146,perf123456
perf_user_16147,perf123456
perf_user_16148,perf123456
perf_user_16149,perf123456
perf_user_16150,perf123456
perf_user_16151,perf123456
perf_user_16152,perf123456
perf_user_16153,perf123456
perf_user_16154,perf123456
perf_user_16155,perf123456
perf_user_16156,perf123456
perf_user_16157,perf123456
perf_user_16158,perf123456
perf_user_16159,perf123456
perf_user_16160,perf123456
perf_user_16161,perf123456
perf_user_16162,perf123456
perf_user_16163,perf123456
perf_user_16164,perf123456
perf_user_16165,perf123456
perf_user_16166,perf123456
perf_user_16167,perf123456
perf_user_16168,perf123456
perf_user_16169,perf123456
perf_user_16170,perf123456
perf_user_16171,perf123456
perf_user_16172,perf123456
perf_user_16173,perf123456
perf_user_16174,perf123456
perf_user_16175,perf123456
perf_user_16176,perf123456
perf_user_16177,perf123456
perf_user_16178,perf123456
perf_user_16179,perf123456
perf_user_16180,perf123456
perf_user_16181,perf123456
perf_user_16182,perf123456
perf_user_16183,perf123456
perf_user_16184,perf123456
perf_user_16185,perf123456
perf_user_16186,perf123456
perf_user_16187,perf123456
perf_user_16188,perf123456
perf_user_16189,perf123456
perf_user_16190,perf123456
perf_user_16191,perf123456
perf_user_16192,perf123456
perf_user_16193,perf123456
perf_user_16194,perf123456
perf_user_16195,perf123456
perf_user_16196,perf123456
perf_user_16197,perf123456
perf_user_16198,perf123456
perf_user_16199,perf123456
perf_user_16200,perf123456
perf_user_16201,perf123456
perf_user_16202,perf123456
perf_user_16203,perf123456
perf_user_16204,perf123456
perf_user_16205,perf123456
perf_user_16206,perf123456
perf_user_16207,perf123456
perf_user_16208,perf123456
perf_user_16209,perf123456
perf_user_16210,perf123456
perf_user_16211,perf123456
perf_user_16212,perf123456
perf_user_16213,perf123456
perf_user_16214,perf123456
perf_user_16215,perf123456
perf_user_16216,perf123456
perf_user_16217,perf123456
perf_user_16218,perf123456
perf_user_16219,perf123456
perf_user_16220,perf123456
perf_user_16221,perf123456
perf_user_16222,perf123456
perf_user_16223,perf123456
perf_user_16224,perf123456
perf_user_16225,perf123456
perf_user_16226,perf123456
perf_user_16227,perf123456
perf_user_16228,perf123456
perf_user_16229,perf123456
perf_user_16230,perf123456
perf_user_16231,perf123456
perf_user_16232,perf123456
perf_user_16233,perf123456
perf_user_16234,perf123456
perf_user_16235,perf123456
perf_user_16236,perf123456
perf_user_16237,perf123456
perf_user_16238,perf123456
perf_user_16239,perf123456
perf_user_16240,perf123456
perf_user_16241,perf123456
perf_user_16242,perf123456
perf_user_16243,perf123456
perf_user_16244,perf123456
perf_user_16245,perf123456
perf_user_16246,perf123456
perf_user_16247,perf123456
perf_user_16248,perf123456
perf_user_16249,perf123456
perf_user_16250,perf123456
perf_user_16251,perf123456
perf_user_16252,perf123456
perf_user_16253,perf123456
perf_user_16254,perf123456
perf_user_16255,perf123456
perf_user_16256,perf123456
perf_user_16257,perf123456
perf_user_16258,perf123456
perf_user_16259,perf123456
perf_user_16260,perf123456
perf_user_16261,perf123456
perf_user_16262,perf123456
perf_user_16263,perf123456
perf_user_16264,perf123456
perf_user_16265,perf123456
perf_user_16266,perf123456
perf_user_16267,perf123456
perf_user_16268,perf123456
perf_user_16269,perf123456
perf_user_16270,perf123456
perf_user_16271,perf123456
perf_user_16272,perf123456
perf_user_16273,perf123456
perf_user_16274,perf123456
perf_user_16275,perf123456
perf_user_16276,perf123456
perf_user_16277,perf123456
perf_user_16278,perf123456
perf_user_16279,perf123456
perf_user_16280,perf123456
perf_user_16281,perf123456
perf_user_16282,perf123456
perf_user_16283,perf123456
perf_user_16284,perf123456
perf_user_16285,perf123456
perf_user_16286,perf123456
perf_user_16287,perf123456
perf_user_16288,perf123456
perf_user_16289,perf123456
perf_user_16290,perf123456
perf_user_16291,perf123456
perf_user_16292,perf123456
perf_user_16293,perf123456
perf_user_16294,perf123456
perf_user_16295,perf123456
perf_user_16296,perf123456
perf_user_16297,perf123456
perf_user_16298,perf123456
perf_user_16299,perf123456
perf_user_16300,perf123456
perf_user_16301,perf123456
perf_user_16302,perf123456
perf_user_16303,perf123456
perf_user_16304,perf123456
perf_user_16305,perf123456
perf_user_16306,perf123456
perf_user_16307,perf123456
perf_user_16308,perf123456
perf_user_16309,perf123456
perf_user_16310,perf123456
perf_user_16311,perf123456
perf_user_16312,perf123456
perf_user_16313,perf123456
perf_user_16314,perf123456
perf_user_16315,perf123456
perf_user_16316,perf123456
perf_user_16317,perf123456
perf_user_16318,perf123456
perf_user_16319,perf123456
perf_user_16320,perf123456
perf_user_16321,perf123456
perf_user_16322,perf123456
perf_user_16323,perf123456
perf_user_16324,perf123456
perf_user_16325,perf123456
perf_user_16326,perf123456
perf_user_16327,perf123456
perf_user_16328,perf123456
perf_user_16329,perf123456
perf_user_16330,perf123456
perf_user_16331,perf123456
perf_user_16332,perf123456
perf_user_16333,perf123456
perf_user_16334,perf123456
perf_user_16335,perf123456
perf_user_16336,perf123456
perf_user_16337,perf123456
perf_user_16338,perf123456
perf_user_16339,perf123456
perf_user_16340,perf123456
perf_user_16341,perf123456
perf_user_16342,perf123456
perf_user_16343,perf123456
perf_user_16344,perf123456
perf_user_16345,perf123456
perf_user_16346,perf123456
perf_user_16347,perf123456
perf_user_16348,perf123456
perf_user_16349,perf123456
perf_user_16350,perf123456
perf_user_16351,perf123456
perf_user_16352,perf123456
perf_user_16353,perf123456
perf_user_16354,perf123456
perf_user_16355,perf123456
perf_user_16356,perf123456
perf_user_16357,perf123456
perf_user_16358,perf123456
perf_user_16359,perf123456
perf_user_16360,perf123456
perf_user_16361,perf123456
perf_user_16362,perf123456
perf_user_16363,perf123456
perf_user_16364,perf123456
perf_user_16365,perf123456
perf_user_16366,perf123456
perf_user_16367,perf123456
perf_user_16368,perf123456
perf_user_16369,perf123456
perf_user_16370,perf123456
perf_user_16371,perf123456
perf_user_16372,perf123456
perf_user_16373,perf123456
perf_user_16374,perf123456
perf_user_16375,perf123456
perf_user_16376,perf123456
perf_user_16377,perf123456
perf_user_16378,perf123456
perf_user_16379,perf123456
perf_user_16380,perf123456
perf_user_16381,perf123456
perf_user_16382,perf123456
perf_user_16383,perf123456
perf_user_16384,perf123456
perf_user_16385,perf123456
perf_user_16386,perf123456
perf_user_16387,perf123456
perf_user_16388,perf123456
perf_user_16389,perf123456
perf_user_16390,perf123456
perf_user_16391,perf123456
perf_user_16392,perf123456
perf_user_16393,perf123456
perf_user_16394,perf123456
perf_user_16395,perf123456
perf_user_16396,perf123456
perf_user_16397,perf123456
perf_user_16398,perf123456
perf_user_16399,perf123456
perf_user_16400,perf123456
perf_user_16401,perf123456
perf_user_16402,perf123456
perf_user_16403,perf123456
perf_user_16404,perf123456
perf_user_16405,perf123456
perf_user_16406,perf123456
perf_user_16407,perf123456
perf_user_16408,perf123456
perf_user_16409,perf123456
perf_user_16410,perf123456
perf_user_16411,perf123456
perf_user_16412,perf123456
perf_user_16413,perf123456
perf_user_16414,perf123456
perf_user_16415,perf123456
perf_user_16416,perf123456
perf_user_16417,perf123456
perf_user_16418,perf123456
perf_user_16419,perf123456
perf_user_16420,perf123456
perf_user_16421,perf123456
perf_user_16422,perf123456
perf_user_16423,perf123456
perf_user_16424,perf123456
perf_user_16425,perf123456
perf_user_16426,perf123456
perf_user_16427,perf123456
perf_user_16428,perf123456
perf_user_16429,perf123456
perf_user_16430,perf123456
perf_user_16431,perf123456
perf_user_16432,perf123456
perf_user_16433,perf123456
perf_user_16434,perf123456
perf_user_16435,perf123456
perf_user_16436,perf123456
perf_user_16437,perf123456
perf_user_16438,perf123456
perf_user_16439,perf123456
perf_user_16440,perf123456
perf_user_16441,perf123456
perf_user_16442,perf123456
perf_user_16443,perf123456
perf_user_16444,perf123456
perf_user_16445,perf123456
perf_user_16446,perf123456
perf_user_16447,perf123456
perf_user_16448,perf123456
perf_user_16449,perf123456
perf_user_16450,perf123456
perf_user_16451,perf123456
perf_user_16452,perf123456
perf_user_16453,perf123456
perf_user_16454,perf123456
perf_user_16455,perf123456
perf_user_16456,perf123456
perf_user_16457,perf123456
perf_user_16458,perf123456
perf_user_16459,perf123456
perf_user_16460,perf123456
perf_user_16461,perf123456
perf_user_16462,perf123456
perf_user_16463,perf123456
perf_user_16464,perf123456
perf_user_16465,perf123456
perf_user_16466,perf123456
perf_user_16467,perf123456
perf_user_16468,perf123456
perf_user_16469,perf123456
perf_user_16470,perf123456
perf_user_16471,perf123456
perf_user_16472,perf123456
perf_user_16473,perf123456
perf_user_16474,perf123456
perf_user_16475,perf123456
perf_user_16476,perf123456
perf_user_16477,perf123456
perf_user_16478,perf123456
perf_user_16479,perf123456
perf_user_16480,perf123456
perf_user_16481,perf123456
perf_user_16482,perf123456
perf_user_16483,perf123456
perf_user_16484,perf123456
perf_user_16485,perf123456
perf_user_16486,perf123456
perf_user_16487,perf123456
perf_user_16488,perf123456
perf_user_16489,perf123456
perf_user_16490,perf123456
perf_user_16491,perf123456
perf_user_16492,perf123456
perf_user_16493,perf123456
perf_user_16494,perf123456
perf_user_16495,perf123456
perf_user_16496,perf123456
perf_user_16497,perf123456
perf_user_16498,perf123456
perf_user_16499,perf123456
perf_user_16500,perf123456
perf_user_16501,perf123456
perf_user_16502,perf123456
perf_user_16503,perf123456
perf_user_16504,perf123456
perf_user_16505,perf123456
perf_user_16506,perf123456
perf_user_16507,perf123456
perf_user_16508,perf123456
perf_user_16509,perf123456
perf_user_16510,perf123456
perf_user_16511,perf123456
perf_user_16512,perf123456
perf_user_16513,perf123456
perf_user_16514,perf123456
perf_user_16515,perf123456
perf_user_16516,perf123456
perf_user_16517,perf123456
perf_user_16518,perf123456
perf_user_16519,perf123456
perf_user_16520,perf123456
perf_user_16521,perf123456
perf_user_16522,perf123456
perf_user_16523,perf123456
perf_user_16524,perf123456
perf_user_16525,perf123456
perf_user_16526,perf123456
perf_user_16527,perf123456
perf_user_16528,perf123456
perf_user_16529,perf123456
perf_user_16530,perf123456
perf_user_16531,perf123456
perf_user_16532,perf123456
perf_user_16533,perf123456
perf_user_16534,perf123456
perf_user_16535,perf123456
perf_user_16536,perf123456
perf_user_16537,perf123456
perf_user_16538,perf123456
perf_user_16539,perf123456
perf_user_16540,perf123456
perf_user_16541,perf123456
perf_user_16542,perf123456
perf_user_16543,perf123456
perf_user_16544,perf123456
perf_user_16545,perf123456
perf_user_16546,perf123456
perf_user_16547,perf123456
perf_user_16548,perf123456
perf_user_16549,perf123456
perf_user_16550,perf123456
perf_user_16551,perf123456
perf_user_16552,perf123456
perf_user_16553,perf123456
perf_user_16554,perf123456
perf_user_16555,perf123456
perf_user_16556,perf123456
perf_user_16557,perf123456
perf_user_16558,perf123456
perf_user_16559,perf123456
perf_user_16560,perf123456
perf_user_16561,perf123456
perf_user_16562,perf123456
perf_user_16563,perf123456
perf_user_16564,perf123456
perf_user_16565,perf123456
perf_user_16566,perf123456
perf_user_16567,perf123456
perf_user_16568,perf123456
perf_user_16569,perf123456
perf_user_16570,perf123456
perf_user_16571,perf123456
perf_user_16572,perf123456
perf_user_16573,perf123456
perf_user_16574,perf123456
perf_user_16575,perf123456
perf_user_16576,perf123456
perf_user_16577,perf123456
perf_user_16578,perf123456
perf_user_16579,perf123456
perf_user_16580,perf123456
perf_user_16581,perf123456
perf_user_16582,perf123456
perf_user_16583,perf123456
perf_user_16584,perf123456
perf_user_16585,perf123456
perf_user_16586,perf123456
perf_user_16587,perf123456
perf_user_16588,perf123456
perf_user_16589,perf123456
perf_user_16590,perf123456
perf_user_16591,perf123456
perf_user_16592,perf123456
perf_user_16593,perf123456
perf_user_16594,perf123456
perf_user_16595,perf123456
perf_user_16596,perf123456
perf_user_16597,perf123456
perf_user_16598,perf123456
perf_user_16599,perf123456
perf_user_16600,perf123456
perf_user_16601,perf123456
perf_user_16602,perf123456
perf_user_16603,perf123456
perf_user_16604,perf123456
perf_user_16605,perf123456
perf_user_16606,perf123456
perf_user_16607,perf123456
perf_user_16608,perf123456
perf_user_16609,perf123456
perf_user_16610,perf123456
perf_user_16611,perf123456
perf_user_16612,perf123456
perf_user_16613,perf123456
perf_user_16614,perf123456
perf_user_16615,perf123456
perf_user_16616,perf123456
perf_user_16617,perf123456
perf_user_16618,perf123456
perf_user_16619,perf123456
perf_user_16620,perf123456
perf_user_16621,perf123456
perf_user_16622,perf123456
perf_user_16623,perf123456
perf_user_16624,perf123456
perf_user_16625,perf123456
perf_user_16626,perf123456
perf_user_16627,perf123456
perf_user_16628,perf123456
perf_user_16629,perf123456
perf_user_16630,perf123456
perf_user_16631,perf123456
perf_user_16632,perf123456
perf_user_16633,perf123456
perf_user_16634,perf123456
perf_user_16635,perf123456
perf_user_16636,perf123456
perf_user_16637,perf123456
perf_user_16638,perf123456
perf_user_16639,perf123456
perf_user_16640,perf123456
perf_user_16641,perf123456
perf_user_16642,perf123456
perf_user_16643,perf123456
perf_user_16644,perf123456
perf_user_16645,perf123456
perf_user_16646,perf123456
perf_user_16647,perf123456
perf_user_16648,perf123456
perf_user_16649,perf123456
perf_user_16650,perf123456
perf_user_16651,perf123456
perf_user_16652,perf123456
perf_user_16653,perf123456
perf_user_16654,perf123456
perf_user_16655,perf123456
perf_user_16656,perf123456
perf_user_16657,perf123456
perf_user_16658,perf123456
perf_user_16659,perf123456
perf_user_16660,perf123456
perf_user_16661,perf123456
perf_user_16662,perf123456
perf_user_16663,perf123456
perf_user_16664,perf123456
perf_user_16665,perf123456
perf_user_16666,perf123456
perf_user_16667,perf123456
perf_user_16668,perf123456
perf_user_16669,perf123456
perf_user_16670,perf123456
perf_user_16671,perf123456
perf_user_16672,perf123456
perf_user_16673,perf123456
perf_user_16674,perf123456
perf_user_16675,perf123456
perf_user_16676,perf123456
perf_user_16677,perf123456
perf_user_16678,perf123456
perf_user_16679,perf123456
perf_user_16680,perf123456
perf_user_16681,perf123456
perf_user_16682,perf123456
perf_user_16683,perf123456
perf_user_16684,perf123456
perf_user_16685,perf123456
perf_user_16686,perf123456
perf_user_16687,perf123456
perf_user_16688,perf123456
perf_user_16689,perf123456
perf_user_16690,perf123456
perf_user_16691,perf123456
perf_user_16692,perf123456
perf_user_16693,perf123456
perf_user_16694,perf123456
perf_user_16695,perf123456
perf_user_16696,perf123456
perf_user_16697,perf123456
perf_user_16698,perf123456
perf_user_16699,perf123456
perf_user_16700,perf123456
perf_user_16701,perf123456
perf_user_16702,perf123456
perf_user_16703,perf123456
perf_user_16704,perf123456
perf_user_16705,perf123456
perf_user_16706,perf123456
perf_user_16707,perf123456
perf_user_16708,perf123456
perf_user_16709,perf123456
perf_user_16710,perf123456
perf_user_16711,perf123456
perf_user_16712,perf123456
perf_user_16713,perf123456
perf_user_16714,perf123456
perf_user_16715,perf123456
perf_user_16716,perf123456
perf_user_16717,perf123456
perf_user_16718,perf123456
perf_user_16719,perf123456
perf_user_16720,perf123456
perf_user_16721,perf123456
perf_user_16722,perf123456
perf_user_16723,perf123456
perf_user_16724,perf123456
perf_user_16725,perf123456
perf_user_16726,perf123456
perf_user_16727,perf123456
perf_user_16728,perf123456
perf_user_16729,perf123456
perf_user_16730,perf123456
perf_user_16731,perf123456
perf_user_16732,perf123456
perf_user_16733,perf123456
perf_user_16734,perf123456
perf_user_16735,perf123456
perf_user_16736,perf123456
perf_user_16737,perf123456
perf_user_16738,perf123456
perf_user_16739,perf123456
perf_user_16740,perf123456
perf_user_16741,perf123456
perf_user_16742,perf123456
perf_user_16743,perf123456
perf_user_16744,perf123456
perf_user_16745,perf123456
perf_user_16746,perf123456
perf_user_16747,perf123456
perf_user_16748,perf123456
perf_user_16749,perf123456
perf_user_16750,perf123456
perf_user_16751,perf123456
perf_user_16752,perf123456
perf_user_16753,perf123456
perf_user_16754,perf123456
perf_user_16755,perf123456
perf_user_16756,perf123456
perf_user_16757,perf123456
perf_user_16758,perf123456
perf_user_16759,perf123456
perf_user_16760,perf123456
perf_user_16761,perf123456
perf_user_16762,perf123456
perf_user_16763,perf123456
perf_user_16764,perf123456
perf_user_16765,perf123456
perf_user_16766,perf123456
perf_user_16767,perf123456
perf_user_16768,perf123456
perf_user_16769,perf123456
perf_user_16770,perf123456
perf_user_16771,perf123456
perf_user_16772,perf123456
perf_user_16773,perf123456
perf_user_16774,perf123456
perf_user_16775,perf123456
perf_user_16776,perf123456
perf_user_16777,perf123456
perf_user_16778,perf123456
perf_user_16779,perf123456
perf_user_16780,perf123456
perf_user_16781,perf123456
perf_user_16782,perf123456
perf_user_16783,perf123456
perf_user_16784,perf123456
perf_user_16785,perf123456
perf_user_16786,perf123456
perf_user_16787,perf123456
perf_user_16788,perf123456
perf_user_16789,perf123456
perf_user_16790,perf123456
perf_user_16791,perf123456
perf_user_16792,perf123456
perf_user_16793,perf123456
perf_user_16794,perf123456
perf_user_16795,perf123456
perf_user_16796,perf123456
perf_user_16797,perf123456
perf_user_16798,perf123456
perf_user_16799,perf123456
perf_user_16800,perf123456
perf_user_16801,perf123456
perf_user_16802,perf123456
perf_user_16803,perf123456
perf_user_16804,perf123456
perf_user_16805,perf123456
perf_user_16806,perf123456
perf_user_16807,perf123456
perf_user_16808,perf123456
perf_user_16809,perf123456
perf_user_16810,perf123456
perf_user_16811,perf123456
perf_user_16812,perf123456
perf_user_16813,perf123456
perf_user_16814,perf123456
perf_user_16815,perf123456
perf_user_16816,perf123456
perf_user_16817,perf123456
perf_user_16818,perf123456
perf_user_16819,perf123456
perf_user_16820,perf123456
perf_user_16821,perf123456
perf_user_16822,perf123456
perf_user_16823,perf123456
perf_user_16824,perf123456
perf_user_16825,perf123456
perf_user_16826,perf123456
perf_user_16827,perf123456
perf_user_16828,perf123456
perf_user_16829,perf123456
perf_user_16830,perf123456
perf_user_16831,perf123456
perf_user_16832,perf123456
perf_user_16833,perf123456
perf_user_16834,perf123456
perf_user_16835,perf123456
perf_user_16836,perf123456
perf_user_16837,perf123456
perf_user_16838,perf123456
perf_user_16839,perf123456
perf_user_16840,perf123456
perf_user_16841,perf123456
perf_user_16842,perf123456
perf_user_16843,perf123456
perf_user_16844,perf123456
perf_user_16845,perf123456
perf_user_16846,perf123456
perf_user_16847,perf123456
perf_user_16848,perf123456
perf_user_16849,perf123456
perf_user_16850,perf123456
perf_user_16851,perf123456
perf_user_16852,perf123456
perf_user_16853,perf123456
perf_user_16854,perf123456
perf_user_16855,perf123456
perf_user_16856,perf123456
perf_user_16857,perf123456
perf_user_16858,perf123456
perf_user_16859,perf123456
perf_user_16860,perf123456
perf_user_16861,perf123456
perf_user_16862,perf123456
perf_user_16863,perf123456
perf_user_16864,perf123456
perf_user_16865,perf123456
perf_user_16866,perf123456
perf_user_16867,perf123456
perf_user_16868,perf123456
perf_user_16869,perf123456
perf_user_16870,perf123456
perf_user_16871,perf123456
perf_user_16872,perf123456
perf_user_16873,perf123456
perf_user_16874,perf123456
perf_user_16875,perf123456
perf_user_16876,perf123456
perf_user_16877,perf123456
perf_user_16878,perf123456
perf_user_16879,perf123456
perf_user_16880,perf123456
perf_user_16881,perf123456
perf_user_16882,perf123456
perf_user_16883,perf123456
perf_user_16884,perf123456
perf_user_16885,perf123456
perf_user_16886,perf123456
perf_user_16887,perf123456
perf_user_16888,perf123456
perf_user_16889,perf123456
perf_user_16890,perf123456
perf_user_16891,perf123456
perf_user_16892,perf123456
perf_user_16893,perf123456
perf_user_16894,perf123456
perf_user_16895,perf123456
perf_user_16896,perf123456
perf_user_16897,perf123456
perf_user_16898,perf123456
perf_user_16899,perf123456
perf_user_16900,perf123456
perf_user_16901,perf123456
perf_user_16902,perf123456
perf_user_16903,perf123456
perf_user_16904,perf123456
perf_user_16905,perf123456
perf_user_16906,perf123456
perf_user_16907,perf123456
perf_user_16908,perf123456
perf_user_16909,perf123456
perf_user_16910,perf123456
perf_user_16911,perf123456
perf_user_16912,perf123456
perf_user_16913,perf123456
perf_user_16914,perf123456
perf_user_16915,perf123456
perf_user_16916,perf123456
perf_user_16917,perf123456
perf_user_16918,perf123456
perf_user_16919,perf123456
perf_user_16920,perf123456
perf_user_16921,perf123456
perf_user_16922,perf123456
perf_user_16923,perf123456
perf_user_16924,perf123456
perf_user_16925,perf123456
perf_user_16926,perf123456
perf_user_16927,perf123456
perf_user_16928,perf123456
perf_user_16929,perf123456
perf_user_16930,perf123456
perf_user_16931,perf123456
perf_user_16932,perf123456
perf_user_16933,perf123456
perf_user_16934,perf123456
perf_user_16935,perf123456
perf_user_16936,perf123456
perf_user_16937,perf123456
perf_user_16938,perf123456
perf_user_16939,perf123456
perf_user_16940,perf123456
perf_user_16941,perf123456
perf_user_16942,perf123456
perf_user_16943,perf123456
perf_user_16944,perf123456
perf_user_16945,perf123456
perf_user_16946,perf123456
perf_user_16947,perf123456
perf_user_16948,perf123456
perf_user_16949,perf123456
perf_user_16950,perf123456
perf_user_16951,perf123456
perf_user_16952,perf123456
perf_user_16953,perf123456
perf_user_16954,perf123456
perf_user_16955,perf123456
perf_user_16956,perf123456
perf_user_16957,perf123456
perf_user_16958,perf123456
perf_user_16959,perf123456
perf_user_16960,perf123456
perf_user_16961,perf123456
perf_user_16962,perf123456
perf_user_16963,perf123456
perf_user_16964,perf123456
perf_user_16965,perf123456
perf_user_16966,perf123456
perf_user_16967,perf123456
perf_user_16968,perf123456
perf_user_16969,perf123456
perf_user_16970,perf123456
perf_user_16971,perf123456
perf_user_16972,perf123456
perf_user_16973,perf123456
perf_user_16974,perf123456
perf_user_16975,perf123456
perf_user_16976,perf123456
perf_user_16977,perf123456
perf_user_16978,perf123456
perf_user_16979,perf123456
perf_user_16980,perf123456
perf_user_16981,perf123456
perf_user_16982,perf123456
perf_user_16983,perf123456
perf_user_16984,perf123456
perf_user_16985,perf123456
perf_user_16986,perf123456
perf_user_16987,perf123456
perf_user_16988,perf123456
perf_user_16989,perf123456
perf_user_16990,perf123456
perf_user_16991,perf123456
perf_user_16992,perf123456
perf_user_16993,perf123456
perf_user_16994,perf123456
perf_user_16995,perf123456
perf_user_16996,perf123456
perf_user_16997,perf123456
perf_user_16998,perf123456
perf_user_16999,perf123456
perf_user_17000,perf123456
perf_user_17001,perf123456
perf_user_17002,perf123456
perf_user_17003,perf123456
perf_user_17004,perf123456
perf_user_17005,perf123456
perf_user_17006,perf123456
perf_user_17007,perf123456
perf_user_17008,perf123456
perf_user_17009,perf123456
perf_user_17010,perf123456
perf_user_17011,perf123456
perf_user_17012,perf123456
perf_user_17013,perf123456
perf_user_17014,perf123456
perf_user_17015,perf123456
perf_user_17016,perf123456
perf_user_17017,perf123456
perf_user_17018,perf123456
perf_user_17019,perf123456
perf_user_17020,perf123456
perf_user_17021,perf123456
perf_user_17022,perf123456
perf_user_17023,perf123456
perf_user_17024,perf123456
perf_user_17025,perf123456
perf_user_17026,perf123456
perf_user_17027,perf123456
perf_user_17028,perf123456
perf_user_17029,perf123456
perf_user_17030,perf123456
perf_user_17031,perf123456
perf_user_17032,perf123456
perf_user_17033,perf123456
perf_user_17034,perf123456
perf_user_17035,perf123456
perf_user_17036,perf123456
perf_user_17037,perf123456
perf_user_17038,perf123456
perf_user_17039,perf123456
perf_user_17040,perf123456
perf_user_17041,perf123456
perf_user_17042,perf123456
perf_user_17043,perf123456
perf_user_17044,perf123456
perf_user_17045,perf123456
perf_user_17046,perf123456
perf_user_17047,perf123456
perf_user_17048,perf123456
perf_user_17049,perf123456
perf_user_17050,perf123456
perf_user_17051,perf123456
perf_user_17052,perf123456
perf_user_17053,perf123456
perf_user_17054,perf123456
perf_user_17055,perf123456
perf_user_17056,perf123456
perf_user_17057,perf123456
perf_user_17058,perf123456
perf_user_17059,perf123456
perf_user_17060,perf123456
perf_user_17061,perf123456
perf_user_17062,perf123456
perf_user_17063,perf123456
perf_user_17064,perf123456
perf_user_17065,perf123456
perf_user_17066,perf123456
perf_user_17067,perf123456
perf_user_17068,perf123456
perf_user_17069,perf123456
perf_user_17070,perf123456
perf_user_17071,perf123456
perf_user_17072,perf123456
perf_user_17073,perf123456
perf_user_17074,perf123456
perf_user_17075,perf123456
perf_user_17076,perf123456
perf_user_17077,perf123456
perf_user_17078,perf123456
perf_user_17079,perf123456
perf_user_17080,perf123456
perf_user_17081,perf123456
perf_user_17082,perf123456
perf_user_17083,perf123456
perf_user_17084,perf123456
perf_user_17085,perf123456
perf_user_17086,perf123456
perf_user_17087,perf123456
perf_user_17088,perf123456
perf_user_17089,perf123456
perf_user_17090,perf123456
perf_user_17091,perf123456
perf_user_17092,perf123456
perf_user_17093,perf123456
perf_user_17094,perf123456
perf_user_17095,perf123456
perf_user_17096,perf123456
perf_user_17097,perf123456
perf_user_17098,perf123456
perf_user_17099,perf123456
perf_user_17100,perf123456
perf_user_17101,perf123456
perf_user_17102,perf123456
perf_user_17103,perf123456
perf_user_17104,perf123456
perf_user_17105,perf123456
perf_user_17106,perf123456
perf_user_17107,perf123456
perf_user_17108,perf123456
perf_user_17109,perf123456
perf_user_17110,perf123456
perf_user_17111,perf123456
perf_user_17112,perf123456
perf_user_17113,perf123456
perf_user_17114,perf123456
perf_user_17115,perf123456
perf_user_17116,perf123456
perf_user_17117,perf123456
perf_user_17118,perf123456
perf_user_17119,perf123456
perf_user_17120,perf123456
perf_user_17121,perf123456
perf_user_17122,perf123456
perf_user_17123,perf123456
perf_user_17124,perf123456
perf_user_17125,perf123456
perf_user_17126,perf123456
perf_user_17127,perf123456
perf_user_17128,perf123456
perf_user_17129,perf123456
perf_user_17130,perf123456
perf_user_17131,perf123456
perf_user_17132,perf123456
perf_user_17133,perf123456
perf_user_17134,perf123456
perf_user_17135,perf123456
perf_user_17136,perf123456
perf_user_17137,perf123456
perf_user_17138,perf123456
perf_user_17139,perf123456
perf_user_17140,perf123456
perf_user_17141,perf123456
perf_user_17142,perf123456
perf_user_17143,perf123456
perf_user_17144,perf123456
perf_user_17145,perf123456
perf_user_17146,perf123456
perf_user_17147,perf123456
perf_user_17148,perf123456
perf_user_17149,perf123456
perf_user_17150,perf123456
perf_user_17151,perf123456
perf_user_17152,perf123456
perf_user_17153,perf123456
perf_user_17154,perf123456
perf_user_17155,perf123456
perf_user_17156,perf123456
perf_user_17157,perf123456
perf_user_17158,perf123456
perf_user_17159,perf123456
perf_user_17160,perf123456
perf_user_17161,perf123456
perf_user_17162,perf123456
perf_user_17163,perf123456
perf_user_17164,perf123456
perf_user_17165,perf123456
perf_user_17166,perf123456
perf_user_17167,perf123456
perf_user_17168,perf123456
perf_user_17169,perf123456
perf_user_17170,perf123456
perf_user_17171,perf123456
perf_user_17172,perf123456
perf_user_17173,perf123456
perf_user_17174,perf123456
perf_user_17175,perf123456
perf_user_17176,perf123456
perf_user_17177,perf123456
perf_user_17178,perf123456
perf_user_17179,perf123456
perf_user_17180,perf123456
perf_user_17181,perf123456
perf_user_17182,perf123456
perf_user_17183,perf123456
perf_user_17184,perf123456
perf_user_17185,perf123456
perf_user_17186,perf123456
perf_user_17187,perf123456
perf_user_17188,perf123456
perf_user_17189,perf123456
perf_user_17190,perf123456
perf_user_17191,perf123456
perf_user_17192,perf123456
perf_user_17193,perf123456
perf_user_17194,perf123456
perf_user_17195,perf123456
perf_user_17196,perf123456
perf_user_17197,perf123456
perf_user_17198,perf123456
perf_user_17199,perf123456
perf_user_17200,perf123456
perf_user_17201,perf123456
perf_user_17202,perf123456
perf_user_17203,perf123456
perf_user_17204,perf123456
perf_user_17205,perf123456
perf_user_17206,perf123456
perf_user_17207,perf123456
perf_user_17208,perf123456
perf_user_17209,perf123456
perf_user_17210,perf123456
perf_user_17211,perf123456
perf_user_17212,perf123456
perf_user_17213,perf123456
perf_user_17214,perf123456
perf_user_17215,perf123456
perf_user_17216,perf123456
perf_user_17217,perf123456
perf_user_17218,perf123456
perf_user_17219,perf123456
perf_user_17220,perf123456
perf_user_17221,perf123456
perf_user_17222,perf123456
perf_user_17223,perf123456
perf_user_17224,perf123456
perf_user_17225,perf123456
perf_user_17226,perf123456
perf_user_17227,perf123456
perf_user_17228,perf123456
perf_user_17229,perf123456
perf_user_17230,perf123456
perf_user_17231,perf123456
perf_user_17232,perf123456
perf_user_17233,perf123456
perf_user_17234,perf123456
perf_user_17235,perf123456
perf_user_17236,perf123456
perf_user_17237,perf123456
perf_user_17238,perf123456
perf_user_17239,perf123456
perf_user_17240,perf123456
perf_user_17241,perf123456
perf_user_17242,perf123456
perf_user_17243,perf123456
perf_user_17244,perf123456
perf_user_17245,perf123456
perf_user_17246,perf123456
perf_user_17247,perf123456
perf_user_17248,perf123456
perf_user_17249,perf123456
perf_user_17250,perf123456
perf_user_17251,perf123456
perf_user_17252,perf123456
perf_user_17253,perf123456
perf_user_17254,perf123456
perf_user_17255,perf123456
perf_user_17256,perf123456
perf_user_17257,perf123456
perf_user_17258,perf123456
perf_user_17259,perf123456
perf_user_17260,perf123456
perf_user_17261,perf123456
perf_user_17262,perf123456
perf_user_17263,perf123456
perf_user_17264,perf123456
perf_user_17265,perf123456
perf_user_17266,perf123456
perf_user_17267,perf123456
perf_user_17268,perf123456
perf_user_17269,perf123456
perf_user_17270,perf123456
perf_user_17271,perf123456
perf_user_17272,perf123456
perf_user_17273,perf123456
perf_user_17274,perf123456
perf_user_17275,perf123456
perf_user_17276,perf123456
perf_user_17277,perf123456
perf_user_17278,perf123456
perf_user_17279,perf123456
perf_user_17280,perf123456
perf_user_17281,perf123456
perf_user_17282,perf123456
perf_user_17283,perf123456
perf_user_17284,perf123456
perf_user_17285,perf123456
perf_user_17286,perf123456
perf_user_17287,perf123456
perf_user_17288,perf123456
perf_user_17289,perf123456
perf_user_17290,perf123456
perf_user_17291,perf123456
perf_user_17292,perf123456
perf_user_17293,perf123456
perf_user_17294,perf123456
perf_user_17295,perf123456
perf_user_17296,perf123456
perf_user_17297,perf123456
perf_user_17298,perf123456
perf_user_17299,perf123456
perf_user_17300,perf123456
perf_user_17301,perf123456
perf_user_17302,perf123456
perf_user_17303,perf123456
perf_user_17304,perf123456
perf_user_17305,perf123456
perf_user_17306,perf123456
perf_user_17307,perf123456
perf_user_17308,perf123456
perf_user_17309,perf123456
perf_user_17310,perf123456
perf_user_17311,perf123456
perf_user_17312,perf123456
perf_user_17313,perf123456
perf_user_17314,perf123456
perf_user_17315,perf123456
perf_user_17316,perf123456
perf_user_17317,perf123456
perf_user_17318,perf123456
perf_user_17319,perf123456
perf_user_17320,perf123456
perf_user_17321,perf123456
perf_user_17322,perf123456
perf_user_17323,perf123456
perf_user_17324,perf123456
perf_user_17325,perf123456
perf_user_17326,perf123456
perf_user_17327,perf123456
perf_user_17328,perf123456
perf_user_17329,perf123456
perf_user_17330,perf123456
perf_user_17331,perf123456
perf_user_17332,perf123456
perf_user_17333,perf123456
perf_user_17334,perf123456
perf_user_17335,perf123456
perf_user_17336,perf123456
perf_user_17337,perf123456
perf_user_17338,perf123456
perf_user_17339,perf123456
perf_user_17340,perf123456
perf_user_17341,perf123456
perf_user_17342,perf123456
perf_user_17343,perf123456
perf_user_17344,perf123456
perf_user_17345,perf123456
perf_user_17346,perf123456
perf_user_17347,perf123456
perf_user_17348,perf123456
perf_user_17349,perf123456
perf_user_17350,perf123456
perf_user_17351,perf123456
perf_user_17352,perf123456
perf_user_17353,perf123456
perf_user_17354,perf123456
perf_user_17355,perf123456
perf_user_17356,perf123456
perf_user_17357,perf123456
perf_user_17358,perf123456
perf_user_17359,perf123456
perf_user_17360,perf123456
perf_user_17361,perf123456
perf_user_17362,perf123456
perf_user_17363,perf123456
perf_user_17364,perf123456
perf_user_17365,perf123456
perf_user_17366,perf123456
perf_user_17367,perf123456
perf_user_17368,perf123456
perf_user_17369,perf123456
perf_user_17370,perf123456
perf_user_17371,perf123456
perf_user_17372,perf123456
perf_user_17373,perf123456
perf_user_17374,perf123456
perf_user_17375,perf123456
perf_user_17376,perf123456
perf_user_17377,perf123456
perf_user_17378,perf123456
perf_user_17379,perf123456
perf_user_17380,perf123456
perf_user_17381,perf123456
perf_user_17382,perf123456
perf_user_17383,perf123456
perf_user_17384,perf123456
perf_user_17385,perf123456
perf_user_17386,perf123456
perf_user_17387,perf123456
perf_user_17388,perf123456
perf_user_17389,perf123456
perf_user_17390,perf123456
perf_user_17391,perf123456
perf_user_17392,perf123456
perf_user_17393,perf123456
perf_user_17394,perf123456
perf_user_17395,perf123456
perf_user_17396,perf123456
perf_user_17397,perf123456
perf_user_17398,perf123456
perf_user_17399,perf123456
perf_user_17400,perf123456
perf_user_17401,perf123456
perf_user_17402,perf123456
perf_user_17403,perf123456
perf_user_17404,perf123456
perf_user_17405,perf123456
perf_user_17406,perf123456
perf_user_17407,perf123456
perf_user_17408,perf123456
perf_user_17409,perf123456
perf_user_17410,perf123456
perf_user_17411,perf123456
perf_user_17412,perf123456
perf_user_17413,perf123456
perf_user_17414,perf123456
perf_user_17415,perf123456
perf_user_17416,perf123456
perf_user_17417,perf123456
perf_user_17418,perf123456
perf_user_17419,perf123456
perf_user_17420,perf123456
perf_user_17421,perf123456
perf_user_17422,perf123456
perf_user_17423,perf123456
perf_user_17424,perf123456
perf_user_17425,perf123456
perf_user_17426,perf123456
perf_user_17427,perf123456
perf_user_17428,perf123456
perf_user_17429,perf123456
perf_user_17430,perf123456
perf_user_17431,perf123456
perf_user_17432,perf123456
perf_user_17433,perf123456
perf_user_17434,perf123456
perf_user_17435,perf123456
perf_user_17436,perf123456
perf_user_17437,perf123456
perf_user_17438,perf123456
perf_user_17439,perf123456
perf_user_17440,perf123456
perf_user_17441,perf123456
perf_user_17442,perf123456
perf_user_17443,perf123456
perf_user_17444,perf123456
perf_user_17445,perf123456
perf_user_17446,perf123456
perf_user_17447,perf123456
perf_user_17448,perf123456
perf_user_17449,perf123456
perf_user_17450,perf123456
perf_user_17451,perf123456
perf_user_17452,perf123456
perf_user_17453,perf123456
perf_user_17454,perf123456
perf_user_17455,perf123456
perf_user_17456,perf123456
perf_user_17457,perf123456
perf_user_17458,perf123456
perf_user_17459,perf123456
perf_user_17460,perf123456
perf_user_17461,perf123456
perf_user_17462,perf123456
perf_user_17463,perf123456
perf_user_17464,perf123456
perf_user_17465,perf123456
perf_user_17466,perf123456
perf_user_17467,perf123456
perf_user_17468,perf123456
perf_user_17469,perf123456
perf_user_17470,perf123456
perf_user_17471,perf123456
perf_user_17472,perf123456
perf_user_17473,perf123456
perf_user_17474,perf123456
perf_user_17475,perf123456
perf_user_17476,perf123456
perf_user_17477,perf123456
perf_user_17478,perf123456
perf_user_17479,perf123456
perf_user_17480,perf123456
perf_user_17481,perf123456
perf_user_17482,perf123456
perf_user_17483,perf123456
perf_user_17484,perf123456
perf_user_17485,perf123456
perf_user_17486,perf123456
perf_user_17487,perf123456
perf_user_17488,perf123456
perf_user_17489,perf123456
perf_user_17490,perf123456
perf_user_17491,perf123456
perf_user_17492,perf123456
perf_user_17493,perf123456
perf_user_17494,perf123456
perf_user_17495,perf123456
perf_user_17496,perf123456
perf_user_17497,perf123456
perf_user_17498,perf123456
perf_user_17499,perf123456
perf_user_17500,perf123456
perf_user_17501,perf123456
perf_user_17502,perf123456
perf_user_17503,perf123456
perf_user_17504,perf123456
perf_user_17505,perf123456
perf_user_17506,perf123456
perf_user_17507,perf123456
perf_user_17508,perf123456
perf_user_17509,perf123456
perf_user_17510,perf123456
perf_user_17511,perf123456
perf_user_17512,perf123456
perf_user_17513,perf123456
perf_user_17514,perf123456
perf_user_17515,perf123456
perf_user_17516,perf123456
perf_user_17517,perf123456
perf_user_17518,perf123456
perf_user_17519,perf123456
perf_user_17520,perf123456
perf_user_17521,perf123456
perf_user_17522,perf123456
perf_user_17523,perf123456
perf_user_17524,perf123456
perf_user_17525,perf123456
perf_user_17526,perf123456
perf_user_17527,perf123456
perf_user_17528,perf123456
perf_user_17529,perf123456
perf_user_17530,perf123456
perf_user_17531,perf123456
perf_user_17532,perf123456
perf_user_17533,perf123456
perf_user_17534,perf123456
perf_user_17535,perf123456
perf_user_17536,perf123456
perf_user_17537,perf123456
perf_user_17538,perf123456
perf_user_17539,perf123456
perf_user_17540,perf123456
perf_user_17541,perf123456
perf_user_17542,perf123456
perf_user_17543,perf123456
perf_user_17544,perf123456
perf_user_17545,perf123456
perf_user_17546,perf123456
perf_user_17547,perf123456
perf_user_17548,perf123456
perf_user_17549,perf123456
perf_user_17550,perf123456
perf_user_17551,perf123456
perf_user_17552,perf123456
perf_user_17553,perf123456
perf_user_17554,perf123456
perf_user_17555,perf123456
perf_user_17556,perf123456
perf_user_17557,perf123456
perf_user_17558,perf123456
perf_user_17559,perf123456
perf_user_17560,perf123456
perf_user_17561,perf123456
perf_user_17562,perf123456
perf_user_17563,perf123456
perf_user_17564,perf123456
perf_user_17565,perf123456
perf_user_17566,perf123456
perf_user_17567,perf123456
perf_user_17568,perf123456
perf_user_17569,perf123456
perf_user_17570,perf123456
perf_user_17571,perf123456
perf_user_17572,perf123456
perf_user_17573,perf123456
perf_user_17574,perf123456
perf_user_17575,perf123456
perf_user_17576,perf123456
perf_user_17577,perf123456
perf_user_17578,perf123456
perf_user_17579,perf123456
perf_user_17580,perf123456
perf_user_17581,perf123456
perf_user_17582,perf123456
perf_user_17583,perf123456
perf_user_17584,perf123456
perf_user_17585,perf123456
perf_user_17586,perf123456
perf_user_17587,perf123456
perf_user_17588,perf123456
perf_user_17589,perf123456
perf_user_17590,perf123456
perf_user_17591,perf123456
perf_user_17592,perf123456
perf_user_17593,perf123456
perf_user_17594,perf123456
perf_user_17595,perf123456
perf_user_17596,perf123456
perf_user_17597,perf123456
perf_user_17598,perf123456
perf_user_17599,perf123456
perf_user_17600,perf123456
perf_user_17601,perf123456
perf_user_17602,perf123456
perf_user_17603,perf123456
perf_user_17604,perf123456
perf_user_17605,perf123456
perf_user_17606,perf123456
perf_user_17607,perf123456
perf_user_17608,perf123456
perf_user_17609,perf123456
perf_user_17610,perf123456
perf_user_17611,perf123456
perf_user_17612,perf123456
perf_user_17613,perf123456
perf_user_17614,perf123456
perf_user_17615,perf123456
perf_user_17616,perf123456
perf_user_17617,perf123456
perf_user_17618,perf123456
perf_user_17619,perf123456
perf_user_17620,perf123456
perf_user_17621,perf123456
perf_user_17622,perf123456
perf_user_17623,perf123456
perf_user_17624,perf123456
perf_user_17625,perf123456
perf_user_17626,perf123456
perf_user_17627,perf123456
perf_user_17628,perf123456
perf_user_17629,perf123456
perf_user_17630,perf123456
perf_user_17631,perf123456
perf_user_17632,perf123456
perf_user_17633,perf123456
perf_user_17634,perf123456
perf_user_17635,perf123456
perf_user_17636,perf123456
perf_user_17637,perf123456
perf_user_17638,perf123456
perf_user_17639,perf123456
perf_user_17640,perf123456
perf_user_17641,perf123456
perf_user_17642,perf123456
perf_user_17643,perf123456
perf_user_17644,perf123456
perf_user_17645,perf123456
perf_user_17646,perf123456
perf_user_17647,perf123456
perf_user_17648,perf123456
perf_user_17649,perf123456
perf_user_17650,perf123456
perf_user_17651,perf123456
perf_user_17652,perf123456
perf_user_17653,perf123456
perf_user_17654,perf123456
perf_user_17655,perf123456
perf_user_17656,perf123456
perf_user_17657,perf123456
perf_user_17658,perf123456
perf_user_17659,perf123456
perf_user_17660,perf123456
perf_user_17661,perf123456
perf_user_17662,perf123456
perf_user_17663,perf123456
perf_user_17664,perf123456
perf_user_17665,perf123456
perf_user_17666,perf123456
perf_user_17667,perf123456
perf_user_17668,perf123456
perf_user_17669,perf123456
perf_user_17670,perf123456
perf_user_17671,perf123456
perf_user_17672,perf123456
perf_user_17673,perf123456
perf_user_17674,perf123456
perf_user_17675,perf123456
perf_user_17676,perf123456
perf_user_17677,perf123456
perf_user_17678,perf123456
perf_user_17679,perf123456
perf_user_17680,perf123456
perf_user_17681,perf123456
perf_user_17682,perf123456
perf_user_17683,perf123456
perf_user_17684,perf123456
perf_user_17685,perf123456
perf_user_17686,perf123456
perf_user_17687,perf123456
perf_user_17688,perf123456
perf_user_17689,perf123456
perf_user_17690,perf123456
perf_user_17691,perf123456
perf_user_17692,perf123456
perf_user_17693,perf123456
perf_user_17694,perf123456
perf_user_17695,perf123456
perf_user_17696,perf123456
perf_user_17697,perf123456
perf_user_17698,perf123456
perf_user_17699,perf123456
perf_user_17700,perf123456
perf_user_17701,perf123456
perf_user_17702,perf123456
perf_user_17703,perf123456
perf_user_17704,perf123456
perf_user_17705,perf123456
perf_user_17706,perf123456
perf_user_17707,perf123456
perf_user_17708,perf123456
perf_user_17709,perf123456
perf_user_17710,perf123456
perf_user_17711,perf123456
perf_user_17712,perf123456
perf_user_17713,perf123456
perf_user_17714,perf123456
perf_user_17715,perf123456
perf_user_17716,perf123456
perf_user_17717,perf123456
perf_user_17718,perf123456
perf_user_17719,perf123456
perf_user_17720,perf123456
perf_user_17721,perf123456
perf_user_17722,perf123456
perf_user_17723,perf123456
perf_user_17724,perf123456
perf_user_17725,perf123456
perf_user_17726,perf123456
perf_user_17727,perf123456
perf_user_17728,perf123456
perf_user_17729,perf123456
perf_user_17730,perf123456
perf_user_17731,perf123456
perf_user_17732,perf123456
perf_user_17733,perf123456
perf_user_17734,perf123456
perf_user_17735,perf123456
perf_user_17736,perf123456
perf_user_17737,perf123456
perf_user_17738,perf123456
perf_user_17739,perf123456
perf_user_17740,perf123456
perf_user_17741,perf123456
perf_user_17742,perf123456
perf_user_17743,perf123456
perf_user_17744,perf123456
perf_user_17745,perf123456
perf_user_17746,perf123456
perf_user_17747,perf123456
perf_user_17748,perf123456
perf_user_17749,perf123456
perf_user_17750,perf123456
perf_user_17751,perf123456
perf_user_17752,perf123456
perf_user_17753,perf123456
perf_user_17754,perf123456
perf_user_17755,perf123456
perf_user_17756,perf123456
perf_user_17757,perf123456
perf_user_17758,perf123456
perf_user_17759,perf123456
perf_user_17760,perf123456
perf_user_17761,perf123456
perf_user_17762,perf123456
perf_user_17763,perf123456
perf_user_17764,perf123456
perf_user_17765,perf123456
perf_user_17766,perf123456
perf_user_17767,perf123456
perf_user_17768,perf123456
perf_user_17769,perf123456
perf_user_17770,perf123456
perf_user_17771,perf123456
perf_user_17772,perf123456
perf_user_17773,perf123456
perf_user_17774,perf123456
perf_user_17775,perf123456
perf_user_17776,perf123456
perf_user_17777,perf123456
perf_user_17778,perf123456
perf_user_17779,perf123456
perf_user_17780,perf123456
perf_user_17781,perf123456
perf_user_17782,perf123456
perf_user_17783,perf123456
perf_user_17784,perf123456
perf_user_17785,perf123456
perf_user_17786,perf123456
perf_user_17787,perf123456
perf_user_17788,perf123456
perf_user_17789,perf123456
perf_user_17790,perf123456
perf_user_17791,perf123456
perf_user_17792,perf123456
perf_user_17793,perf123456
perf_user_17794,perf123456
perf_user_17795,perf123456
perf_user_17796,perf123456
perf_user_17797,perf123456
perf_user_17798,perf123456
perf_user_17799,perf123456
perf_user_17800,perf123456
perf_user_17801,perf123456
perf_user_17802,perf123456
perf_user_17803,perf123456
perf_user_17804,perf123456
perf_user_17805,perf123456
perf_user_17806,perf123456
perf_user_17807,perf123456
perf_user_17808,perf123456
perf_user_17809,perf123456
perf_user_17810,perf123456
perf_user_17811,perf123456
perf_user_17812,perf123456
perf_user_17813,perf123456
perf_user_17814,perf123456
perf_user_17815,perf123456
perf_user_17816,perf123456
perf_user_17817,perf123456
perf_user_17818,perf123456
perf_user_17819,perf123456
perf_user_17820,perf123456
perf_user_17821,perf123456
perf_user_17822,perf123456
perf_user_17823,perf123456
perf_user_17824,perf123456
perf_user_17825,perf123456
perf_user_17826,perf123456
perf_user_17827,perf123456
perf_user_17828,perf123456
perf_user_17829,perf123456
perf_user_17830,perf123456
perf_user_17831,perf123456
perf_user_17832,perf123456
perf_user_17833,perf123456
perf_user_17834,perf123456
perf_user_17835,perf123456
perf_user_17836,perf123456
perf_user_17837,perf123456
perf_user_17838,perf123456
perf_user_17839,perf123456
perf_user_17840,perf123456
perf_user_17841,perf123456
perf_user_17842,perf123456
perf_user_17843,perf123456
perf_user_17844,perf123456
perf_user_17845,perf123456
perf_user_17846,perf123456
perf_user_17847,perf123456
perf_user_17848,perf123456
perf_user_17849,perf123456
perf_user_17850,perf123456
perf_user_17851,perf123456
perf_user_17852,perf123456
perf_user_17853,perf123456
perf_user_17854,perf123456
perf_user_17855,perf123456
perf_user_17856,perf123456
perf_user_17857,perf123456
perf_user_17858,perf123456
perf_user_17859,perf123456
perf_user_17860,perf123456
perf_user_17861,perf123456
perf_user_17862,perf123456
perf_user_17863,perf123456
perf_user_17864,perf123456
perf_user_17865,perf123456
perf_user_17866,perf123456
perf_user_17867,perf123456
perf_user_17868,perf123456
perf_user_17869,perf123456
perf_user_17870,perf123456
perf_user_17871,perf123456
perf_user_17872,perf123456
perf_user_17873,perf123456
perf_user_17874,perf123456
perf_user_17875,perf123456
perf_user_17876,perf123456
perf_user_17877,perf123456
perf_user_17878,perf123456
perf_user_17879,perf123456
perf_user_17880,perf123456
perf_user_17881,perf123456
perf_user_17882,perf123456
perf_user_17883,perf123456
perf_user_17884,perf123456
perf_user_17885,perf123456
perf_user_17886,perf123456
perf_user_17887,perf123456
perf_user_17888,perf123456
perf_user_17889,perf123456
perf_user_17890,perf123456
perf_user_17891,perf123456
perf_user_17892,perf123456
perf_user_17893,perf123456
perf_user_17894,perf123456
perf_user_17895,perf123456
perf_user_17896,perf123456
perf_user_17897,perf123456
perf_user_17898,perf123456
perf_user_17899,perf123456
perf_user_17900,perf123456
perf_user_17901,perf123456
perf_user_17902,perf123456
perf_user_17903,perf123456
perf_user_17904,perf123456
perf_user_17905,perf123456
perf_user_17906,perf123456
perf_user_17907,perf123456
perf_user_17908,perf123456
perf_user_17909,perf123456
perf_user_17910,perf123456
perf_user_17911,perf123456
perf_user_17912,perf123456
perf_user_17913,perf123456
perf_user_17914,perf123456
perf_user_17915,perf123456
perf_user_17916,perf123456
perf_user_17917,perf123456
perf_user_17918,perf123456
perf_user_17919,perf123456
perf_user_17920,perf123456
perf_user_17921,perf123456
perf_user_17922,perf123456
perf_user_17923,perf123456
perf_user_17924,perf123456
perf_user_17925,perf123456
perf_user_17926,perf123456
perf_user_17927,perf123456
perf_user_17928,perf123456
perf_user_17929,perf123456
perf_user_17930,perf123456
perf_user_17931,perf123456
perf_user_17932,perf123456
perf_user_17933,perf123456
perf_user_17934,perf123456
perf_user_17935,perf123456
perf_user_17936,perf123456
perf_user_17937,perf123456
perf_user_17938,perf123456
perf_user_17939,perf123456
perf_user_17940,perf123456
perf_user_17941,perf123456
perf_user_17942,perf123456
perf_user_17943,perf123456
perf_user_17944,perf123456
perf_user_17945,perf123456
perf_user_17946,perf123456
perf_user_17947,perf123456
perf_user_17948,perf123456
perf_user_17949,perf123456
perf_user_17950,perf123456
perf_user_17951,perf123456
perf_user_17952,perf123456
perf_user_17953,perf123456
perf_user_17954,perf123456
perf_user_17955,perf123456
perf_user_17956,perf123456
perf_user_17957,perf123456
perf_user_17958,perf123456
perf_user_17959,perf123456
perf_user_17960,perf123456
perf_user_17961,perf123456
perf_user_17962,perf123456
perf_user_17963,perf123456
perf_user_17964,perf123456
perf_user_17965,perf123456
perf_user_17966,perf123456
perf_user_17967,perf123456
perf_user_17968,perf123456
perf_user_17969,perf123456
perf_user_17970,perf123456
perf_user_17971,perf123456
perf_user_17972,perf123456
perf_user_17973,perf123456
perf_user_17974,perf123456
perf_user_17975,perf123456
perf_user_17976,perf123456
perf_user_17977,perf123456
perf_user_17978,perf123456
perf_user_17979,perf123456
perf_user_17980,perf123456
perf_user_17981,perf123456
perf_user_17982,perf123456
perf_user_17983,perf123456
perf_user_17984,perf123456
perf_user_17985,perf123456
perf_user_17986,perf123456
perf_user_17987,perf123456
perf_user_17988,perf123456
perf_user_17989,perf123456
perf_user_17990,perf123456
perf_user_17991,perf123456
perf_user_17992,perf123456
perf_user_17993,perf123456
perf_user_17994,perf123456
perf_user_17995,perf123456
perf_user_17996,perf123456
perf_user_17997,perf123456
perf_user_17998,perf123456
perf_user_17999,perf123456
perf_user_18000,perf123456
perf_user_18001,perf123456
perf_user_18002,perf123456
perf_user_18003,perf123456
perf_user_18004,perf123456
perf_user_18005,perf123456
perf_user_18006,perf123456
perf_user_18007,perf123456
perf_user_18008,perf123456
perf_user_18009,perf123456
perf_user_18010,perf123456
perf_user_18011,perf123456
perf_user_18012,perf123456
perf_user_18013,perf123456
perf_user_18014,perf123456
perf_user_18015,perf123456
perf_user_18016,perf123456
perf_user_18017,perf123456
perf_user_18018,perf123456
perf_user_18019,perf123456
perf_user_18020,perf123456
perf_user_18021,perf123456
perf_user_18022,perf123456
perf_user_18023,perf123456
perf_user_18024,perf123456
perf_user_18025,perf123456
perf_user_18026,perf123456
perf_user_18027,perf123456
perf_user_18028,perf123456
perf_user_18029,perf123456
perf_user_18030,perf123456
perf_user_18031,perf123456
perf_user_18032,perf123456
perf_user_18033,perf123456
perf_user_18034,perf123456
perf_user_18035,perf123456
perf_user_18036,perf123456
perf_user_18037,perf123456
perf_user_18038,perf123456
perf_user_18039,perf123456
perf_user_18040,perf123456
perf_user_18041,perf123456
perf_user_18042,perf123456
perf_user_18043,perf123456
perf_user_18044,perf123456
perf_user_18045,perf123456
perf_user_18046,perf123456
perf_user_18047,perf123456
perf_user_18048,perf123456
perf_user_18049,perf123456
perf_user_18050,perf123456
perf_user_18051,perf123456
perf_user_18052,perf123456
perf_user_18053,perf123456
perf_user_18054,perf123456
perf_user_18055,perf123456
perf_user_18056,perf123456
perf_user_18057,perf123456
perf_user_18058,perf123456
perf_user_18059,perf123456
perf_user_18060,perf123456
perf_user_18061,perf123456
perf_user_18062,perf123456
perf_user_18063,perf123456
perf_user_18064,perf123456
perf_user_18065,perf123456
perf_user_18066,perf123456
perf_user_18067,perf123456
perf_user_18068,perf123456
perf_user_18069,perf123456
perf_user_18070,perf123456
perf_user_18071,perf123456
perf_user_18072,perf123456
perf_user_18073,perf123456
perf_user_18074,perf123456
perf_user_18075,perf123456
perf_user_18076,perf123456
perf_user_18077,perf123456
perf_user_18078,perf123456
perf_user_18079,perf123456
perf_user_18080,perf123456
perf_user_18081,perf123456
perf_user_18082,perf123456
perf_user_18083,perf123456
perf_user_18084,perf123456
perf_user_18085,perf123456
perf_user_18086,perf123456
perf_user_18087,perf123456
perf_user_18088,perf123456
perf_user_18089,perf123456
perf_user_18090,perf123456
perf_user_18091,perf123456
perf_user_18092,perf123456
perf_user_18093,perf123456
perf_user_18094,perf123456
perf_user_18095,perf123456
perf_user_18096,perf123456
perf_user_18097,perf123456
perf_user_18098,perf123456
perf_user_18099,perf123456
perf_user_18100,perf123456
perf_user_18101,perf123456
perf_user_18102,perf123456
perf_user_18103,perf123456
perf_user_18104,perf123456
perf_user_18105,perf123456
perf_user_18106,perf123456
perf_user_18107,perf123456
perf_user_18108,perf123456
perf_user_18109,perf123456
perf_user_18110,perf123456
perf_user_18111,perf123456
perf_user_18112,perf123456
perf_user_18113,perf123456
perf_user_18114,perf123456
perf_user_18115,perf123456
perf_user_18116,perf123456
perf_user_18117,perf123456
perf_user_18118,perf123456
perf_user_18119,perf123456
perf_user_18120,perf123456
perf_user_18121,perf123456
perf_user_18122,perf123456
perf_user_18123,perf123456
perf_user_18124,perf123456
perf_user_18125,perf123456
perf_user_18126,perf123456
perf_user_18127,perf123456
perf_user_18128,perf123456
perf_user_18129,perf123456
perf_user_18130,perf123456
perf_user_18131,perf123456
perf_user_18132,perf123456
perf_user_18133,perf123456
perf_user_18134,perf123456
perf_user_18135,perf123456
perf_user_18136,perf123456
perf_user_18137,perf123456
perf_user_18138,perf123456
perf_user_18139,perf123456
perf_user_18140,perf123456
perf_user_18141,perf123456
perf_user_18142,perf123456
perf_user_18143,perf123456
perf_user_18144,perf123456
perf_user_18145,perf123456
perf_user_18146,perf123456
perf_user_18147,perf123456
perf_user_18148,perf123456
perf_user_18149,perf123456
perf_user_18150,perf123456
perf_user_18151,perf123456
perf_user_18152,perf123456
perf_user_18153,perf123456
perf_user_18154,perf123456
perf_user_18155,perf123456
perf_user_18156,perf123456
perf_user_18157,perf123456
perf_user_18158,perf123456
perf_user_18159,perf123456
perf_user_18160,perf123456
perf_user_18161,perf123456
perf_user_18162,perf123456
perf_user_18163,perf123456
perf_user_18164,perf123456
perf_user_18165,perf123456
perf_user_18166,perf123456
perf_user_18167,perf123456
perf_user_18168,perf123456
perf_user_18169,perf123456
perf_user_18170,perf123456
perf_user_18171,perf123456
perf_user_18172,perf123456
perf_user_18173,perf123456
perf_user_18174,perf123456
perf_user_18175,perf123456
perf_user_18176,perf123456
perf_user_18177,perf123456
perf_user_18178,perf123456
perf_user_18179,perf123456
perf_user_18180,perf123456
perf_user_18181,perf123456
perf_user_18182,perf123456
perf_user_18183,perf123456
perf_user_18184,perf123456
perf_user_18185,perf123456
perf_user_18186,perf123456
perf_user_18187,perf123456
perf_user_18188,perf123456
perf_user_18189,perf123456
perf_user_18190,perf123456
perf_user_18191,perf123456
perf_user_18192,perf123456
perf_user_18193,perf123456
perf_user_18194,perf123456
perf_user_18195,perf123456
perf_user_18196,perf123456
perf_user_18197,perf123456
perf_user_18198,perf123456
perf_user_18199,perf123456
perf_user_18200,perf123456
perf_user_18201,perf123456
perf_user_18202,perf123456
perf_user_18203,perf123456
perf_user_18204,perf123456
perf_user_18205,perf123456
perf_user_18206,perf123456
perf_user_18207,perf123456
perf_user_18208,perf123456
perf_user_18209,perf123456
perf_user_18210,perf123456
perf_user_18211,perf123456
perf_user_18212,perf123456
perf_user_18213,perf123456
perf_user_18214,perf123456
perf_user_18215,perf123456
perf_user_18216,perf123456
perf_user_18217,perf123456
perf_user_18218,perf123456
perf_user_18219,perf123456
perf_user_18220,perf123456
perf_user_18221,perf123456
perf_user_18222,perf123456
perf_user_18223,perf123456
perf_user_18224,perf123456
perf_user_18225,perf123456
perf_user_18226,perf123456
perf_user_18227,perf123456
perf_user_18228,perf123456
perf_user_18229,perf123456
perf_user_18230,perf123456
perf_user_18231,perf123456
perf_user_18232,perf123456
perf_user_18233,perf123456
perf_user_18234,perf123456
perf_user_18235,perf123456
perf_user_18236,perf123456
perf_user_18237,perf123456
perf_user_18238,perf123456
perf_user_18239,perf123456
perf_user_18240,perf123456
perf_user_18241,perf123456
perf_user_18242,perf123456
perf_user_18243,perf123456
perf_user_18244,perf123456
perf_user_18245,perf123456
perf_user_18246,perf123456
perf_user_18247,perf123456
perf_user_18248,perf123456
perf_user_18249,perf123456
perf_user_18250,perf123456
perf_user_18251,perf123456
perf_user_18252,perf123456
perf_user_18253,perf123456
perf_user_18254,perf123456
perf_user_18255,perf123456
perf_user_18256,perf123456
perf_user_18257,perf123456
perf_user_18258,perf123456
perf_user_18259,perf123456
perf_user_18260,perf123456
perf_user_18261,perf123456
perf_user_18262,perf123456
perf_user_18263,perf123456
perf_user_18264,perf123456
perf_user_18265,perf123456
perf_user_18266,perf123456
perf_user_18267,perf123456
perf_user_18268,perf123456
perf_user_18269,perf123456
perf_user_18270,perf123456
perf_user_18271,perf123456
perf_user_18272,perf123456
perf_user_18273,perf123456
perf_user_18274,perf123456
perf_user_18275,perf123456
perf_user_18276,perf123456
perf_user_18277,perf123456
perf_user_18278,perf123456
perf_user_18279,perf123456
perf_user_18280,perf123456
perf_user_18281,perf123456
perf_user_18282,perf123456
perf_user_18283,perf123456
perf_user_18284,perf123456
perf_user_18285,perf123456
perf_user_18286,perf123456
perf_user_18287,perf123456
perf_user_18288,perf123456
perf_user_18289,perf123456
perf_user_18290,perf123456
perf_user_18291,perf123456
perf_user_18292,perf123456
perf_user_18293,perf123456
perf_user_18294,perf123456
perf_user_18295,perf123456
perf_user_18296,perf123456
perf_user_18297,perf123456
perf_user_18298,perf123456
perf_user_18299,perf123456
perf_user_18300,perf123456
perf_user_18301,perf123456
perf_user_18302,perf123456
perf_user_18303,perf123456
perf_user_18304,perf123456
perf_user_18305,perf123456
perf_user_18306,perf123456
perf_user_18307,perf123456
perf_user_18308,perf123456
perf_user_18309,perf123456
perf_user_18310,perf123456
perf_user_18311,perf123456
perf_user_18312,perf123456
perf_user_18313,perf123456
perf_user_18314,perf123456
perf_user_18315,perf123456
perf_user_18316,perf123456
perf_user_18317,perf123456
perf_user_18318,perf123456
perf_user_18319,perf123456
perf_user_18320,perf123456
perf_user_18321,perf123456
perf_user_18322,perf123456
perf_user_18323,perf123456
perf_user_18324,perf123456
perf_user_18325,perf123456
perf_user_18326,perf123456
perf_user_18327,perf123456
perf_user_18328,perf123456
perf_user_18329,perf123456
perf_user_18330,perf123456
perf_user_18331,perf123456
perf_user_18332,perf123456
perf_user_18333,perf123456
perf_user_18334,perf123456
perf_user_18335,perf123456
perf_user_18336,perf123456
perf_user_18337,perf123456
perf_user_18338,perf123456
perf_user_18339,perf123456
perf_user_18340,perf123456
perf_user_18341,perf123456
perf_user_18342,perf123456
perf_user_18343,perf123456
perf_user_18344,perf123456
perf_user_18345,perf123456
perf_user_18346,perf123456
perf_user_18347,perf123456
perf_user_18348,perf123456
perf_user_18349,perf123456
perf_user_18350,perf123456
perf_user_18351,perf123456
perf_user_18352,perf123456
perf_user_18353,perf123456
perf_user_18354,perf123456
perf_user_18355,perf123456
perf_user_18356,perf123456
perf_user_18357,perf123456
perf_user_18358,perf123456
perf_user_18359,perf123456
perf_user_18360,perf123456
perf_user_18361,perf123456
perf_user_18362,perf123456
perf_user_18363,perf123456
perf_user_18364,perf123456
perf_user_18365,perf123456
perf_user_18366,perf123456
perf_user_18367,perf123456
perf_user_18368,perf123456
perf_user_18369,perf123456
perf_user_18370,perf123456
perf_user_18371,perf123456
perf_user_18372,perf123456
perf_user_18373,perf123456
perf_user_18374,perf123456
perf_user_18375,perf123456
perf_user_18376,perf123456
perf_user_18377,perf123456
perf_user_18378,perf123456
perf_user_18379,perf123456
perf_user_18380,perf123456
perf_user_18381,perf123456
perf_user_18382,perf123456
perf_user_18383,perf123456
perf_user_18384,perf123456
perf_user_18385,perf123456
perf_user_18386,perf123456
perf_user_18387,perf123456
perf_user_18388,perf123456
perf_user_18389,perf123456
perf_user_18390,perf123456
perf_user_18391,perf123456
perf_user_18392,perf123456
perf_user_18393,perf123456
perf_user_18394,perf123456
perf_user_18395,perf123456
perf_user_18396,perf123456
perf_user_18397,perf123456
perf_user_18398,perf123456
perf_user_18399,perf123456
perf_user_18400,perf123456
perf_user_18401,perf123456
perf_user_18402,perf123456
perf_user_18403,perf123456
perf_user_18404,perf123456
perf_user_18405,perf123456
perf_user_18406,perf123456
perf_user_18407,perf123456
perf_user_18408,perf123456
perf_user_18409,perf123456
perf_user_18410,perf123456
perf_user_18411,perf123456
perf_user_18412,perf123456
perf_user_18413,perf123456
perf_user_18414,perf123456
perf_user_18415,perf123456
perf_user_18416,perf123456
perf_user_18417,perf123456
perf_user_18418,perf123456
perf_user_18419,perf123456
perf_user_18420,perf123456
perf_user_18421,perf123456
perf_user_18422,perf123456
perf_user_18423,perf123456
perf_user_18424,perf123456
perf_user_18425,perf123456
perf_user_18426,perf123456
perf_user_18427,perf123456
perf_user_18428,perf123456
perf_user_18429,perf123456
perf_user_18430,perf123456
perf_user_18431,perf123456
perf_user_18432,perf123456
perf_user_18433,perf123456
perf_user_18434,perf123456
perf_user_18435,perf123456
perf_user_18436,perf123456
perf_user_18437,perf123456
perf_user_18438,perf123456
perf_user_18439,perf123456
perf_user_18440,perf123456
perf_user_18441,perf123456
perf_user_18442,perf123456
perf_user_18443,perf123456
perf_user_18444,perf123456
perf_user_18445,perf123456
perf_user_18446,perf123456
perf_user_18447,perf123456
perf_user_18448,perf123456
perf_user_18449,perf123456
perf_user_18450,perf123456
perf_user_18451,perf123456
perf_user_18452,perf123456
perf_user_18453,perf123456
perf_user_18454,perf123456
perf_user_18455,perf123456
perf_user_18456,perf123456
perf_user_18457,perf123456
perf_user_18458,perf123456
perf_user_18459,perf123456
perf_user_18460,perf123456
perf_user_18461,perf123456
perf_user_18462,perf123456
perf_user_18463,perf123456
perf_user_18464,perf123456
perf_user_18465,perf123456
perf_user_18466,perf123456
perf_user_18467,perf123456
perf_user_18468,perf123456
perf_user_18469,perf123456
perf_user_18470,perf123456
perf_user_18471,perf123456
perf_user_18472,perf123456
perf_user_18473,perf123456
perf_user_18474,perf123456
perf_user_18475,perf123456
perf_user_18476,perf123456
perf_user_18477,perf123456
perf_user_18478,perf123456
perf_user_18479,perf123456
perf_user_18480,perf123456
perf_user_18481,perf123456
perf_user_18482,perf123456
perf_user_18483,perf123456
perf_user_18484,perf123456
perf_user_18485,perf123456
perf_user_18486,perf123456
perf_user_18487,perf123456
perf_user_18488,perf123456
perf_user_18489,perf123456
perf_user_18490,perf123456
perf_user_18491,perf123456
perf_user_18492,perf123456
perf_user_18493,perf123456
perf_user_18494,perf123456
perf_user_18495,perf123456
perf_user_18496,perf123456
perf_user_18497,perf123456
perf_user_18498,perf123456
perf_user_18499,perf123456
perf_user_18500,perf123456
perf_user_18501,perf123456
perf_user_18502,perf123456
perf_user_18503,perf123456
perf_user_18504,perf123456
perf_user_18505,perf123456
perf_user_18506,perf123456
perf_user_18507,perf123456
perf_user_18508,perf123456
perf_user_18509,perf123456
perf_user_18510,perf123456
perf_user_18511,perf123456
perf_user_18512,perf123456
perf_user_18513,perf123456
perf_user_18514,perf123456
perf_user_18515,perf123456
perf_user_18516,perf123456
perf_user_18517,perf123456
perf_user_18518,perf123456
perf_user_18519,perf123456
perf_user_18520,perf123456
perf_user_18521,perf123456
perf_user_18522,perf123456
perf_user_18523,perf123456
perf_user_18524,perf123456
perf_user_18525,perf123456
perf_user_18526,perf123456
perf_user_18527,perf123456
perf_user_18528,perf123456
perf_user_18529,perf123456
perf_user_18530,perf123456
perf_user_18531,perf123456
perf_user_18532,perf123456
perf_user_18533,perf123456
perf_user_18534,perf123456
perf_user_18535,perf123456
perf_user_18536,perf123456
perf_user_18537,perf123456
perf_user_18538,perf123456
perf_user_18539,perf123456
perf_user_18540,perf123456
perf_user_18541,perf123456
perf_user_18542,perf123456
perf_user_18543,perf123456
perf_user_18544,perf123456
perf_user_18545,perf123456
perf_user_18546,perf123456
perf_user_18547,perf123456
perf_user_18548,perf123456
perf_user_18549,perf123456
perf_user_18550,perf123456
perf_user_18551,perf123456
perf_user_18552,perf123456
perf_user_18553,perf123456
perf_user_18554,perf123456
perf_user_18555,perf123456
perf_user_18556,perf123456
perf_user_18557,perf123456
perf_user_18558,perf123456
perf_user_18559,perf123456
perf_user_18560,perf123456
perf_user_18561,perf123456
perf_user_18562,perf123456
perf_user_18563,perf123456
perf_user_18564,perf123456
perf_user_18565,perf123456
perf_user_18566,perf123456
perf_user_18567,perf123456
perf_user_18568,perf123456
perf_user_18569,perf123456
perf_user_18570,perf123456
perf_user_18571,perf123456
perf_user_18572,perf123456
perf_user_18573,perf123456
perf_user_18574,perf123456
perf_user_18575,perf123456
perf_user_18576,perf123456
perf_user_18577,perf123456
perf_user_18578,perf123456
perf_user_18579,perf123456
perf_user_18580,perf123456
perf_user_18581,perf123456
perf_user_18582,perf123456
perf_user_18583,perf123456
perf_user_18584,perf123456
perf_user_18585,perf123456
perf_user_18586,perf123456
perf_user_18587,perf123456
perf_user_18588,perf123456
perf_user_18589,perf123456
perf_user_18590,perf123456
perf_user_18591,perf123456
perf_user_18592,perf123456
perf_user_18593,perf123456
perf_user_18594,perf123456
perf_user_18595,perf123456
perf_user_18596,perf123456
perf_user_18597,perf123456
perf_user_18598,perf123456
perf_user_18599,perf123456
perf_user_18600,perf123456
perf_user_18601,perf123456
perf_user_18602,perf123456
perf_user_18603,perf123456
perf_user_18604,perf123456
perf_user_18605,perf123456
perf_user_18606,perf123456
perf_user_18607,perf123456
perf_user_18608,perf123456
perf_user_18609,perf123456
perf_user_18610,perf123456
perf_user_18611,perf123456
perf_user_18612,perf123456
perf_user_18613,perf123456
perf_user_18614,perf123456
perf_user_18615,perf123456
perf_user_18616,perf123456
perf_user_18617,perf123456
perf_user_18618,perf123456
perf_user_18619,perf123456
perf_user_18620,perf123456
perf_user_18621,perf123456
perf_user_18622,perf123456
perf_user_18623,perf123456
perf_user_18624,perf123456
perf_user_18625,perf123456
perf_user_18626,perf123456
perf_user_18627,perf123456
perf_user_18628,perf123456
perf_user_18629,perf123456
perf_user_18630,perf123456
perf_user_18631,perf123456
perf_user_18632,perf123456
perf_user_18633,perf123456
perf_user_18634,perf123456
perf_user_18635,perf123456
perf_user_18636,perf123456
perf_user_18637,perf123456
perf_user_18638,perf123456
perf_user_18639,perf123456
perf_user_18640,perf123456
perf_user_18641,perf123456
perf_user_18642,perf123456
perf_user_18643,perf123456
perf_user_18644,perf123456
perf_user_18645,perf123456
perf_user_18646,perf123456
perf_user_18647,perf123456
perf_user_18648,perf123456
perf_user_18649,perf123456
perf_user_18650,perf123456
perf_user_18651,perf123456
perf_user_18652,perf123456
perf_user_18653,perf123456
perf_user_18654,perf123456
perf_user_18655,perf123456
perf_user_18656,perf123456
perf_user_18657,perf123456
perf_user_18658,perf123456
perf_user_18659,perf123456
perf_user_18660,perf123456
perf_user_18661,perf123456
perf_user_18662,perf123456
perf_user_18663,perf123456
perf_user_18664,perf123456
perf_user_18665,perf123456
perf_user_18666,perf123456
perf_user_18667,perf123456
perf_user_18668,perf123456
perf_user_18669,perf123456
perf_user_18670,perf123456
perf_user_18671,perf123456
perf_user_18672,perf123456
perf_user_18673,perf123456
perf_user_18674,perf123456
perf_user_18675,perf123456
perf_user_18676,perf123456
perf_user_18677,perf123456
perf_user_18678,perf123456
perf_user_18679,perf123456
perf_user_18680,perf123456
perf_user_18681,perf123456
perf_user_18682,perf123456
perf_user_18683,perf123456
perf_user_18684,perf123456
perf_user_18685,perf123456
perf_user_18686,perf123456
perf_user_18687,perf123456
perf_user_18688,perf123456
perf_user_18689,perf123456
perf_user_18690,perf123456
perf_user_18691,perf123456
perf_user_18692,perf123456
perf_user_18693,perf123456
perf_user_18694,perf123456
perf_user_18695,perf123456
perf_user_18696,perf123456
perf_user_18697,perf123456
perf_user_18698,perf123456
perf_user_18699,perf123456
perf_user_18700,perf123456
perf_user_18701,perf123456
perf_user_18702,perf123456
perf_user_18703,perf123456
perf_user_18704,perf123456
perf_user_18705,perf123456
perf_user_18706,perf123456
perf_user_18707,perf123456
perf_user_18708,perf123456
perf_user_18709,perf123456
perf_user_18710,perf123456
perf_user_18711,perf123456
perf_user_18712,perf123456
perf_user_18713,perf123456
perf_user_18714,perf123456
perf_user_18715,perf123456
perf_user_18716,perf123456
perf_user_18717,perf123456
perf_user_18718,perf123456
perf_user_18719,perf123456
perf_user_18720,perf123456
perf_user_18721,perf123456
perf_user_18722,perf123456
perf_user_18723,perf123456
perf_user_18724,perf123456
perf_user_18725,perf123456
perf_user_18726,perf123456
perf_user_18727,perf123456
perf_user_18728,perf123456
perf_user_18729,perf123456
perf_user_18730,perf123456
perf_user_18731,perf123456
perf_user_18732,perf123456
perf_user_18733,perf123456
perf_user_18734,perf123456
perf_user_18735,perf123456
perf_user_18736,perf123456
perf_user_18737,perf123456
perf_user_18738,perf123456
perf_user_18739,perf123456
perf_user_18740,perf123456
perf_user_18741,perf123456
perf_user_18742,perf123456
perf_user_18743,perf123456
perf_user_18744,perf123456
perf_user_18745,perf123456
perf_user_18746,perf123456
perf_user_18747,perf123456
perf_user_18748,perf123456
perf_user_18749,perf123456
perf_user_18750,perf123456
perf_user_18751,perf123456
perf_user_18752,perf123456
perf_user_18753,perf123456
perf_user_18754,perf123456
perf_user_18755,perf123456
perf_user_18756,perf123456
perf_user_18757,perf123456
perf_user_18758,perf123456
perf_user_18759,perf123456
perf_user_18760,perf123456
perf_user_18761,perf123456
perf_user_18762,perf123456
perf_user_18763,perf123456
perf_user_18764,perf123456
perf_user_18765,perf123456
perf_user_18766,perf123456
perf_user_18767,perf123456
perf_user_18768,perf123456
perf_user_18769,perf123456
perf_user_18770,perf123456
perf_user_18771,perf123456
perf_user_18772,perf123456
perf_user_18773,perf123456
perf_user_18774,perf123456
perf_user_18775,perf123456
perf_user_18776,perf123456
perf_user_18777,perf123456
perf_user_18778,perf123456
perf_user_18779,perf123456
perf_user_18780,perf123456
perf_user_18781,perf123456
perf_user_18782,perf123456
perf_user_18783,perf123456
perf_user_18784,perf123456
perf_user_18785,perf123456
perf_user_18786,perf123456
perf_user_18787,perf123456
perf_user_18788,perf123456
perf_user_18789,perf123456
perf_user_18790,perf123456
perf_user_18791,perf123456
perf_user_18792,perf123456
perf_user_18793,perf123456
perf_user_18794,perf123456
perf_user_18795,perf123456
perf_user_18796,perf123456
perf_user_18797,perf123456
perf_user_18798,perf123456
perf_user_18799,perf123456
perf_user_18800,perf123456
perf_user_18801,perf123456
perf_user_18802,perf123456
perf_user_18803,perf123456
perf_user_18804,perf123456
perf_user_18805,perf123456
perf_user_18806,perf123456
perf_user_18807,perf123456
perf_user_18808,perf123456
perf_user_18809,perf123456
perf_user_18810,perf123456
perf_user_18811,perf123456
perf_user_18812,perf123456
perf_user_18813,perf123456
perf_user_18814,perf123456
perf_user_18815,perf123456
perf_user_18816,perf123456
perf_user_18817,perf123456
perf_user_18818,perf123456
perf_user_18819,perf123456
perf_user_18820,perf123456
perf_user_18821,perf123456
perf_user_18822,perf123456
perf_user_18823,perf123456
perf_user_18824,perf123456
perf_user_18825,perf123456
perf_user_18826,perf123456
perf_user_18827,perf123456
perf_user_18828,perf123456
perf_user_18829,perf123456
perf_user_18830,perf123456
perf_user_18831,perf123456
perf_user_18832,perf123456
perf_user_18833,perf123456
perf_user_18834,perf123456
perf_user_18835,perf123456
perf_user_18836,perf123456
perf_user_18837,perf123456
perf_user_18838,perf123456
perf_user_18839,perf123456
perf_user_18840,perf123456
perf_user_18841,perf123456
perf_user_18842,perf123456
perf_user_18843,perf123456
perf_user_18844,perf123456
perf_user_18845,perf123456
perf_user_18846,perf123456
perf_user_18847,perf123456
perf_user_18848,perf123456
perf_user_18849,perf123456
perf_user_18850,perf123456
perf_user_18851,perf123456
perf_user_18852,perf123456
perf_user_18853,perf123456
perf_user_18854,perf123456
perf_user_18855,perf123456
perf_user_18856,perf123456
perf_user_18857,perf123456
perf_user_18858,perf123456
perf_user_18859,perf123456
perf_user_18860,perf123456
perf_user_18861,perf123456
perf_user_18862,perf123456
perf_user_18863,perf123456
perf_user_18864,perf123456
perf_user_18865,perf123456
perf_user_18866,perf123456
perf_user_18867,perf123456
perf_user_18868,perf123456
perf_user_18869,perf123456
perf_user_18870,perf123456
perf_user_18871,perf123456
perf_user_18872,perf123456
perf_user_18873,perf123456
perf_user_18874,perf123456
perf_user_18875,perf123456
perf_user_18876,perf123456
perf_user_18877,perf123456
perf_user_18878,perf123456
perf_user_18879,perf123456
perf_user_18880,perf123456
perf_user_18881,perf123456
perf_user_18882,perf123456
perf_user_18883,perf123456
perf_user_18884,perf123456
perf_user_18885,perf123456
perf_user_18886,perf123456
perf_user_18887,perf123456
perf_user_18888,perf123456
perf_user_18889,perf123456
perf_user_18890,perf123456
perf_user_18891,perf123456
perf_user_18892,perf123456
perf_user_18893,perf123456
perf_user_18894,perf123456
perf_user_18895,perf123456
perf_user_18896,perf123456
perf_user_18897,perf123456
perf_user_18898,perf123456
perf_user_18899,perf123456
perf_user_18900,perf123456
perf_user_18901,perf123456
perf_user_18902,perf123456
perf_user_18903,perf123456
perf_user_18904,perf123456
perf_user_18905,perf123456
perf_user_18906,perf123456
perf_user_18907,perf123456
perf_user_18908,perf123456
perf_user_18909,perf123456
perf_user_18910,perf123456
perf_user_18911,perf123456
perf_user_18912,perf123456
perf_user_18913,perf123456
perf_user_18914,perf123456
perf_user_18915,perf123456
perf_user_18916,perf123456
perf_user_18917,perf123456
perf_user_18918,perf123456
perf_user_18919,perf123456
perf_user_18920,perf123456
perf_user_18921,perf123456
perf_user_18922,perf123456
perf_user_18923,perf123456
perf_user_18924,perf123456
perf_user_18925,perf123456
perf_user_18926,perf123456
perf_user_18927,perf123456
perf_user_18928,perf123456
perf_user_18929,perf123456
perf_user_18930,perf123456
perf_user_18931,perf123456
perf_user_18932,perf123456
perf_user_18933,perf123456
perf_user_18934,perf123456
perf_user_18935,perf123456
perf_user_18936,perf123456
perf_user_18937,perf123456
perf_user_18938,perf123456
perf_user_18939,perf123456
perf_user_18940,perf123456
perf_user_18941,perf123456
perf_user_18942,perf123456
perf_user_18943,perf123456
perf_user_18944,perf123456
perf_user_18945,perf123456
perf_user_18946,perf123456
perf_user_18947,perf123456
perf_user_18948,perf123456
perf_user_18949,perf123456
perf_user_18950,perf123456
perf_user_18951,perf123456
perf_user_18952,perf123456
perf_user_18953,perf123456
perf_user_18954,perf123456
perf_user_18955,perf123456
perf_user_18956,perf123456
perf_user_18957,perf123456
perf_user_18958,perf123456
perf_user_18959,perf123456
perf_user_18960,perf123456
perf_user_18961,perf123456
perf_user_18962,perf123456
perf_user_18963,perf123456
perf_user_18964,perf123456
perf_user_18965,perf123456
perf_user_18966,perf123456
perf_user_18967,perf123456
perf_user_18968,perf123456
perf_user_18969,perf123456
perf_user_18970,perf123456
perf_user_18971,perf123456
perf_user_18972,perf123456
perf_user_18973,perf123456
perf_user_18974,perf123456
perf_user_18975,perf123456
perf_user_18976,perf123456
perf_user_18977,perf123456
perf_user_18978,perf123456
perf_user_18979,perf123456
perf_user_18980,perf123456
perf_user_18981,perf123456
perf_user_18982,perf123456
perf_user_18983,perf123456
perf_user_18984,perf123456
perf_user_18985,perf123456
perf_user_18986,perf123456
perf_user_18987,perf123456
perf_user_18988,perf123456
perf_user_18989,perf123456
perf_user_18990,perf123456
perf_user_18991,perf123456
perf_user_18992,perf123456
perf_user_18993,perf123456
perf_user_18994,perf123456
perf_user_18995,perf123456
perf_user_18996,perf123456
perf_user_18997,perf123456
perf_user_18998,perf123456
perf_user_18999,perf123456
perf_user_19000,perf123456
perf_user_19001,perf123456
perf_user_19002,perf123456
perf_user_19003,perf123456
perf_user_19004,perf123456
perf_user_19005,perf123456
perf_user_19006,perf123456
perf_user_19007,perf123456
perf_user_19008,perf123456
perf_user_19009,perf123456
perf_user_19010,perf123456
perf_user_19011,perf123456
perf_user_19012,perf123456
perf_user_19013,perf123456
perf_user_19014,perf123456
perf_user_19015,perf123456
perf_user_19016,perf123456
perf_user_19017,perf123456
perf_user_19018,perf123456
perf_user_19019,perf123456
perf_user_19020,perf123456
perf_user_19021,perf123456
perf_user_19022,perf123456
perf_user_19023,perf123456
perf_user_19024,perf123456
perf_user_19025,perf123456
perf_user_19026,perf123456
perf_user_19027,perf123456
perf_user_19028,perf123456
perf_user_19029,perf123456
perf_user_19030,perf123456
perf_user_19031,perf123456
perf_user_19032,perf123456
perf_user_19033,perf123456
perf_user_19034,perf123456
perf_user_19035,perf123456
perf_user_19036,perf123456
perf_user_19037,perf123456
perf_user_19038,perf123456
perf_user_19039,perf123456
perf_user_19040,perf123456
perf_user_19041,perf123456
perf_user_19042,perf123456
perf_user_19043,perf123456
perf_user_19044,perf123456
perf_user_19045,perf123456
perf_user_19046,perf123456
perf_user_19047,perf123456
perf_user_19048,perf123456
perf_user_19049,perf123456
perf_user_19050,perf123456
perf_user_19051,perf123456
perf_user_19052,perf123456
perf_user_19053,perf123456
perf_user_19054,perf123456
perf_user_19055,perf123456
perf_user_19056,perf123456
perf_user_19057,perf123456
perf_user_19058,perf123456
perf_user_19059,perf123456
perf_user_19060,perf123456
perf_user_19061,perf123456
perf_user_19062,perf123456
perf_user_19063,perf123456
perf_user_19064,perf123456
perf_user_19065,perf123456
perf_user_19066,perf123456
perf_user_19067,perf123456
perf_user_19068,perf123456
perf_user_19069,perf123456
perf_user_19070,perf123456
perf_user_19071,perf123456
perf_user_19072,perf123456
perf_user_19073,perf123456
perf_user_19074,perf123456
perf_user_19075,perf123456
perf_user_19076,perf123456
perf_user_19077,perf123456
perf_user_19078,perf123456
perf_user_19079,perf123456
perf_user_19080,perf123456
perf_user_19081,perf123456
perf_user_19082,perf123456
perf_user_19083,perf123456
perf_user_19084,perf123456
perf_user_19085,perf123456
perf_user_19086,perf123456
perf_user_19087,perf123456
perf_user_19088,perf123456
perf_user_19089,perf123456
perf_user_19090,perf123456
perf_user_19091,perf123456
perf_user_19092,perf123456
perf_user_19093,perf123456
perf_user_19094,perf123456
perf_user_19095,perf123456
perf_user_19096,perf123456
perf_user_19097,perf123456
perf_user_19098,perf123456
perf_user_19099,perf123456
perf_user_19100,perf123456
perf_user_19101,perf123456
perf_user_19102,perf123456
perf_user_19103,perf123456
perf_user_19104,perf123456
perf_user_19105,perf123456
perf_user_19106,perf123456
perf_user_19107,perf123456
perf_user_19108,perf123456
perf_user_19109,perf123456
perf_user_19110,perf123456
perf_user_19111,perf123456
perf_user_19112,perf123456
perf_user_19113,perf123456
perf_user_19114,perf123456
perf_user_19115,perf123456
perf_user_19116,perf123456
perf_user_19117,perf123456
perf_user_19118,perf123456
perf_user_19119,perf123456
perf_user_19120,perf123456
perf_user_19121,perf123456
perf_user_19122,perf123456
perf_user_19123,perf123456
perf_user_19124,perf123456
perf_user_19125,perf123456
perf_user_19126,perf123456
perf_user_19127,perf123456
perf_user_19128,perf123456
perf_user_19129,perf123456
perf_user_19130,perf123456
perf_user_19131,perf123456
perf_user_19132,perf123456
perf_user_19133,perf123456
perf_user_19134,perf123456
perf_user_19135,perf123456
perf_user_19136,perf123456
perf_user_19137,perf123456
perf_user_19138,perf123456
perf_user_19139,perf123456
perf_user_19140,perf123456
perf_user_19141,perf123456
perf_user_19142,perf123456
perf_user_19143,perf123456
perf_user_19144,perf123456
perf_user_19145,perf123456
perf_user_19146,perf123456
perf_user_19147,perf123456
perf_user_19148,perf123456
perf_user_19149,perf123456
perf_user_19150,perf123456
perf_user_19151,perf123456
perf_user_19152,perf123456
perf_user_19153,perf123456
perf_user_19154,perf123456
perf_user_19155,perf123456
perf_user_19156,perf123456
perf_user_19157,perf123456
perf_user_19158,perf123456
perf_user_19159,perf123456
perf_user_19160,perf123456
perf_user_19161,perf123456
perf_user_19162,perf123456
perf_user_19163,perf123456
perf_user_19164,perf123456
perf_user_19165,perf123456
perf_user_19166,perf123456
perf_user_19167,perf123456
perf_user_19168,perf123456
perf_user_19169,perf123456
perf_user_19170,perf123456
perf_user_19171,perf123456
perf_user_19172,perf123456
perf_user_19173,perf123456
perf_user_19174,perf123456
perf_user_19175,perf123456
perf_user_19176,perf123456
perf_user_19177,perf123456
perf_user_19178,perf123456
perf_user_19179,perf123456
perf_user_19180,perf123456
perf_user_19181,perf123456
perf_user_19182,perf123456
perf_user_19183,perf123456
perf_user_19184,perf123456
perf_user_19185,perf123456
perf_user_19186,perf123456
perf_user_19187,perf123456
perf_user_19188,perf123456
perf_user_19189,perf123456
perf_user_19190,perf123456
perf_user_19191,perf123456
perf_user_19192,perf123456
perf_user_19193,perf123456
perf_user_19194,perf123456
perf_user_19195,perf123456
perf_user_19196,perf123456
perf_user_19197,perf123456
perf_user_19198,perf123456
perf_user_19199,perf123456
perf_user_19200,perf123456
perf_user_19201,perf123456
perf_user_19202,perf123456
perf_user_19203,perf123456
perf_user_19204,perf123456
perf_user_19205,perf123456
perf_user_19206,perf123456
perf_user_19207,perf123456
perf_user_19208,perf123456
perf_user_19209,perf123456
perf_user_19210,perf123456
perf_user_19211,perf123456
perf_user_19212,perf123456
perf_user_19213,perf123456
perf_user_19214,perf123456
perf_user_19215,perf123456
perf_user_19216,perf123456
perf_user_19217,perf123456
perf_user_19218,perf123456
perf_user_19219,perf123456
perf_user_19220,perf123456
perf_user_19221,perf123456
perf_user_19222,perf123456
perf_user_19223,perf123456
perf_user_19224,perf123456
perf_user_19225,perf123456
perf_user_19226,perf123456
perf_user_19227,perf123456
perf_user_19228,perf123456
perf_user_19229,perf123456
perf_user_19230,perf123456
perf_user_19231,perf123456
perf_user_19232,perf123456
perf_user_19233,perf123456
perf_user_19234,perf123456
perf_user_19235,perf123456
perf_user_19236,perf123456
perf_user_19237,perf123456
perf_user_19238,perf123456
perf_user_19239,perf123456
perf_user_19240,perf123456
perf_user_19241,perf123456
perf_user_19242,perf123456
perf_user_19243,perf123456
perf_user_19244,perf123456
perf_user_19245,perf123456
perf_user_19246,perf123456
perf_user_19247,perf123456
perf_user_19248,perf123456
perf_user_19249,perf123456
perf_user_19250,perf123456
perf_user_19251,perf123456
perf_user_19252,perf123456
perf_user_19253,perf123456
perf_user_19254,perf123456
perf_user_19255,perf123456
perf_user_19256,perf123456
perf_user_19257,perf123456
perf_user_19258,perf123456
perf_user_19259,perf123456
perf_user_19260,perf123456
perf_user_19261,perf123456
perf_user_19262,perf123456
perf_user_19263,perf123456
perf_user_19264,perf123456
perf_user_19265,perf123456
perf_user_19266,perf123456
perf_user_19267,perf123456
perf_user_19268,perf123456
perf_user_19269,perf123456
perf_user_19270,perf123456
perf_user_19271,perf123456
perf_user_19272,perf123456
perf_user_19273,perf123456
perf_user_19274,perf123456
perf_user_19275,perf123456
perf_user_19276,perf123456
perf_user_19277,perf123456
perf_user_19278,perf123456
perf_user_19279,perf123456
perf_user_19280,perf123456
perf_user_19281,perf123456
perf_user_19282,perf123456
perf_user_19283,perf123456
perf_user_19284,perf123456
perf_user_19285,perf123456
perf_user_19286,perf123456
perf_user_19287,perf123456
perf_user_19288,perf123456
perf_user_19289,perf123456
perf_user_19290,perf123456
perf_user_19291,perf123456
perf_user_19292,perf123456
perf_user_19293,perf123456
perf_user_19294,perf123456
perf_user_19295,perf123456
perf_user_19296,perf123456
perf_user_19297,perf123456
perf_user_19298,perf123456
perf_user_19299,perf123456
perf_user_19300,perf123456
perf_user_19301,perf123456
perf_user_19302,perf123456
perf_user_19303,perf123456
perf_user_19304,perf123456
perf_user_19305,perf123456
perf_user_19306,perf123456
perf_user_19307,perf123456
perf_user_19308,perf123456
perf_user_19309,perf123456
perf_user_19310,perf123456
perf_user_19311,perf123456
perf_user_19312,perf123456
perf_user_19313,perf123456
perf_user_19314,perf123456
perf_user_19315,perf123456
perf_user_19316,perf123456
perf_user_19317,perf123456
perf_user_19318,perf123456
perf_user_19319,perf123456
perf_user_19320,perf123456
perf_user_19321,perf123456
perf_user_19322,perf123456
perf_user_19323,perf123456
perf_user_19324,perf123456
perf_user_19325,perf123456
perf_user_19326,perf123456
perf_user_19327,perf123456
perf_user_19328,perf123456
perf_user_19329,perf123456
perf_user_19330,perf123456
perf_user_19331,perf123456
perf_user_19332,perf123456
perf_user_19333,perf123456
perf_user_19334,perf123456
perf_user_19335,perf123456
perf_user_19336,perf123456
perf_user_19337,perf123456
perf_user_19338,perf123456
perf_user_19339,perf123456
perf_user_19340,perf123456
perf_user_19341,perf123456
perf_user_19342,perf123456
perf_user_19343,perf123456
perf_user_19344,perf123456
perf_user_19345,perf123456
perf_user_19346,perf123456
perf_user_19347,perf123456
perf_user_19348,perf123456
perf_user_19349,perf123456
perf_user_19350,perf123456
perf_user_19351,perf123456
perf_user_19352,perf123456
perf_user_19353,perf123456
perf_user_19354,perf123456
perf_user_19355,perf123456
perf_user_19356,perf123456
perf_user_19357,perf123456
perf_user_19358,perf123456
perf_user_19359,perf123456
perf_user_19360,perf123456
perf_user_19361,perf123456
perf_user_19362,perf123456
perf_user_19363,perf123456
perf_user_19364,perf123456
perf_user_19365,perf123456
perf_user_19366,perf123456
perf_user_19367,perf123456
perf_user_19368,perf123456
perf_user_19369,perf123456
perf_user_19370,perf123456
perf_user_19371,perf123456
perf_user_19372,perf123456
perf_user_19373,perf123456
perf_user_19374,perf123456
perf_user_19375,perf123456
perf_user_19376,perf123456
perf_user_19377,perf123456
perf_user_19378,perf123456
perf_user_19379,perf123456
perf_user_19380,perf123456
perf_user_19381,perf123456
perf_user_19382,perf123456
perf_user_19383,perf123456
perf_user_19384,perf123456
perf_user_19385,perf123456
perf_user_19386,perf123456
perf_user_19387,perf123456
perf_user_19388,perf123456
perf_user_19389,perf123456
perf_user_19390,perf123456
perf_user_19391,perf123456
perf_user_19392,perf123456
perf_user_19393,perf123456
perf_user_19394,perf123456
perf_user_19395,perf123456
perf_user_19396,perf123456
perf_user_19397,perf123456
perf_user_19398,perf123456
perf_user_19399,perf123456
perf_user_19400,perf123456
perf_user_19401,perf123456
perf_user_19402,perf123456
perf_user_19403,perf123456
perf_user_19404,perf123456
perf_user_19405,perf123456
perf_user_19406,perf123456
perf_user_19407,perf123456
perf_user_19408,perf123456
perf_user_19409,perf123456
perf_user_19410,perf123456
perf_user_19411,perf123456
perf_user_19412,perf123456
perf_user_19413,perf123456
perf_user_19414,perf123456
perf_user_19415,perf123456
perf_user_19416,perf123456
perf_user_19417,perf123456
perf_user_19418,perf123456
perf_user_19419,perf123456
perf_user_19420,perf123456
perf_user_19421,perf123456
perf_user_19422,perf123456
perf_user_19423,perf123456
perf_user_19424,perf123456
perf_user_19425,perf123456
perf_user_19426,perf123456
perf_user_19427,perf123456
perf_user_19428,perf123456
perf_user_19429,perf123456
perf_user_19430,perf123456
perf_user_19431,perf123456
perf_user_19432,perf123456
perf_user_19433,perf123456
perf_user_19434,perf123456
perf_user_19435,perf123456
perf_user_19436,perf123456
perf_user_19437,perf123456
perf_user_19438,perf123456
perf_user_19439,perf123456
perf_user_19440,perf123456
perf_user_19441,perf123456
perf_user_19442,perf123456
perf_user_19443,perf123456
perf_user_19444,perf123456
perf_user_19445,perf123456
perf_user_19446,perf123456
perf_user_19447,perf123456
perf_user_19448,perf123456
perf_user_19449,perf123456
perf_user_19450,perf123456
perf_user_19451,perf123456
perf_user_19452,perf123456
perf_user_19453,perf123456
perf_user_19454,perf123456
perf_user_19455,perf123456
perf_user_19456,perf123456
perf_user_19457,perf123456
perf_user_19458,perf123456
perf_user_19459,perf123456
perf_user_19460,perf123456
perf_user_19461,perf123456
perf_user_19462,perf123456
perf_user_19463,perf123456
perf_user_19464,perf123456
perf_user_19465,perf123456
perf_user_19466,perf123456
perf_user_19467,perf123456
perf_user_19468,perf123456
perf_user_19469,perf123456
perf_user_19470,perf123456
perf_user_19471,perf123456
perf_user_19472,perf123456
perf_user_19473,perf123456
perf_user_19474,perf123456
perf_user_19475,perf123456
perf_user_19476,perf123456
perf_user_19477,perf123456
perf_user_19478,perf123456
perf_user_19479,perf123456
perf_user_19480,perf123456
perf_user_19481,perf123456
perf_user_19482,perf123456
perf_user_19483,perf123456
perf_user_19484,perf123456
perf_user_19485,perf123456
perf_user_19486,perf123456
perf_user_19487,perf123456
perf_user_19488,perf123456
perf_user_19489,perf123456
perf_user_19490,perf123456
perf_user_19491,perf123456
perf_user_19492,perf123456
perf_user_19493,perf123456
perf_user_19494,perf123456
perf_user_19495,perf123456
perf_user_19496,perf123456
perf_user_19497,perf123456
perf_user_19498,perf123456
perf_user_19499,perf123456
perf_user_19500,perf123456
perf_user_19501,perf123456
perf_user_19502,perf123456
perf_user_19503,perf123456
perf_user_19504,perf123456
perf_user_19505,perf123456
perf_user_19506,perf123456
perf_user_19507,perf123456
perf_user_19508,perf123456
perf_user_19509,perf123456
perf_user_19510,perf123456
perf_user_19511,perf123456
perf_user_19512,perf123456
perf_user_19513,perf123456
perf_user_19514,perf123456
perf_user_19515,perf123456
perf_user_19516,perf123456
perf_user_19517,perf123456
perf_user_19518,perf123456
perf_user_19519,perf123456
perf_user_19520,perf123456
perf_user_19521,perf123456
perf_user_19522,perf123456
perf_user_19523,perf123456
perf_user_19524,perf123456
perf_user_19525,perf123456
perf_user_19526,perf123456
perf_user_19527,perf123456
perf_user_19528,perf123456
perf_user_19529,perf123456
perf_user_19530,perf123456
perf_user_19531,perf123456
perf_user_19532,perf123456
perf_user_19533,perf123456
perf_user_19534,perf123456
perf_user_19535,perf123456
perf_user_19536,perf123456
perf_user_19537,perf123456
perf_user_19538,perf123456
perf_user_19539,perf123456
perf_user_19540,perf123456
perf_user_19541,perf123456
perf_user_19542,perf123456
perf_user_19543,perf123456
perf_user_19544,perf123456
perf_user_19545,perf123456
perf_user_19546,perf123456
perf_user_19547,perf123456
perf_user_19548,perf123456
perf_user_19549,perf123456
perf_user_19550,perf123456
perf_user_19551,perf123456
perf_user_19552,perf123456
perf_user_19553,perf123456
perf_user_19554,perf123456
perf_user_19555,perf123456
perf_user_19556,perf123456
perf_user_19557,perf123456
perf_user_19558,perf123456
perf_user_19559,perf123456
perf_user_19560,perf123456
perf_user_19561,perf123456
perf_user_19562,perf123456
perf_user_19563,perf123456
perf_user_19564,perf123456
perf_user_19565,perf123456
perf_user_19566,perf123456
perf_user_19567,perf123456
perf_user_19568,perf123456
perf_user_19569,perf123456
perf_user_19570,perf123456
perf_user_19571,perf123456
perf_user_19572,perf123456
perf_user_19573,perf123456
perf_user_19574,perf123456
perf_user_19575,perf123456
perf_user_19576,perf123456
perf_user_19577,perf123456
perf_user_19578,perf123456
perf_user_19579,perf123456
perf_user_19580,perf123456
perf_user_19581,perf123456
perf_user_19582,perf123456
perf_user_19583,perf123456
perf_user_19584,perf123456
perf_user_19585,perf123456
perf_user_19586,perf123456
perf_user_19587,perf123456
perf_user_19588,perf123456
perf_user_19589,perf123456
perf_user_19590,perf123456
perf_user_19591,perf123456
perf_user_19592,perf123456
perf_user_19593,perf123456
perf_user_19594,perf123456
perf_user_19595,perf123456
perf_user_19596,perf123456
perf_user_19597,perf123456
perf_user_19598,perf123456
perf_user_19599,perf123456
perf_user_19600,perf123456
perf_user_19601,perf123456
perf_user_19602,perf123456
perf_user_19603,perf123456
perf_user_19604,perf123456
perf_user_19605,perf123456
perf_user_19606,perf123456
perf_user_19607,perf123456
perf_user_19608,perf123456
perf_user_19609,perf123456
perf_user_19610,perf123456
perf_user_19611,perf123456
perf_user_19612,perf123456
perf_user_19613,perf123456
perf_user_19614,perf123456
perf_user_19615,perf123456
perf_user_19616,perf123456
perf_user_19617,perf123456
perf_user_19618,perf123456
perf_user_19619,perf123456
perf_user_19620,perf123456
perf_user_19621,perf123456
perf_user_19622,perf123456
perf_user_19623,perf123456
perf_user_19624,perf123456
perf_user_19625,perf123456
perf_user_19626,perf123456
perf_user_19627,perf123456
perf_user_19628,perf123456
perf_user_19629,perf123456
perf_user_19630,perf123456
perf_user_19631,perf123456
perf_user_19632,perf123456
perf_user_19633,perf123456
perf_user_19634,perf123456
perf_user_19635,perf123456
perf_user_19636,perf123456
perf_user_19637,perf123456
perf_user_19638,perf123456
perf_user_19639,perf123456
perf_user_19640,perf123456
perf_user_19641,perf123456
perf_user_19642,perf123456
perf_user_19643,perf123456
perf_user_19644,perf123456
perf_user_19645,perf123456
perf_user_19646,perf123456
perf_user_19647,perf123456
perf_user_19648,perf123456
perf_user_19649,perf123456
perf_user_19650,perf123456
perf_user_19651,perf123456
perf_user_19652,perf123456
perf_user_19653,perf123456
perf_user_19654,perf123456
perf_user_19655,perf123456
perf_user_19656,perf123456
perf_user_19657,perf123456
perf_user_19658,perf123456
perf_user_19659,perf123456
perf_user_19660,perf123456
perf_user_19661,perf123456
perf_user_19662,perf123456
perf_user_19663,perf123456
perf_user_19664,perf123456
perf_user_19665,perf123456
perf_user_19666,perf123456
perf_user_19667,perf123456
perf_user_19668,perf123456
perf_user_19669,perf123456
perf_user_19670,perf123456
perf_user_19671,perf123456
perf_user_19672,perf123456
perf_user_19673,perf123456
perf_user_19674,perf123456
perf_user_19675,perf123456
perf_user_19676,perf123456
perf_user_19677,perf123456
perf_user_19678,perf123456
perf_user_19679,perf123456
perf_user_19680,perf123456
perf_user_19681,perf123456
perf_user_19682,perf123456
perf_user_19683,perf123456
perf_user_19684,perf123456
perf_user_19685,perf123456
perf_user_19686,perf123456
perf_user_19687,perf123456
perf_user_19688,perf123456
perf_user_19689,perf123456
perf_user_19690,perf123456
perf_user_19691,perf123456
perf_user_19692,perf123456
perf_user_19693,perf123456
perf_user_19694,perf123456
perf_user_19695,perf123456
perf_user_19696,perf123456
perf_user_19697,perf123456
perf_user_19698,perf123456
perf_user_19699,perf123456
perf_user_19700,perf123456
perf_user_19701,perf123456
perf_user_19702,perf123456
perf_user_19703,perf123456
perf_user_19704,perf123456
perf_user_19705,perf123456
perf_user_19706,perf123456
perf_user_19707,perf123456
perf_user_19708,perf123456
perf_user_19709,perf123456
perf_user_19710,perf123456
perf_user_19711,perf123456
perf_user_19712,perf123456
perf_user_19713,perf123456
perf_user_19714,perf123456
perf_user_19715,perf123456
perf_user_19716,perf123456
perf_user_19717,perf123456
perf_user_19718,perf123456
perf_user_19719,perf123456
perf_user_19720,perf123456
perf_user_19721,perf123456
perf_user_19722,perf123456
perf_user_19723,perf123456
perf_user_19724,perf123456
perf_user_19725,perf123456
perf_user_19726,perf123456
perf_user_19727,perf123456
perf_user_19728,perf123456
perf_user_19729,perf123456
perf_user_19730,perf123456
perf_user_19731,perf123456
perf_user_19732,perf123456
perf_user_19733,perf123456
perf_user_19734,perf123456
perf_user_19735,perf123456
perf_user_19736,perf123456
perf_user_19737,perf123456
perf_user_19738,perf123456
perf_user_19739,perf123456
perf_user_19740,perf123456
perf_user_19741,perf123456
perf_user_19742,perf123456
perf_user_19743,perf123456
perf_user_19744,perf123456
perf_user_19745,perf123456
perf_user_19746,perf123456
perf_user_19747,perf123456
perf_user_19748,perf123456
perf_user_19749,perf123456
perf_user_19750,perf123456
perf_user_19751,perf123456
perf_user_19752,perf123456
perf_user_19753,perf123456
perf_user_19754,perf123456
perf_user_19755,perf123456
perf_user_19756,perf123456
perf_user_19757,perf123456
perf_user_19758,perf123456
perf_user_19759,perf123456
perf_user_19760,perf123456
perf_user_19761,perf123456
perf_user_19762,perf123456
perf_user_19763,perf123456
perf_user_19764,perf123456
perf_user_19765,perf123456
perf_user_19766,perf123456
perf_user_19767,perf123456
perf_user_19768,perf123456
perf_user_19769,perf123456
perf_user_19770,perf123456
perf_user_19771,perf123456
perf_user_19772,perf123456
perf_user_19773,perf123456
perf_user_19774,perf123456
perf_user_19775,perf123456
perf_user_19776,perf123456
perf_user_19777,perf123456
perf_user_19778,perf123456
perf_user_19779,perf123456
perf_user_19780,perf123456
perf_user_19781,perf123456
perf_user_19782,perf123456
perf_user_19783,perf123456
perf_user_19784,perf123456
perf_user_19785,perf123456
perf_user_19786,perf123456
perf_user_19787,perf123456
perf_user_19788,perf123456
perf_user_19789,perf123456
perf_user_19790,perf123456
perf_user_19791,perf123456
perf_user_19792,perf123456
perf_user_19793,perf123456
perf_user_19794,perf123456
perf_user_19795,perf123456
perf_user_19796,perf123456
perf_user_19797,perf123456
perf_user_19798,perf123456
perf_user_19799,perf123456
perf_user_19800,perf123456
perf_user_19801,perf123456
perf_user_19802,perf123456
perf_user_19803,perf123456
perf_user_19804,perf123456
perf_user_19805,perf123456
perf_user_19806,perf123456
perf_user_19807,perf123456
perf_user_19808,perf123456
perf_user_19809,perf123456
perf_user_19810,perf123456
perf_user_19811,perf123456
perf_user_19812,perf123456
perf_user_19813,perf123456
perf_user_19814,perf123456
perf_user_19815,perf123456
perf_user_19816,perf123456
perf_user_19817,perf123456
perf_user_19818,perf123456
perf_user_19819,perf123456
perf_user_19820,perf123456
perf_user_19821,perf123456
perf_user_19822,perf123456
perf_user_19823,perf123456
perf_user_19824,perf123456
perf_user_19825,perf123456
perf_user_19826,perf123456
perf_user_19827,perf123456
perf_user_19828,perf123456
perf_user_19829,perf123456
perf_user_19830,perf123456
perf_user_19831,perf123456
perf_user_19832,perf123456
perf_user_19833,perf123456
perf_user_19834,perf123456
perf_user_19835,perf123456
perf_user_19836,perf123456
perf_user_19837,perf123456
perf_user_19838,perf123456
perf_user_19839,perf123456
perf_user_19840,perf123456
perf_user_19841,perf123456
perf_user_19842,perf123456
perf_user_19843,perf123456
perf_user_19844,perf123456
perf_user_19845,perf123456
perf_user_19846,perf123456
perf_user_19847,perf123456
perf_user_19848,perf123456
perf_user_19849,perf123456
perf_user_19850,perf123456
perf_user_19851,perf123456
perf_user_19852,perf123456
perf_user_19853,perf123456
perf_user_19854,perf123456
perf_user_19855,perf123456
perf_user_19856,perf123456
perf_user_19857,perf123456
perf_user_19858,perf123456
perf_user_19859,perf123456
perf_user_19860,perf123456
perf_user_19861,perf123456
perf_user_19862,perf123456
perf_user_19863,perf123456
perf_user_19864,perf123456
perf_user_19865,perf123456
perf_user_19866,perf123456
perf_user_19867,perf123456
perf_user_19868,perf123456
perf_user_19869,perf123456
perf_user_19870,perf123456
perf_user_19871,perf123456
perf_user_19872,perf123456
perf_user_19873,perf123456
perf_user_19874,perf123456
perf_user_19875,perf123456
perf_user_19876,perf123456
perf_user_19877,perf123456
perf_user_19878,perf123456
perf_user_19879,perf123456
perf_user_19880,perf123456
perf_user_19881,perf123456
perf_user_19882,perf123456
perf_user_19883,perf123456
perf_user_19884,perf123456
perf_user_19885,perf123456
perf_user_19886,perf123456
perf_user_19887,perf123456
perf_user_19888,perf123456
perf_user_19889,perf123456
perf_user_19890,perf123456
perf_user_19891,perf123456
perf_user_19892,perf123456
perf_user_19893,perf123456
perf_user_19894,perf123456
perf_user_19895,perf123456
perf_user_19896,perf123456
perf_user_19897,perf123456
perf_user_19898,perf123456
perf_user_19899,perf123456
perf_user_19900,perf123456
perf_user_19901,perf123456
perf_user_19902,perf123456
perf_user_19903,perf123456
perf_user_19904,perf123456
perf_user_19905,perf123456
perf_user_19906,perf123456
perf_user_19907,perf123456
perf_user_19908,perf123456
perf_user_19909,perf123456
perf_user_19910,perf123456
perf_user_19911,perf123456
perf_user_19912,perf123456
perf_user_19913,perf123456
perf_user_19914,perf123456
perf_user_19915,perf123456
perf_user_19916,perf123456
perf_user_19917,perf123456
perf_user_19918,perf123456
perf_user_19919,perf123456
perf_user_19920,perf123456
perf_user_19921,perf123456
perf_user_19922,perf123456
perf_user_19923,perf123456
perf_user_19924,perf123456
perf_user_19925,perf123456
perf_user_19926,perf123456
perf_user_19927,perf123456
perf_user_19928,perf123456
perf_user_19929,perf123456
perf_user_19930,perf123456
perf_user_19931,perf123456
perf_user_19932,perf123456
perf_user_19933,perf123456
perf_user_19934,perf123456
perf_user_19935,perf123456
perf_user_19936,perf123456
perf_user_19937,perf123456
perf_user_19938,perf123456
perf_user_19939,perf123456
perf_user_19940,perf123456
perf_user_19941,perf123456
perf_user_19942,perf123456
perf_user_19943,perf123456
perf_user_19944,perf123456
perf_user_19945,perf123456
perf_user_19946,perf123456
perf_user_19947,perf123456
perf_user_19948,perf123456
perf_user_19949,perf123456
perf_user_19950,perf123456
perf_user_19951,perf123456
perf_user_19952,perf123456
perf_user_19953,perf123456
perf_user_19954,perf123456
perf_user_19955,perf123456
perf_user_19956,perf123456
perf_user_19957,perf123456
perf_user_19958,perf123456
perf_user_19959,perf123456
perf_user_19960,perf123456
perf_user_19961,perf123456
perf_user_19962,perf123456
perf_user_19963,perf123456
perf_user_19964,perf123456
perf_user_19965,perf123456
perf_user_19966,perf123456
perf_user_19967,perf123456
perf_user_19968,perf123456
perf_user_19969,perf123456
perf_user_19970,perf123456
perf_user_19971,perf123456
perf_user_19972,perf123456
perf_user_19973,perf123456
perf_user_19974,perf123456
perf_user_19975,perf123456
perf_user_19976,perf123456
perf_user_19977,perf123456
perf_user_19978,perf123456
perf_user_19979,perf123456
perf_user_19980,perf123456
perf_user_19981,perf123456
perf_user_19982,perf123456
perf_user_19983,perf123456
perf_user_19984,perf123456
perf_user_19985,perf123456
perf_user_19986,perf123456
perf_user_19987,perf123456
perf_user_19988,perf123456
perf_user_19989,perf123456
perf_user_19990,perf123456
perf_user_19991,perf123456
perf_user_19992,perf123456
perf_user_19993,perf123456
perf_user_19994,perf123456
perf_user_19995,perf123456
perf_user_19996,perf123456
perf_user_19997,perf123456
perf_user_19998,perf123456
perf_user_19999,perf123456
perf_user_20000,perf123456
perf_user_20001,perf123456
perf_user_20002,perf123456
perf_user_20003,perf123456
perf_user_20004,perf123456
perf_user_20005,perf123456
perf_user_20006,perf123456
perf_user_20007,perf123456
perf_user_20008,perf123456
perf_user_20009,perf123456
perf_user_20010,perf123456
perf_user_20011,perf123456
perf_user_20012,perf123456
perf_user_20013,perf123456
perf_user_20014,perf123456
perf_user_20015,perf123456
perf_user_20016,perf123456
perf_user_20017,perf123456
perf_user_20018,perf123456
perf_user_20019,perf123456
perf_user_20020,perf123456
perf_user_20021,perf123456
perf_user_20022,perf123456
perf_user_20023,perf123456
perf_user_20024,perf123456
perf_user_20025,perf123456
perf_user_20026,perf123456
perf_user_20027,perf123456
perf_user_20028,perf123456
perf_user_20029,perf123456
perf_user_20030,perf123456
perf_user_20031,perf123456
perf_user_20032,perf123456
perf_user_20033,perf123456
perf_user_20034,perf123456
perf_user_20035,perf123456
perf_user_20036,perf123456
perf_user_20037,perf123456
perf_user_20038,perf123456
perf_user_20039,perf123456
perf_user_20040,perf123456
perf_user_20041,perf123456
perf_user_20042,perf123456
perf_user_20043,perf123456
perf_user_20044,perf123456
perf_user_20045,perf123456
perf_user_20046,perf123456
perf_user_20047,perf123456
perf_user_20048,perf123456
perf_user_20049,perf123456
perf_user_20050,perf123456
perf_user_20051,perf123456
perf_user_20052,perf123456
perf_user_20053,perf123456
perf_user_20054,perf123456
perf_user_20055,perf123456
perf_user_20056,perf123456
perf_user_20057,perf123456
perf_user_20058,perf123456
perf_user_20059,perf123456
perf_user_20060,perf123456
perf_user_20061,perf123456
perf_user_20062,perf123456
perf_user_20063,perf123456
perf_user_20064,perf123456
perf_user_20065,perf123456
perf_user_20066,perf123456
perf_user_20067,perf123456
perf_user_20068,perf123456
perf_user_20069,perf123456
perf_user_20070,perf123456
perf_user_20071,perf123456
perf_user_20072,perf123456
perf_user_20073,perf123456
perf_user_20074,perf123456
perf_user_20075,perf123456
perf_user_20076,perf123456
perf_user_20077,perf123456
perf_user_20078,perf123456
perf_user_20079,perf123456
perf_user_20080,perf123456
perf_user_20081,perf123456
perf_user_20082,perf123456
perf_user_20083,perf123456
perf_user_20084,perf123456
perf_user_20085,perf123456
perf_user_20086,perf123456
perf_user_20087,perf123456
perf_user_20088,perf123456
perf_user_20089,perf123456
perf_user_20090,perf123456
perf_user_20091,perf123456
perf_user_20092,perf123456
perf_user_20093,perf123456
perf_user_20094,perf123456
perf_user_20095,perf123456
perf_user_20096,perf123456
perf_user_20097,perf123456
perf_user_20098,perf123456
perf_user_20099,perf123456
perf_user_20100,perf123456
perf_user_20101,perf123456
perf_user_20102,perf123456
perf_user_20103,perf123456
perf_user_20104,perf123456
perf_user_20105,perf123456
perf_user_20106,perf123456
perf_user_20107,perf123456
perf_user_20108,perf123456
perf_user_20109,perf123456
perf_user_20110,perf123456
perf_user_20111,perf123456
perf_user_20112,perf123456
perf_user_20113,perf123456
perf_user_20114,perf123456
perf_user_20115,perf123456
perf_user_20116,perf123456
perf_user_20117,perf123456
perf_user_20118,perf123456
perf_user_20119,perf123456
perf_user_20120,perf123456
perf_user_20121,perf123456
perf_user_20122,perf123456
perf_user_20123,perf123456
perf_user_20124,perf123456
perf_user_20125,perf123456
perf_user_20126,perf123456
perf_user_20127,perf123456
perf_user_20128,perf123456
perf_user_20129,perf123456
perf_user_20130,perf123456
perf_user_20131,perf123456
perf_user_20132,perf123456
perf_user_20133,perf123456
perf_user_20134,perf123456
perf_user_20135,perf123456
perf_user_20136,perf123456
perf_user_20137,perf123456
perf_user_20138,perf123456
perf_user_20139,perf123456
perf_user_20140,perf123456
perf_user_20141,perf123456
perf_user_20142,perf123456
perf_user_20143,perf123456
perf_user_20144,perf123456
perf_user_20145,perf123456
perf_user_20146,perf123456
perf_user_20147,perf123456
perf_user_20148,perf123456
perf_user_20149,perf123456
perf_user_20150,perf123456
perf_user_20151,perf123456
perf_user_20152,perf123456
perf_user_20153,perf123456
perf_user_20154,perf123456
perf_user_20155,perf123456
perf_user_20156,perf123456
perf_user_20157,perf123456
perf_user_20158,perf123456
perf_user_20159,perf123456
perf_user_20160,perf123456
perf_user_20161,perf123456
perf_user_20162,perf123456
perf_user_20163,perf123456
perf_user_20164,perf123456
perf_user_20165,perf123456
perf_user_20166,perf123456
perf_user_20167,perf123456
perf_user_20168,perf123456
perf_user_20169,perf123456
perf_user_20170,perf123456
perf_user_20171,perf123456
perf_user_20172,perf123456
perf_user_20173,perf123456
perf_user_20174,perf123456
perf_user_20175,perf123456
perf_user_20176,perf123456
perf_user_20177,perf123456
perf_user_20178,perf123456
perf_user_20179,perf123456
perf_user_20180,perf123456
perf_user_20181,perf123456
perf_user_20182,perf123456
perf_user_20183,perf123456
perf_user_20184,perf123456
perf_user_20185,perf123456
perf_user_20186,perf123456
perf_user_20187,perf123456
perf_user_20188,perf123456
perf_user_20189,perf123456
perf_user_20190,perf123456
perf_user_20191,perf123456
perf_user_20192,perf123456
perf_user_20193,perf123456
perf_user_20194,perf123456
perf_user_20195,perf123456
perf_user_20196,perf123456
perf_user_20197,perf123456
perf_user_20198,perf123456
perf_user_20199,perf123456
perf_user_20200,perf123456
perf_user_20201,perf123456
perf_user_20202,perf123456
perf_user_20203,perf123456
perf_user_20204,perf123456
perf_user_20205,perf123456
perf_user_20206,perf123456
perf_user_20207,perf123456
perf_user_20208,perf123456
perf_user_20209,perf123456
perf_user_20210,perf123456
perf_user_20211,perf123456
perf_user_20212,perf123456
perf_user_20213,perf123456
perf_user_20214,perf123456
perf_user_20215,perf123456
perf_user_20216,perf123456
perf_user_20217,perf123456
perf_user_20218,perf123456
perf_user_20219,perf123456
perf_user_20220,perf123456
perf_user_20221,perf123456
perf_user_20222,perf123456
perf_user_20223,perf123456
perf_user_20224,perf123456
perf_user_20225,perf123456
perf_user_20226,perf123456
perf_user_20227,perf123456
perf_user_20228,perf123456
perf_user_20229,perf123456
perf_user_20230,perf123456
perf_user_20231,perf123456
perf_user_20232,perf123456
perf_user_20233,perf123456
perf_user_20234,perf123456
perf_user_20235,perf123456
perf_user_20236,perf123456
perf_user_20237,perf123456
perf_user_20238,perf123456
perf_user_20239,perf123456
perf_user_20240,perf123456
perf_user_20241,perf123456
perf_user_20242,perf123456
perf_user_20243,perf123456
perf_user_20244,perf123456
perf_user_20245,perf123456
perf_user_20246,perf123456
perf_user_20247,perf123456
perf_user_20248,perf123456
perf_user_20249,perf123456
perf_user_20250,perf123456
perf_user_20251,perf123456
perf_user_20252,perf123456
perf_user_20253,perf123456
perf_user_20254,perf123456
perf_user_20255,perf123456
perf_user_20256,perf123456
perf_user_20257,perf123456
perf_user_20258,perf123456
perf_user_20259,perf123456
perf_user_20260,perf123456
perf_user_20261,perf123456
perf_user_20262,perf123456
perf_user_20263,perf123456
perf_user_20264,perf123456
perf_user_20265,perf123456
perf_user_20266,perf123456
perf_user_20267,perf123456
perf_user_20268,perf123456
perf_user_20269,perf123456
perf_user_20270,perf123456
perf_user_20271,perf123456
perf_user_20272,perf123456
perf_user_20273,perf123456
perf_user_20274,perf123456
perf_user_20275,perf123456
perf_user_20276,perf123456
perf_user_20277,perf123456
perf_user_20278,perf123456
perf_user_20279,perf123456
perf_user_20280,perf123456
perf_user_20281,perf123456
perf_user_20282,perf123456
perf_user_20283,perf123456
perf_user_20284,perf123456
perf_user_20285,perf123456
perf_user_20286,perf123456
perf_user_20287,perf123456
perf_user_20288,perf123456
perf_user_20289,perf123456
perf_user_20290,perf123456
perf_user_20291,perf123456
perf_user_20292,perf123456
perf_user_20293,perf123456
perf_user_20294,perf123456
perf_user_20295,perf123456
perf_user_20296,perf123456
perf_user_20297,perf123456
perf_user_20298,perf123456
perf_user_20299,perf123456
perf_user_20300,perf123456
perf_user_20301,perf123456
perf_user_20302,perf123456
perf_user_20303,perf123456
perf_user_20304,perf123456
perf_user_20305,perf123456
perf_user_20306,perf123456
perf_user_20307,perf123456
perf_user_20308,perf123456
perf_user_20309,perf123456
perf_user_20310,perf123456
perf_user_20311,perf123456
perf_user_20312,perf123456
perf_user_20313,perf123456
perf_user_20314,perf123456
perf_user_20315,perf123456
perf_user_20316,perf123456
perf_user_20317,perf123456
perf_user_20318,perf123456
perf_user_20319,perf123456
perf_user_20320,perf123456
perf_user_20321,perf123456
perf_user_20322,perf123456
perf_user_20323,perf123456
perf_user_20324,perf123456
perf_user_20325,perf123456
perf_user_20326,perf123456
perf_user_20327,perf123456
perf_user_20328,perf123456
perf_user_20329,perf123456
perf_user_20330,perf123456
perf_user_20331,perf123456
perf_user_20332,perf123456
perf_user_20333,perf123456
perf_user_20334,perf123456
perf_user_20335,perf123456
perf_user_20336,perf123456
perf_user_20337,perf123456
perf_user_20338,perf123456
perf_user_20339,perf123456
perf_user_20340,perf123456
perf_user_20341,perf123456
perf_user_20342,perf123456
perf_user_20343,perf123456
perf_user_20344,perf123456
perf_user_20345,perf123456
perf_user_20346,perf123456
perf_user_20347,perf123456
perf_user_20348,perf123456
perf_user_20349,perf123456
perf_user_20350,perf123456
perf_user_20351,perf123456
perf_user_20352,perf123456
perf_user_20353,perf123456
perf_user_20354,perf123456
perf_user_20355,perf123456
perf_user_20356,perf123456
perf_user_20357,perf123456
perf_user_20358,perf123456
perf_user_20359,perf123456
perf_user_20360,perf123456
perf_user_20361,perf123456
perf_user_20362,perf123456
perf_user_20363,perf123456
perf_user_20364,perf123456
perf_user_20365,perf123456
perf_user_20366,perf123456
perf_user_20367,perf123456
perf_user_20368,perf123456
perf_user_20369,perf123456
perf_user_20370,perf123456
perf_user_20371,perf123456
perf_user_20372,perf123456
perf_user_20373,perf123456
perf_user_20374,perf123456
perf_user_20375,perf123456
perf_user_20376,perf123456
perf_user_20377,perf123456
perf_user_20378,perf123456
perf_user_20379,perf123456
perf_user_20380,perf123456
perf_user_20381,perf123456
perf_user_20382,perf123456
perf_user_20383,perf123456
perf_user_20384,perf123456
perf_user_20385,perf123456
perf_user_20386,perf123456
perf_user_20387,perf123456
perf_user_20388,perf123456
perf_user_20389,perf123456
perf_user_20390,perf123456
perf_user_20391,perf123456
perf_user_20392,perf123456
perf_user_20393,perf123456
perf_user_20394,perf123456
perf_user_20395,perf123456
perf_user_20396,perf123456
perf_user_20397,perf123456
perf_user_20398,perf123456
perf_user_20399,perf123456
perf_user_20400,perf123456
perf_user_20401,perf123456
perf_user_20402,perf123456
perf_user_20403,perf123456
perf_user_20404,perf123456
perf_user_20405,perf123456
perf_user_20406,perf123456
perf_user_20407,perf123456
perf_user_20408,perf123456
perf_user_20409,perf123456
perf_user_20410,perf123456
perf_user_20411,perf123456
perf_user_20412,perf123456
perf_user_20413,perf123456
perf_user_20414,perf123456
perf_user_20415,perf123456
perf_user_20416,perf123456
perf_user_20417,perf123456
perf_user_20418,perf123456
perf_user_20419,perf123456
perf_user_20420,perf123456
perf_user_20421,perf123456
perf_user_20422,perf123456
perf_user_20423,perf123456
perf_user_20424,perf123456
perf_user_20425,perf123456
perf_user_20426,perf123456
perf_user_20427,perf123456
perf_user_20428,perf123456
perf_user_20429,perf123456
perf_user_20430,perf123456
perf_user_20431,perf123456
perf_user_20432,perf123456
perf_user_20433,perf123456
perf_user_20434,perf123456
perf_user_20435,perf123456
perf_user_20436,perf123456
perf_user_20437,perf123456
perf_user_20438,perf123456
perf_user_20439,perf123456
perf_user_20440,perf123456
perf_user_20441,perf123456
perf_user_20442,perf123456
perf_user_20443,perf123456
perf_user_20444,perf123456
perf_user_20445,perf123456
perf_user_20446,perf123456
perf_user_20447,perf123456
perf_user_20448,perf123456
perf_user_20449,perf123456
perf_user_20450,perf123456
perf_user_20451,perf123456
perf_user_20452,perf123456
perf_user_20453,perf123456
perf_user_20454,perf123456
perf_user_20455,perf123456
perf_user_20456,perf123456
perf_user_20457,perf123456
perf_user_20458,perf123456
perf_user_20459,perf123456
perf_user_20460,perf123456
perf_user_20461,perf123456
perf_user_20462,perf123456
perf_user_20463,perf123456
perf_user_20464,perf123456
perf_user_20465,perf123456
perf_user_20466,perf123456
perf_user_20467,perf123456
perf_user_20468,perf123456
perf_user_20469,perf123456
perf_user_20470,perf123456
perf_user_20471,perf123456
perf_user_20472,perf123456
perf_user_20473,perf123456
perf_user_20474,perf123456
perf_user_20475,perf123456
perf_user_20476,perf123456
perf_user_20477,perf123456
perf_user_20478,perf123456
perf_user_20479,perf123456
perf_user_20480,perf123456
perf_user_20481,perf123456
perf_user_20482,perf123456
perf_user_20483,perf123456
perf_user_20484,perf123456
perf_user_20485,perf123456
perf_user_20486,perf123456
perf_user_20487,perf123456
perf_user_20488,perf123456
perf_user_20489,perf123456
perf_user_20490,perf123456
perf_user_20491,perf123456
perf_user_20492,perf123456
perf_user_20493,perf123456
perf_user_20494,perf123456
perf_user_20495,perf123456
perf_user_20496,perf123456
perf_user_20497,perf123456
perf_user_20498,perf123456
perf_user_20499,perf123456
perf_user_20500,perf123456
perf_user_20501,perf123456
perf_user_20502,perf123456
perf_user_20503,perf123456
perf_user_20504,perf123456
perf_user_20505,perf123456
perf_user_20506,perf123456
perf_user_20507,perf123456
perf_user_20508,perf123456
perf_user_20509,perf123456
perf_user_20510,perf123456
perf_user_20511,perf123456
perf_user_20512,perf123456
perf_user_20513,perf123456
perf_user_20514,perf123456
perf_user_20515,perf123456
perf_user_20516,perf123456
perf_user_20517,perf123456
perf_user_20518,perf123456
perf_user_20519,perf123456
perf_user_20520,perf123456
perf_user_20521,perf123456
perf_user_20522,perf123456
perf_user_20523,perf123456
perf_user_20524,perf123456
perf_user_20525,perf123456
perf_user_20526,perf123456
perf_user_20527,perf123456
perf_user_20528,perf123456
perf_user_20529,perf123456
perf_user_20530,perf123456
perf_user_20531,perf123456
perf_user_20532,perf123456
perf_user_20533,perf123456
perf_user_20534,perf123456
perf_user_20535,perf123456
perf_user_20536,perf123456
perf_user_20537,perf123456
perf_user_20538,perf123456
perf_user_20539,perf123456
perf_user_20540,perf123456
perf_user_20541,perf123456
perf_user_20542,perf123456
perf_user_20543,perf123456
perf_user_20544,perf123456
perf_user_20545,perf123456
perf_user_20546,perf123456
perf_user_20547,perf123456
perf_user_20548,perf123456
perf_user_20549,perf123456
perf_user_20550,perf123456
perf_user_20551,perf123456
perf_user_20552,perf123456
perf_user_20553,perf123456
perf_user_20554,perf123456
perf_user_20555,perf123456
perf_user_20556,perf123456
perf_user_20557,perf123456
perf_user_20558,perf123456
perf_user_20559,perf123456
perf_user_20560,perf123456
perf_user_20561,perf123456
perf_user_20562,perf123456
perf_user_20563,perf123456
perf_user_20564,perf123456
perf_user_20565,perf123456
perf_user_20566,perf123456
perf_user_20567,perf123456
perf_user_20568,perf123456
perf_user_20569,perf123456
perf_user_20570,perf123456
perf_user_20571,perf123456
perf_user_20572,perf123456
perf_user_20573,perf123456
perf_user_20574,perf123456
perf_user_20575,perf123456
perf_user_20576,perf123456
perf_user_20577,perf123456
perf_user_20578,perf123456
perf_user_20579,perf123456
perf_user_20580,perf123456
perf_user_20581,perf123456
perf_user_20582,perf123456
perf_user_20583,perf123456
perf_user_20584,perf123456
perf_user_20585,perf123456
perf_user_20586,perf123456
perf_user_20587,perf123456
perf_user_20588,perf123456
perf_user_20589,perf123456
perf_user_20590,perf123456
perf_user_20591,perf123456
perf_user_20592,perf123456
perf_user_20593,perf123456
perf_user_20594,perf123456
perf_user_20595,perf123456
perf_user_20596,perf123456
perf_user_20597,perf123456
perf_user_20598,perf123456
perf_user_20599,perf123456
perf_user_20600,perf123456
perf_user_20601,perf123456
perf_user_20602,perf123456
perf_user_20603,perf123456
perf_user_20604,perf123456
perf_user_20605,perf123456
perf_user_20606,perf123456
perf_user_20607,perf123456
perf_user_20608,perf123456
perf_user_20609,perf123456
perf_user_20610,perf123456
perf_user_20611,perf123456
perf_user_20612,perf123456
perf_user_20613,perf123456
perf_user_20614,perf123456
perf_user_20615,perf123456
perf_user_20616,perf123456
perf_user_20617,perf123456
perf_user_20618,perf123456
perf_user_20619,perf123456
perf_user_20620,perf123456
perf_user_20621,perf123456
perf_user_20622,perf123456
perf_user_20623,perf123456
perf_user_20624,perf123456
perf_user_20625,perf123456
perf_user_20626,perf123456
perf_user_20627,perf123456
perf_user_20628,perf123456
perf_user_20629,perf123456
perf_user_20630,perf123456
perf_user_20631,perf123456
perf_user_20632,perf123456
perf_user_20633,perf123456
perf_user_20634,perf123456
perf_user_20635,perf123456
perf_user_20636,perf123456
perf_user_20637,perf123456
perf_user_20638,perf123456
perf_user_20639,perf123456
perf_user_20640,perf123456
perf_user_20641,perf123456
perf_user_20642,perf123456
perf_user_20643,perf123456
perf_user_20644,perf123456
perf_user_20645,perf123456
perf_user_20646,perf123456
perf_user_20647,perf123456
perf_user_20648,perf123456
perf_user_20649,perf123456
perf_user_20650,perf123456
perf_user_20651,perf123456
perf_user_20652,perf123456
perf_user_20653,perf123456
perf_user_20654,perf123456
perf_user_20655,perf123456
perf_user_20656,perf123456
perf_user_20657,perf123456
perf_user_20658,perf123456
perf_user_20659,perf123456
perf_user_20660,perf123456
perf_user_20661,perf123456
perf_user_20662,perf123456
perf_user_20663,perf123456
perf_user_20664,perf123456
perf_user_20665,perf123456
perf_user_20666,perf123456
perf_user_20667,perf123456
perf_user_20668,perf123456
perf_user_20669,perf123456
perf_user_20670,perf123456
perf_user_20671,perf123456
perf_user_20672,perf123456
perf_user_20673,perf123456
perf_user_20674,perf123456
perf_user_20675,perf123456
perf_user_20676,perf123456
perf_user_20677,perf123456
perf_user_20678,perf123456
perf_user_20679,perf123456
perf_user_20680,perf123456
perf_user_20681,perf123456
perf_user_20682,perf123456
perf_user_20683,perf123456
perf_user_20684,perf123456
perf_user_20685,perf123456
perf_user_20686,perf123456
perf_user_20687,perf123456
perf_user_20688,perf123456
perf_user_20689,perf123456
perf_user_20690,perf123456
perf_user_20691,perf123456
perf_user_20692,perf123456
perf_user_20693,perf123456
perf_user_20694,perf123456
perf_user_20695,perf123456
perf_user_20696,perf123456
perf_user_20697,perf123456
perf_user_20698,perf123456
perf_user_20699,perf123456
perf_user_20700,perf123456
perf_user_20701,perf123456
perf_user_20702,perf123456
perf_user_20703,perf123456
perf_user_20704,perf123456
perf_user_20705,perf123456
perf_user_20706,perf123456
perf_user_20707,perf123456
perf_user_20708,perf123456
perf_user_20709,perf123456
perf_user_20710,perf123456
perf_user_20711,perf123456
perf_user_20712,perf123456
perf_user_20713,perf123456
perf_user_20714,perf123456
perf_user_20715,perf123456
perf_user_20716,perf123456
perf_user_20717,perf123456
perf_user_20718,perf123456
perf_user_20719,perf123456
perf_user_20720,perf123456
perf_user_20721,perf123456
perf_user_20722,perf123456
perf_user_20723,perf123456
perf_user_20724,perf123456
perf_user_20725,perf123456
perf_user_20726,perf123456
perf_user_20727,perf123456
perf_user_20728,perf123456
perf_user_20729,perf123456
perf_user_20730,perf123456
perf_user_20731,perf123456
perf_user_20732,perf123456
perf_user_20733,perf123456
perf_user_20734,perf123456
perf_user_20735,perf123456
perf_user_20736,perf123456
perf_user_20737,perf123456
perf_user_20738,perf123456
perf_user_20739,perf123456
perf_user_20740,perf123456
perf_user_20741,perf123456
perf_user_20742,perf123456
perf_user_20743,perf123456
perf_user_20744,perf123456
perf_user_20745,perf123456
perf_user_20746,perf123456
perf_user_20747,perf123456
perf_user_20748,perf123456
perf_user_20749,perf123456
perf_user_20750,perf123456
perf_user_20751,perf123456
perf_user_20752,perf123456
perf_user_20753,perf123456
perf_user_20754,perf123456
perf_user_20755,perf123456
perf_user_20756,perf123456
perf_user_20757,perf123456
perf_user_20758,perf123456
perf_user_20759,perf123456
perf_user_20760,perf123456
perf_user_20761,perf123456
perf_user_20762,perf123456
perf_user_20763,perf123456
perf_user_20764,perf123456
perf_user_20765,perf123456
perf_user_20766,perf123456
perf_user_20767,perf123456
perf_user_20768,perf123456
perf_user_20769,perf123456
perf_user_20770,perf123456
perf_user_20771,perf123456
perf_user_20772,perf123456
perf_user_20773,perf123456
perf_user_20774,perf123456
perf_user_20775,perf123456
perf_user_20776,perf123456
perf_user_20777,perf123456
perf_user_20778,perf123456
perf_user_20779,perf123456
perf_user_20780,perf123456
perf_user_20781,perf123456
perf_user_20782,perf123456
perf_user_20783,perf123456
perf_user_20784,perf123456
perf_user_20785,perf123456
perf_user_20786,perf123456
perf_user_20787,perf123456
perf_user_20788,perf123456
perf_user_20789,perf123456
perf_user_20790,perf123456
perf_user_20791,perf123456
perf_user_20792,perf123456
perf_user_20793,perf123456
perf_user_20794,perf123456
perf_user_20795,perf123456
perf_user_20796,perf123456
perf_user_20797,perf123456
perf_user_20798,perf123456
perf_user_20799,perf123456
perf_user_20800,perf123456
perf_user_20801,perf123456
perf_user_20802,perf123456
perf_user_20803,perf123456
perf_user_20804,perf123456
perf_user_20805,perf123456
perf_user_20806,perf123456
perf_user_20807,perf123456
perf_user_20808,perf123456
perf_user_20809,perf123456
perf_user_20810,perf123456
perf_user_20811,perf123456
perf_user_20812,perf123456
perf_user_20813,perf123456
perf_user_20814,perf123456
perf_user_20815,perf123456
perf_user_20816,perf123456
perf_user_20817,perf123456
perf_user_20818,perf123456
perf_user_20819,perf123456
perf_user_20820,perf123456
perf_user_20821,perf123456
perf_user_20822,perf123456
perf_user_20823,perf123456
perf_user_20824,perf123456
perf_user_20825,perf123456
perf_user_20826,perf123456
perf_user_20827,perf123456
perf_user_20828,perf123456
perf_user_20829,perf123456
perf_user_20830,perf123456
perf_user_20831,perf123456
perf_user_20832,perf123456
perf_user_20833,perf123456
perf_user_20834,perf123456
perf_user_20835,perf123456
perf_user_20836,perf123456
perf_user_20837,perf123456
perf_user_20838,perf123456
perf_user_20839,perf123456
perf_user_20840,perf123456
perf_user_20841,perf123456
perf_user_20842,perf123456
perf_user_20843,perf123456
perf_user_20844,perf123456
perf_user_20845,perf123456
perf_user_20846,perf123456
perf_user_20847,perf123456
perf_user_20848,perf123456
perf_user_20849,perf123456
perf_user_20850,perf123456
perf_user_20851,perf123456
perf_user_20852,perf123456
perf_user_20853,perf123456
perf_user_20854,perf123456
perf_user_20855,perf123456
perf_user_20856,perf123456
perf_user_20857,perf123456
perf_user_20858,perf123456
perf_user_20859,perf123456
perf_user_20860,perf123456
perf_user_20861,perf123456
perf_user_20862,perf123456
perf_user_20863,perf123456
perf_user_20864,perf123456
perf_user_20865,perf123456
perf_user_20866,perf123456
perf_user_20867,perf123456
perf_user_20868,perf123456
perf_user_20869,perf123456
perf_user_20870,perf123456
perf_user_20871,perf123456
perf_user_20872,perf123456
perf_user_20873,perf123456
perf_user_20874,perf123456
perf_user_20875,perf123456
perf_user_20876,perf123456
perf_user_20877,perf123456
perf_user_20878,perf123456
perf_user_20879,perf123456
perf_user_20880,perf123456
perf_user_20881,perf123456
perf_user_20882,perf123456
perf_user_20883,perf123456
perf_user_20884,perf123456
perf_user_20885,perf123456
perf_user_20886,perf123456
perf_user_20887,perf123456
perf_user_20888,perf123456
perf_user_20889,perf123456
perf_user_20890,perf123456
perf_user_20891,perf123456
perf_user_20892,perf123456
perf_user_20893,perf123456
perf_user_20894,perf123456
perf_user_20895,perf123456
perf_user_20896,perf123456
perf_user_20897,perf123456
perf_user_20898,perf123456
perf_user_20899,perf123456
perf_user_20900,perf123456
perf_user_20901,perf123456
perf_user_20902,perf123456
perf_user_20903,perf123456
perf_user_20904,perf123456
perf_user_20905,perf123456
perf_user_20906,perf123456
perf_user_20907,perf123456
perf_user_20908,perf123456
perf_user_20909,perf123456
perf_user_20910,perf123456
perf_user_20911,perf123456
perf_user_20912,perf123456
perf_user_20913,perf123456
perf_user_20914,perf123456
perf_user_20915,perf123456
perf_user_20916,perf123456
perf_user_20917,perf123456
perf_user_20918,perf123456
perf_user_20919,perf123456
perf_user_20920,perf123456
perf_user_20921,perf123456
perf_user_20922,perf123456
perf_user_20923,perf123456
perf_user_20924,perf123456
perf_user_20925,perf123456
perf_user_20926,perf123456
perf_user_20927,perf123456
perf_user_20928,perf123456
perf_user_20929,perf123456
perf_user_20930,perf123456
perf_user_20931,perf123456
perf_user_20932,perf123456
perf_user_20933,perf123456
perf_user_20934,perf123456
perf_user_20935,perf123456
perf_user_20936,perf123456
perf_user_20937,perf123456
perf_user_20938,perf123456
perf_user_20939,perf123456
perf_user_20940,perf123456
perf_user_20941,perf123456
perf_user_20942,perf123456
perf_user_20943,perf123456
perf_user_20944,perf123456
perf_user_20945,perf123456
perf_user_20946,perf123456
perf_user_20947,perf123456
perf_user_20948,perf123456
perf_user_20949,perf123456
perf_user_20950,perf123456
perf_user_20951,perf123456
perf_user_20952,perf123456
perf_user_20953,perf123456
perf_user_20954,perf123456
perf_user_20955,perf123456
perf_user_20956,perf123456
perf_user_20957,perf123456
perf_user_20958,perf123456
perf_user_20959,perf123456
perf_user_20960,perf123456
perf_user_20961,perf123456
perf_user_20962,perf123456
perf_user_20963,perf123456
perf_user_20964,perf123456
perf_user_20965,perf123456
perf_user_20966,perf123456
perf_user_20967,perf123456
perf_user_20968,perf123456
perf_user_20969,perf123456
perf_user_20970,perf123456
perf_user_20971,perf123456
perf_user_20972,perf123456
perf_user_20973,perf123456
perf_user_20974,perf123456
perf_user_20975,perf123456
perf_user_20976,perf123456
perf_user_20977,perf123456
perf_user_20978,perf123456
perf_user_20979,perf123456
perf_user_20980,perf123456
perf_user_20981,perf123456
perf_user_20982,perf123456
perf_user_20983,perf123456
perf_user_20984,perf123456
perf_user_20985,perf123456
perf_user_20986,perf123456
perf_user_20987,perf123456
perf_user_20988,perf123456
perf_user_20989,perf123456
perf_user_20990,perf123456
perf_user_20991,perf123456
perf_user_20992,perf123456
perf_user_20993,perf123456
perf_user_20994,perf123456
perf_user_20995,perf123456
perf_user_20996,perf123456
perf_user_20997,perf123456
perf_user_20998,perf123456
perf_user_20999,perf123456
perf_user_21000,perf123456
perf_user_21001,perf123456
perf_user_21002,perf123456
perf_user_21003,perf123456
perf_user_21004,perf123456
perf_user_21005,perf123456
perf_user_21006,perf123456
perf_user_21007,perf123456
perf_user_21008,perf123456
perf_user_21009,perf123456
perf_user_21010,perf123456
perf_user_21011,perf123456
perf_user_21012,perf123456
perf_user_21013,perf123456
perf_user_21014,perf123456
perf_user_21015,perf123456
perf_user_21016,perf123456
perf_user_21017,perf123456
perf_user_21018,perf123456
perf_user_21019,perf123456
perf_user_21020,perf123456
perf_user_21021,perf123456
perf_user_21022,perf123456
perf_user_21023,perf123456
perf_user_21024,perf123456
perf_user_21025,perf123456
perf_user_21026,perf123456
perf_user_21027,perf123456
perf_user_21028,perf123456
perf_user_21029,perf123456
perf_user_21030,perf123456
perf_user_21031,perf123456
perf_user_21032,perf123456
perf_user_21033,perf123456
perf_user_21034,perf123456
perf_user_21035,perf123456
perf_user_21036,perf123456
perf_user_21037,perf123456
perf_user_21038,perf123456
perf_user_21039,perf123456
perf_user_21040,perf123456
perf_user_21041,perf123456
perf_user_21042,perf123456
perf_user_21043,perf123456
perf_user_21044,perf123456
perf_user_21045,perf123456
perf_user_21046,perf123456
perf_user_21047,perf123456
perf_user_21048,perf123456
perf_user_21049,perf123456
perf_user_21050,perf123456
perf_user_21051,perf123456
perf_user_21052,perf123456
perf_user_21053,perf123456
perf_user_21054,perf123456
perf_user_21055,perf123456
perf_user_21056,perf123456
perf_user_21057,perf123456
perf_user_21058,perf123456
perf_user_21059,perf123456
perf_user_21060,perf123456
perf_user_21061,perf123456
perf_user_21062,perf123456
perf_user_21063,perf123456
perf_user_21064,perf123456
perf_user_21065,perf123456
perf_user_21066,perf123456
perf_user_21067,perf123456
perf_user_21068,perf123456
perf_user_21069,perf123456
perf_user_21070,perf123456
perf_user_21071,perf123456
perf_user_21072,perf123456
perf_user_21073,perf123456
perf_user_21074,perf123456
perf_user_21075,perf123456
perf_user_21076,perf123456
perf_user_21077,perf123456
perf_user_21078,perf123456
perf_user_21079,perf123456
perf_user_21080,perf123456
perf_user_21081,perf123456
perf_user_21082,perf123456
perf_user_21083,perf123456
perf_user_21084,perf123456
perf_user_21085,perf123456
perf_user_21086,perf123456
perf_user_21087,perf123456
perf_user_21088,perf123456
perf_user_21089,perf123456
perf_user_21090,perf123456
perf_user_21091,perf123456
perf_user_21092,perf123456
perf_user_21093,perf123456
perf_user_21094,perf123456
perf_user_21095,perf123456
perf_user_21096,perf123456
perf_user_21097,perf123456
perf_user_21098,perf123456
perf_user_21099,perf123456
perf_user_21100,perf123456
perf_user_21101,perf123456
perf_user_21102,perf123456
perf_user_21103,perf123456
perf_user_21104,perf123456
perf_user_21105,perf123456
perf_user_21106,perf123456
perf_user_21107,perf123456
perf_user_21108,perf123456
perf_user_21109,perf123456
perf_user_21110,perf123456
perf_user_21111,perf123456
perf_user_21112,perf123456
perf_user_21113,perf123456
perf_user_21114,perf123456
perf_user_21115,perf123456
perf_user_21116,perf123456
perf_user_21117,perf123456
perf_user_21118,perf123456
perf_user_21119,perf123456
perf_user_21120,perf123456
perf_user_21121,perf123456
perf_user_21122,perf123456
perf_user_21123,perf123456
perf_user_21124,perf123456
perf_user_21125,perf123456
perf_user_21126,perf123456
perf_user_21127,perf123456
perf_user_21128,perf123456
perf_user_21129,perf123456
perf_user_21130,perf123456
perf_user_21131,perf123456
perf_user_21132,perf123456
perf_user_21133,perf123456
perf_user_21134,perf123456
perf_user_21135,perf123456
perf_user_21136,perf123456
perf_user_21137,perf123456
perf_user_21138,perf123456
perf_user_21139,perf123456
perf_user_21140,perf123456
perf_user_21141,perf123456
perf_user_21142,perf123456
perf_user_21143,perf123456
perf_user_21144,perf123456
perf_user_21145,perf123456
perf_user_21146,perf123456
perf_user_21147,perf123456
perf_user_21148,perf123456
perf_user_21149,perf123456
perf_user_21150,perf123456
perf_user_21151,perf123456
perf_user_21152,perf123456
perf_user_21153,perf123456
perf_user_21154,perf123456
perf_user_21155,perf123456
perf_user_21156,perf123456
perf_user_21157,perf123456
perf_user_21158,perf123456
perf_user_21159,perf123456
perf_user_21160,perf123456
perf_user_21161,perf123456
perf_user_21162,perf123456
perf_user_21163,perf123456
perf_user_21164,perf123456
perf_user_21165,perf123456
perf_user_21166,perf123456
perf_user_21167,perf123456
perf_user_21168,perf123456
perf_user_21169,perf123456
perf_user_21170,perf123456
perf_user_21171,perf123456
perf_user_21172,perf123456
perf_user_21173,perf123456
perf_user_21174,perf123456
perf_user_21175,perf123456
perf_user_21176,perf123456
perf_user_21177,perf123456
perf_user_21178,perf123456
perf_user_21179,perf123456
perf_user_21180,perf123456
perf_user_21181,perf123456
perf_user_21182,perf123456
perf_user_21183,perf123456
perf_user_21184,perf123456
perf_user_21185,perf123456
perf_user_21186,perf123456
perf_user_21187,perf123456
perf_user_21188,perf123456
perf_user_21189,perf123456
perf_user_21190,perf123456
perf_user_21191,perf123456
perf_user_21192,perf123456
perf_user_21193,perf123456
perf_user_21194,perf123456
perf_user_21195,perf123456
perf_user_21196,perf123456
perf_user_21197,perf123456
perf_user_21198,perf123456
perf_user_21199,perf123456
perf_user_21200,perf123456
perf_user_21201,perf123456
perf_user_21202,perf123456
perf_user_21203,perf123456
perf_user_21204,perf123456
perf_user_21205,perf123456
perf_user_21206,perf123456
perf_user_21207,perf123456
perf_user_21208,perf123456
perf_user_21209,perf123456
perf_user_21210,perf123456
perf_user_21211,perf123456
perf_user_21212,perf123456
perf_user_21213,perf123456
perf_user_21214,perf123456
perf_user_21215,perf123456
perf_user_21216,perf123456
perf_user_21217,perf123456
perf_user_21218,perf123456
perf_user_21219,perf123456
perf_user_21220,perf123456
perf_user_21221,perf123456
perf_user_21222,perf123456
perf_user_21223,perf123456
perf_user_21224,perf123456
perf_user_21225,perf123456
perf_user_21226,perf123456
perf_user_21227,perf123456
perf_user_21228,perf123456
perf_user_21229,perf123456
perf_user_21230,perf123456
perf_user_21231,perf123456
perf_user_21232,perf123456
perf_user_21233,perf123456
perf_user_21234,perf123456
perf_user_21235,perf123456
perf_user_21236,perf123456
perf_user_21237,perf123456
perf_user_21238,perf123456
perf_user_21239,perf123456
perf_user_21240,perf123456
perf_user_21241,perf123456
perf_user_21242,perf123456
perf_user_21243,perf123456
perf_user_21244,perf123456
perf_user_21245,perf123456
perf_user_21246,perf123456
perf_user_21247,perf123456
perf_user_21248,perf123456
perf_user_21249,perf123456
perf_user_21250,perf123456
perf_user_21251,perf123456
perf_user_21252,perf123456
perf_user_21253,perf123456
perf_user_21254,perf123456
perf_user_21255,perf123456
perf_user_21256,perf123456
perf_user_21257,perf123456
perf_user_21258,perf123456
perf_user_21259,perf123456
perf_user_21260,perf123456
perf_user_21261,perf123456
perf_user_21262,perf123456
perf_user_21263,perf123456
perf_user_21264,perf123456
perf_user_21265,perf123456
perf_user_21266,perf123456
perf_user_21267,perf123456
perf_user_21268,perf123456
perf_user_21269,perf123456
perf_user_21270,perf123456
perf_user_21271,perf123456
perf_user_21272,perf123456
perf_user_21273,perf123456
perf_user_21274,perf123456
perf_user_21275,perf123456
perf_user_21276,perf123456
perf_user_21277,perf123456
perf_user_21278,perf123456
perf_user_21279,perf123456
perf_user_21280,perf123456
perf_user_21281,perf123456
perf_user_21282,perf123456
perf_user_21283,perf123456
perf_user_21284,perf123456
perf_user_21285,perf123456
perf_user_21286,perf123456
perf_user_21287,perf123456
perf_user_21288,perf123456
perf_user_21289,perf123456
perf_user_21290,perf123456
perf_user_21291,perf123456
perf_user_21292,perf123456
perf_user_21293,perf123456
perf_user_21294,perf123456
perf_user_21295,perf123456
perf_user_21296,perf123456
perf_user_21297,perf123456
perf_user_21298,perf123456
perf_user_21299,perf123456
perf_user_21300,perf123456
perf_user_21301,perf123456
perf_user_21302,perf123456
perf_user_21303,perf123456
perf_user_21304,perf123456
perf_user_21305,perf123456
perf_user_21306,perf123456
perf_user_21307,perf123456
perf_user_21308,perf123456
perf_user_21309,perf123456
perf_user_21310,perf123456
perf_user_21311,perf123456
perf_user_21312,perf123456
perf_user_21313,perf123456
perf_user_21314,perf123456
perf_user_21315,perf123456
perf_user_21316,perf123456
perf_user_21317,perf123456
perf_user_21318,perf123456
perf_user_21319,perf123456
perf_user_21320,perf123456
perf_user_21321,perf123456
perf_user_21322,perf123456
perf_user_21323,perf123456
perf_user_21324,perf123456
perf_user_21325,perf123456
perf_user_21326,perf123456
perf_user_21327,perf123456
perf_user_21328,perf123456
perf_user_21329,perf123456
perf_user_21330,perf123456
perf_user_21331,perf123456
perf_user_21332,perf123456
perf_user_21333,perf123456
perf_user_21334,perf123456
perf_user_21335,perf123456
perf_user_21336,perf123456
perf_user_21337,perf123456
perf_user_21338,perf123456
perf_user_21339,perf123456
perf_user_21340,perf123456
perf_user_21341,perf123456
perf_user_21342,perf123456
perf_user_21343,perf123456
perf_user_21344,perf123456
perf_user_21345,perf123456
perf_user_21346,perf123456
perf_user_21347,perf123456
perf_user_21348,perf123456
perf_user_21349,perf123456
perf_user_21350,perf123456
perf_user_21351,perf123456
perf_user_21352,perf123456
perf_user_21353,perf123456
perf_user_21354,perf123456
perf_user_21355,perf123456
perf_user_21356,perf123456
perf_user_21357,perf123456
perf_user_21358,perf123456
perf_user_21359,perf123456
perf_user_21360,perf123456
perf_user_21361,perf123456
perf_user_21362,perf123456
perf_user_21363,perf123456
perf_user_21364,perf123456
perf_user_21365,perf123456
perf_user_21366,perf123456
perf_user_21367,perf123456
perf_user_21368,perf123456
perf_user_21369,perf123456
perf_user_21370,perf123456
perf_user_21371,perf123456
perf_user_21372,perf123456
perf_user_21373,perf123456
perf_user_21374,perf123456
perf_user_21375,perf123456
perf_user_21376,perf123456
perf_user_21377,perf123456
perf_user_21378,perf123456
perf_user_21379,perf123456
perf_user_21380,perf123456
perf_user_21381,perf123456
perf_user_21382,perf123456
perf_user_21383,perf123456
perf_user_21384,perf123456
perf_user_21385,perf123456
perf_user_21386,perf123456
perf_user_21387,perf123456
perf_user_21388,perf123456
perf_user_21389,perf123456
perf_user_21390,perf123456
perf_user_21391,perf123456
perf_user_21392,perf123456
perf_user_21393,perf123456
perf_user_21394,perf123456
perf_user_21395,perf123456
perf_user_21396,perf123456
perf_user_21397,perf123456
perf_user_21398,perf123456
perf_user_21399,perf123456
perf_user_21400,perf123456
perf_user_21401,perf123456
perf_user_21402,perf123456
perf_user_21403,perf123456
perf_user_21404,perf123456
perf_user_21405,perf123456
perf_user_21406,perf123456
perf_user_21407,perf123456
perf_user_21408,perf123456
perf_user_21409,perf123456
perf_user_21410,perf123456
perf_user_21411,perf123456
perf_user_21412,perf123456
perf_user_21413,perf123456
perf_user_21414,perf123456
perf_user_21415,perf123456
perf_user_21416,perf123456
perf_user_21417,perf123456
perf_user_21418,perf123456
perf_user_21419,perf123456
perf_user_21420,perf123456
perf_user_21421,perf123456
perf_user_21422,perf123456
perf_user_21423,perf123456
perf_user_21424,perf123456
perf_user_21425,perf123456
perf_user_21426,perf123456
perf_user_21427,perf123456
perf_user_21428,perf123456
perf_user_21429,perf123456
perf_user_21430,perf123456
perf_user_21431,perf123456
perf_user_21432,perf123456
perf_user_21433,perf123456
perf_user_21434,perf123456
perf_user_21435,perf123456
perf_user_21436,perf123456
perf_user_21437,perf123456
perf_user_21438,perf123456
perf_user_21439,perf123456
perf_user_21440,perf123456
perf_user_21441,perf123456
perf_user_21442,perf123456
perf_user_21443,perf123456
perf_user_21444,perf123456
perf_user_21445,perf123456
perf_user_21446,perf123456
perf_user_21447,perf123456
perf_user_21448,perf123456
perf_user_21449,perf123456
perf_user_21450,perf123456
perf_user_21451,perf123456
perf_user_21452,perf123456
perf_user_21453,perf123456
perf_user_21454,perf123456
perf_user_21455,perf123456
perf_user_21456,perf123456
perf_user_21457,perf123456
perf_user_21458,perf123456
perf_user_21459,perf123456
perf_user_21460,perf123456
perf_user_21461,perf123456
perf_user_21462,perf123456
perf_user_21463,perf123456
perf_user_21464,perf123456
perf_user_21465,perf123456
perf_user_21466,perf123456
perf_user_21467,perf123456
perf_user_21468,perf123456
perf_user_21469,perf123456
perf_user_21470,perf123456
perf_user_21471,perf123456
perf_user_21472,perf123456
perf_user_21473,perf123456
perf_user_21474,perf123456
perf_user_21475,perf123456
perf_user_21476,perf123456
perf_user_21477,perf123456
perf_user_21478,perf123456
perf_user_21479,perf123456
perf_user_21480,perf123456
perf_user_21481,perf123456
perf_user_21482,perf123456
perf_user_21483,perf123456
perf_user_21484,perf123456
perf_user_21485,perf123456
perf_user_21486,perf123456
perf_user_21487,perf123456
perf_user_21488,perf123456
perf_user_21489,perf123456
perf_user_21490,perf123456
perf_user_21491,perf123456
perf_user_21492,perf123456
perf_user_21493,perf123456
perf_user_21494,perf123456
perf_user_21495,perf123456
perf_user_21496,perf123456
perf_user_21497,perf123456
perf_user_21498,perf123456
perf_user_21499,perf123456
perf_user_21500,perf123456
perf_user_21501,perf123456
perf_user_21502,perf123456
perf_user_21503,perf123456
perf_user_21504,perf123456
perf_user_21505,perf123456
perf_user_21506,perf123456
perf_user_21507,perf123456
perf_user_21508,perf123456
perf_user_21509,perf123456
perf_user_21510,perf123456
perf_user_21511,perf123456
perf_user_21512,perf123456
perf_user_21513,perf123456
perf_user_21514,perf123456
perf_user_21515,perf123456
perf_user_21516,perf123456
perf_user_21517,perf123456
perf_user_21518,perf123456
perf_user_21519,perf123456
perf_user_21520,perf123456
perf_user_21521,perf123456
perf_user_21522,perf123456
perf_user_21523,perf123456
perf_user_21524,perf123456
perf_user_21525,perf123456
perf_user_21526,perf123456
perf_user_21527,perf123456
perf_user_21528,perf123456
perf_user_21529,perf123456
perf_user_21530,perf123456
perf_user_21531,perf123456
perf_user_21532,perf123456
perf_user_21533,perf123456
perf_user_21534,perf123456
perf_user_21535,perf123456
perf_user_21536,perf123456
perf_user_21537,perf123456
perf_user_21538,perf123456
perf_user_21539,perf123456
perf_user_21540,perf123456
perf_user_21541,perf123456
perf_user_21542,perf123456
perf_user_21543,perf123456
perf_user_21544,perf123456
perf_user_21545,perf123456
perf_user_21546,perf123456
perf_user_21547,perf123456
perf_user_21548,perf123456
perf_user_21549,perf123456
perf_user_21550,perf123456
perf_user_21551,perf123456
perf_user_21552,perf123456
perf_user_21553,perf123456
perf_user_21554,perf123456
perf_user_21555,perf123456
perf_user_21556,perf123456
perf_user_21557,perf123456
perf_user_21558,perf123456
perf_user_21559,perf123456
perf_user_21560,perf123456
perf_user_21561,perf123456
perf_user_21562,perf123456
perf_user_21563,perf123456
perf_user_21564,perf123456
perf_user_21565,perf123456
perf_user_21566,perf123456
perf_user_21567,perf123456
perf_user_21568,perf123456
perf_user_21569,perf123456
perf_user_21570,perf123456
perf_user_21571,perf123456
perf_user_21572,perf123456
perf_user_21573,perf123456
perf_user_21574,perf123456
perf_user_21575,perf123456
perf_user_21576,perf123456
perf_user_21577,perf123456
perf_user_21578,perf123456
perf_user_21579,perf123456
perf_user_21580,perf123456
perf_user_21581,perf123456
perf_user_21582,perf123456
perf_user_21583,perf123456
perf_user_21584,perf123456
perf_user_21585,perf123456
perf_user_21586,perf123456
perf_user_21587,perf123456
perf_user_21588,perf123456
perf_user_21589,perf123456
perf_user_21590,perf123456
perf_user_21591,perf123456
perf_user_21592,perf123456
perf_user_21593,perf123456
perf_user_21594,perf123456
perf_user_21595,perf123456
perf_user_21596,perf123456
perf_user_21597,perf123456
perf_user_21598,perf123456
perf_user_21599,perf123456
perf_user_21600,perf123456
perf_user_21601,perf123456
perf_user_21602,perf123456
perf_user_21603,perf123456
perf_user_21604,perf123456
perf_user_21605,perf123456
perf_user_21606,perf123456
perf_user_21607,perf123456
perf_user_21608,perf123456
perf_user_21609,perf123456
perf_user_21610,perf123456
perf_user_21611,perf123456
perf_user_21612,perf123456
perf_user_21613,perf123456
perf_user_21614,perf123456
perf_user_21615,perf123456
perf_user_21616,perf123456
perf_user_21617,perf123456
perf_user_21618,perf123456
perf_user_21619,perf123456
perf_user_21620,perf123456
perf_user_21621,perf123456
perf_user_21622,perf123456
perf_user_21623,perf123456
perf_user_21624,perf123456
perf_user_21625,perf123456
perf_user_21626,perf123456
perf_user_21627,perf123456
perf_user_21628,perf123456
perf_user_21629,perf123456
perf_user_21630,perf123456
perf_user_21631,perf123456
perf_user_21632,perf123456
perf_user_21633,perf123456
perf_user_21634,perf123456
perf_user_21635,perf123456
perf_user_21636,perf123456
perf_user_21637,perf123456
perf_user_21638,perf123456
perf_user_21639,perf123456
perf_user_21640,perf123456
perf_user_21641,perf123456
perf_user_21642,perf123456
perf_user_21643,perf123456
perf_user_21644,perf123456
perf_user_21645,perf123456
perf_user_21646,perf123456
perf_user_21647,perf123456
perf_user_21648,perf123456
perf_user_21649,perf123456
perf_user_21650,perf123456
perf_user_21651,perf123456
perf_user_21652,perf123456
perf_user_21653,perf123456
perf_user_21654,perf123456
perf_user_21655,perf123456
perf_user_21656,perf123456
perf_user_21657,perf123456
perf_user_21658,perf123456
perf_user_21659,perf123456
perf_user_21660,perf123456
perf_user_21661,perf123456
perf_user_21662,perf123456
perf_user_21663,perf123456
perf_user_21664,perf123456
perf_user_21665,perf123456
perf_user_21666,perf123456
perf_user_21667,perf123456
perf_user_21668,perf123456
perf_user_21669,perf123456
perf_user_21670,perf123456
perf_user_21671,perf123456
perf_user_21672,perf123456
perf_user_21673,perf123456
perf_user_21674,perf123456
perf_user_21675,perf123456
perf_user_21676,perf123456
perf_user_21677,perf123456
perf_user_21678,perf123456
perf_user_21679,perf123456
perf_user_21680,perf123456
perf_user_21681,perf123456
perf_user_21682,perf123456
perf_user_21683,perf123456
perf_user_21684,perf123456
perf_user_21685,perf123456
perf_user_21686,perf123456
perf_user_21687,perf123456
perf_user_21688,perf123456
perf_user_21689,perf123456
perf_user_21690,perf123456
perf_user_21691,perf123456
perf_user_21692,perf123456
perf_user_21693,perf123456
perf_user_21694,perf123456
perf_user_21695,perf123456
perf_user_21696,perf123456
perf_user_21697,perf123456
perf_user_21698,perf123456
perf_user_21699,perf123456
perf_user_21700,perf123456
perf_user_21701,perf123456
perf_user_21702,perf123456
perf_user_21703,perf123456
perf_user_21704,perf123456
perf_user_21705,perf123456
perf_user_21706,perf123456
perf_user_21707,perf123456
perf_user_21708,perf123456
perf_user_21709,perf123456
perf_user_21710,perf123456
perf_user_21711,perf123456
perf_user_21712,perf123456
perf_user_21713,perf123456
perf_user_21714,perf123456
perf_user_21715,perf123456
perf_user_21716,perf123456
perf_user_21717,perf123456
perf_user_21718,perf123456
perf_user_21719,perf123456
perf_user_21720,perf123456
perf_user_21721,perf123456
perf_user_21722,perf123456
perf_user_21723,perf123456
perf_user_21724,perf123456
perf_user_21725,perf123456
perf_user_21726,perf123456
perf_user_21727,perf123456
perf_user_21728,perf123456
perf_user_21729,perf123456
perf_user_21730,perf123456
perf_user_21731,perf123456
perf_user_21732,perf123456
perf_user_21733,perf123456
perf_user_21734,perf123456
perf_user_21735,perf123456
perf_user_21736,perf123456
perf_user_21737,perf123456
perf_user_21738,perf123456
perf_user_21739,perf123456
perf_user_21740,perf123456
perf_user_21741,perf123456
perf_user_21742,perf123456
perf_user_21743,perf123456
perf_user_21744,perf123456
perf_user_21745,perf123456
perf_user_21746,perf123456
perf_user_21747,perf123456
perf_user_21748,perf123456
perf_user_21749,perf123456
perf_user_21750,perf123456
perf_user_21751,perf123456
perf_user_21752,perf123456
perf_user_21753,perf123456
perf_user_21754,perf123456
perf_user_21755,perf123456
perf_user_21756,perf123456
perf_user_21757,perf123456
perf_user_21758,perf123456
perf_user_21759,perf123456
perf_user_21760,perf123456
perf_user_21761,perf123456
perf_user_21762,perf123456
perf_user_21763,perf123456
perf_user_21764,perf123456
perf_user_21765,perf123456
perf_user_21766,perf123456
perf_user_21767,perf123456
perf_user_21768,perf123456
perf_user_21769,perf123456
perf_user_21770,perf123456
perf_user_21771,perf123456
perf_user_21772,perf123456
perf_user_21773,perf123456
perf_user_21774,perf123456
perf_user_21775,perf123456
perf_user_21776,perf123456
perf_user_21777,perf123456
perf_user_21778,perf123456
perf_user_21779,perf123456
perf_user_21780,perf123456
perf_user_21781,perf123456
perf_user_21782,perf123456
perf_user_21783,perf123456
perf_user_21784,perf123456
perf_user_21785,perf123456
perf_user_21786,perf123456
perf_user_21787,perf123456
perf_user_21788,perf123456
perf_user_21789,perf123456
perf_user_21790,perf123456
perf_user_21791,perf123456
perf_user_21792,perf123456
perf_user_21793,perf123456
perf_user_21794,perf123456
perf_user_21795,perf123456
perf_user_21796,perf123456
perf_user_21797,perf123456
perf_user_21798,perf123456
perf_user_21799,perf123456
perf_user_21800,perf123456
perf_user_21801,perf123456
perf_user_21802,perf123456
perf_user_21803,perf123456
perf_user_21804,perf123456
perf_user_21805,perf123456
perf_user_21806,perf123456
perf_user_21807,perf123456
perf_user_21808,perf123456
perf_user_21809,perf123456
perf_user_21810,perf123456
perf_user_21811,perf123456
perf_user_21812,perf123456
perf_user_21813,perf123456
perf_user_21814,perf123456
perf_user_21815,perf123456
perf_user_21816,perf123456
perf_user_21817,perf123456
perf_user_21818,perf123456
perf_user_21819,perf123456
perf_user_21820,perf123456
perf_user_21821,perf123456
perf_user_21822,perf123456
perf_user_21823,perf123456
perf_user_21824,perf123456
perf_user_21825,perf123456
perf_user_21826,perf123456
perf_user_21827,perf123456
perf_user_21828,perf123456
perf_user_21829,perf123456
perf_user_21830,perf123456
perf_user_21831,perf123456
perf_user_21832,perf123456
perf_user_21833,perf123456
perf_user_21834,perf123456
perf_user_21835,perf123456
perf_user_21836,perf123456
perf_user_21837,perf123456
perf_user_21838,perf123456
perf_user_21839,perf123456
perf_user_21840,perf123456
perf_user_21841,perf123456
perf_user_21842,perf123456
perf_user_21843,perf123456
perf_user_21844,perf123456
perf_user_21845,perf123456
perf_user_21846,perf123456
perf_user_21847,perf123456
perf_user_21848,perf123456
perf_user_21849,perf123456
perf_user_21850,perf123456
perf_user_21851,perf123456
perf_user_21852,perf123456
perf_user_21853,perf123456
perf_user_21854,perf123456
perf_user_21855,perf123456
perf_user_21856,perf123456
perf_user_21857,perf123456
perf_user_21858,perf123456
perf_user_21859,perf123456
perf_user_21860,perf123456
perf_user_21861,perf123456
perf_user_21862,perf123456
perf_user_21863,perf123456
perf_user_21864,perf123456
perf_user_21865,perf123456
perf_user_21866,perf123456
perf_user_21867,perf123456
perf_user_21868,perf123456
perf_user_21869,perf123456
perf_user_21870,perf123456
perf_user_21871,perf123456
perf_user_21872,perf123456
perf_user_21873,perf123456
perf_user_21874,perf123456
perf_user_21875,perf123456
perf_user_21876,perf123456
perf_user_21877,perf123456
perf_user_21878,perf123456
perf_user_21879,perf123456
perf_user_21880,perf123456
perf_user_21881,perf123456
perf_user_21882,perf123456
perf_user_21883,perf123456
perf_user_21884,perf123456
perf_user_21885,perf123456
perf_user_21886,perf123456
perf_user_21887,perf123456
perf_user_21888,perf123456
perf_user_21889,perf123456
perf_user_21890,perf123456
perf_user_21891,perf123456
perf_user_21892,perf123456
perf_user_21893,perf123456
perf_user_21894,perf123456
perf_user_21895,perf123456
perf_user_21896,perf123456
perf_user_21897,perf123456
perf_user_21898,perf123456
perf_user_21899,perf123456
perf_user_21900,perf123456
perf_user_21901,perf123456
perf_user_21902,perf123456
perf_user_21903,perf123456
perf_user_21904,perf123456
perf_user_21905,perf123456
perf_user_21906,perf123456
perf_user_21907,perf123456
perf_user_21908,perf123456
perf_user_21909,perf123456
perf_user_21910,perf123456
perf_user_21911,perf123456
perf_user_21912,perf123456
perf_user_21913,perf123456
perf_user_21914,perf123456
perf_user_21915,perf123456
perf_user_21916,perf123456
perf_user_21917,perf123456
perf_user_21918,perf123456
perf_user_21919,perf123456
perf_user_21920,perf123456
perf_user_21921,perf123456
perf_user_21922,perf123456
perf_user_21923,perf123456
perf_user_21924,perf123456
perf_user_21925,perf123456
perf_user_21926,perf123456
perf_user_21927,perf123456
perf_user_21928,perf123456
perf_user_21929,perf123456
perf_user_21930,perf123456
perf_user_21931,perf123456
perf_user_21932,perf123456
perf_user_21933,perf123456
perf_user_21934,perf123456
perf_user_21935,perf123456
perf_user_21936,perf123456
perf_user_21937,perf123456
perf_user_21938,perf123456
perf_user_21939,perf123456
perf_user_21940,perf123456
perf_user_21941,perf123456
perf_user_21942,perf123456
perf_user_21943,perf123456
perf_user_21944,perf123456
perf_user_21945,perf123456
perf_user_21946,perf123456
perf_user_21947,perf123456
perf_user_21948,perf123456
perf_user_21949,perf123456
perf_user_21950,perf123456
perf_user_21951,perf123456
perf_user_21952,perf123456
perf_user_21953,perf123456
perf_user_21954,perf123456
perf_user_21955,perf123456
perf_user_21956,perf123456
perf_user_21957,perf123456
perf_user_21958,perf123456
perf_user_21959,perf123456
perf_user_21960,perf123456
perf_user_21961,perf123456
perf_user_21962,perf123456
perf_user_21963,perf123456
perf_user_21964,perf123456
perf_user_21965,perf123456
perf_user_21966,perf123456
perf_user_21967,perf123456
perf_user_21968,perf123456
perf_user_21969,perf123456
perf_user_21970,perf123456
perf_user_21971,perf123456
perf_user_21972,perf123456
perf_user_21973,perf123456
perf_user_21974,perf123456
perf_user_21975,perf123456
perf_user_21976,perf123456
perf_user_21977,perf123456
perf_user_21978,perf123456
perf_user_21979,perf123456
perf_user_21980,perf123456
perf_user_21981,perf123456
perf_user_21982,perf123456
perf_user_21983,perf123456
perf_user_21984,perf123456
perf_user_21985,perf123456
perf_user_21986,perf123456
perf_user_21987,perf123456
perf_user_21988,perf123456
perf_user_21989,perf123456
perf_user_21990,perf123456
perf_user_21991,perf123456
perf_user_21992,perf123456
perf_user_21993,perf123456
perf_user_21994,perf123456
perf_user_21995,perf123456
perf_user_21996,perf123456
perf_user_21997,perf123456
perf_user_21998,perf123456
perf_user_21999,perf123456
perf_user_22000,perf123456
perf_user_22001,perf123456
perf_user_22002,perf123456
perf_user_22003,perf123456
perf_user_22004,perf123456
perf_user_22005,perf123456
perf_user_22006,perf123456
perf_user_22007,perf123456
perf_user_22008,perf123456
perf_user_22009,perf123456
perf_user_22010,perf123456
perf_user_22011,perf123456
perf_user_22012,perf123456
perf_user_22013,perf123456
perf_user_22014,perf123456
perf_user_22015,perf123456
perf_user_22016,perf123456
perf_user_22017,perf123456
perf_user_22018,perf123456
perf_user_22019,perf123456
perf_user_22020,perf123456
perf_user_22021,perf123456
perf_user_22022,perf123456
perf_user_22023,perf123456
perf_user_22024,perf123456
perf_user_22025,perf123456
perf_user_22026,perf123456
perf_user_22027,perf123456
perf_user_22028,perf123456
perf_user_22029,perf123456
perf_user_22030,perf123456
perf_user_22031,perf123456
perf_user_22032,perf123456
perf_user_22033,perf123456
perf_user_22034,perf123456
perf_user_22035,perf123456
perf_user_22036,perf123456
perf_user_22037,perf123456
perf_user_22038,perf123456
perf_user_22039,perf123456
perf_user_22040,perf123456
perf_user_22041,perf123456
perf_user_22042,perf123456
perf_user_22043,perf123456
perf_user_22044,perf123456
perf_user_22045,perf123456
perf_user_22046,perf123456
perf_user_22047,perf123456
perf_user_22048,perf123456
perf_user_22049,perf123456
perf_user_22050,perf123456
perf_user_22051,perf123456
perf_user_22052,perf123456
perf_user_22053,perf123456
perf_user_22054,perf123456
perf_user_22055,perf123456
perf_user_22056,perf123456
perf_user_22057,perf123456
perf_user_22058,perf123456
perf_user_22059,perf123456
perf_user_22060,perf123456
perf_user_22061,perf123456
perf_user_22062,perf123456
perf_user_22063,perf123456
perf_user_22064,perf123456
perf_user_22065,perf123456
perf_user_22066,perf123456
perf_user_22067,perf123456
perf_user_22068,perf123456
perf_user_22069,perf123456
perf_user_22070,perf123456
perf_user_22071,perf123456
perf_user_22072,perf123456
perf_user_22073,perf123456
perf_user_22074,perf123456
perf_user_22075,perf123456
perf_user_22076,perf123456
perf_user_22077,perf123456
perf_user_22078,perf123456
perf_user_22079,perf123456
perf_user_22080,perf123456
perf_user_22081,perf123456
perf_user_22082,perf123456
perf_user_22083,perf123456
perf_user_22084,perf123456
perf_user_22085,perf123456
perf_user_22086,perf123456
perf_user_22087,perf123456
perf_user_22088,perf123456
perf_user_22089,perf123456
perf_user_22090,perf123456
perf_user_22091,perf123456
perf_user_22092,perf123456
perf_user_22093,perf123456
perf_user_22094,perf123456
perf_user_22095,perf123456
perf_user_22096,perf123456
perf_user_22097,perf123456
perf_user_22098,perf123456
perf_user_22099,perf123456
perf_user_22100,perf123456
perf_user_22101,perf123456
perf_user_22102,perf123456
perf_user_22103,perf123456
perf_user_22104,perf123456
perf_user_22105,perf123456
perf_user_22106,perf123456
perf_user_22107,perf123456
perf_user_22108,perf123456
perf_user_22109,perf123456
perf_user_22110,perf123456
perf_user_22111,perf123456
perf_user_22112,perf123456
perf_user_22113,perf123456
perf_user_22114,perf123456
perf_user_22115,perf123456
perf_user_22116,perf123456
perf_user_22117,perf123456
perf_user_22118,perf123456
perf_user_22119,perf123456
perf_user_22120,perf123456
perf_user_22121,perf123456
perf_user_22122,perf123456
perf_user_22123,perf123456
perf_user_22124,perf123456
perf_user_22125,perf123456
perf_user_22126,perf123456
perf_user_22127,perf123456
perf_user_22128,perf123456
perf_user_22129,perf123456
perf_user_22130,perf123456
perf_user_22131,perf123456
perf_user_22132,perf123456
perf_user_22133,perf123456
perf_user_22134,perf123456
perf_user_22135,perf123456
perf_user_22136,perf123456
perf_user_22137,perf123456
perf_user_22138,perf123456
perf_user_22139,perf123456
perf_user_22140,perf123456
perf_user_22141,perf123456
perf_user_22142,perf123456
perf_user_22143,perf123456
perf_user_22144,perf123456
perf_user_22145,perf123456
perf_user_22146,perf123456
perf_user_22147,perf123456
perf_user_22148,perf123456
perf_user_22149,perf123456
perf_user_22150,perf123456
perf_user_22151,perf123456
perf_user_22152,perf123456
perf_user_22153,perf123456
perf_user_22154,perf123456
perf_user_22155,perf123456
perf_user_22156,perf123456
perf_user_22157,perf123456
perf_user_22158,perf123456
perf_user_22159,perf123456
perf_user_22160,perf123456
perf_user_22161,perf123456
perf_user_22162,perf123456
perf_user_22163,perf123456
perf_user_22164,perf123456
perf_user_22165,perf123456
perf_user_22166,perf123456
perf_user_22167,perf123456
perf_user_22168,perf123456
perf_user_22169,perf123456
perf_user_22170,perf123456
perf_user_22171,perf123456
perf_user_22172,perf123456
perf_user_22173,perf123456
perf_user_22174,perf123456
perf_user_22175,perf123456
perf_user_22176,perf123456
perf_user_22177,perf123456
perf_user_22178,perf123456
perf_user_22179,perf123456
perf_user_22180,perf123456
perf_user_22181,perf123456
perf_user_22182,perf123456
perf_user_22183,perf123456
perf_user_22184,perf123456
perf_user_22185,perf123456
perf_user_22186,perf123456
perf_user_22187,perf123456
perf_user_22188,perf123456
perf_user_22189,perf123456
perf_user_22190,perf123456
perf_user_22191,perf123456
perf_user_22192,perf123456
perf_user_22193,perf123456
perf_user_22194,perf123456
perf_user_22195,perf123456
perf_user_22196,perf123456
perf_user_22197,perf123456
perf_user_22198,perf123456
perf_user_22199,perf123456
perf_user_22200,perf123456
perf_user_22201,perf123456
perf_user_22202,perf123456
perf_user_22203,perf123456
perf_user_22204,perf123456
perf_user_22205,perf123456
perf_user_22206,perf123456
perf_user_22207,perf123456
perf_user_22208,perf123456
perf_user_22209,perf123456
perf_user_22210,perf123456
perf_user_22211,perf123456
perf_user_22212,perf123456
perf_user_22213,perf123456
perf_user_22214,perf123456
perf_user_22215,perf123456
perf_user_22216,perf123456
perf_user_22217,perf123456
perf_user_22218,perf123456
perf_user_22219,perf123456
perf_user_22220,perf123456
perf_user_22221,perf123456
perf_user_22222,perf123456
perf_user_22223,perf123456
perf_user_22224,perf123456
perf_user_22225,perf123456
perf_user_22226,perf123456
perf_user_22227,perf123456
perf_user_22228,perf123456
perf_user_22229,perf123456
perf_user_22230,perf123456
perf_user_22231,perf123456
perf_user_22232,perf123456
perf_user_22233,perf123456
perf_user_22234,perf123456
perf_user_22235,perf123456
perf_user_22236,perf123456
perf_user_22237,perf123456
perf_user_22238,perf123456
perf_user_22239,perf123456
perf_user_22240,perf123456
perf_user_22241,perf123456
perf_user_22242,perf123456
perf_user_22243,perf123456
perf_user_22244,perf123456
perf_user_22245,perf123456
perf_user_22246,perf123456
perf_user_22247,perf123456
perf_user_22248,perf123456
perf_user_22249,perf123456
perf_user_22250,perf123456
perf_user_22251,perf123456
perf_user_22252,perf123456
perf_user_22253,perf123456
perf_user_22254,perf123456
perf_user_22255,perf123456
perf_user_22256,perf123456
perf_user_22257,perf123456
perf_user_22258,perf123456
perf_user_22259,perf123456
perf_user_22260,perf123456
perf_user_22261,perf123456
perf_user_22262,perf123456
perf_user_22263,perf123456
perf_user_22264,perf123456
perf_user_22265,perf123456
perf_user_22266,perf123456
perf_user_22267,perf123456
perf_user_22268,perf123456
perf_user_22269,perf123456
perf_user_22270,perf123456
perf_user_22271,perf123456
perf_user_22272,perf123456
perf_user_22273,perf123456
perf_user_22274,perf123456
perf_user_22275,perf123456
perf_user_22276,perf123456
perf_user_22277,perf123456
perf_user_22278,perf123456
perf_user_22279,perf123456
perf_user_22280,perf123456
perf_user_22281,perf123456
perf_user_22282,perf123456
perf_user_22283,perf123456
perf_user_22284,perf123456
perf_user_22285,perf123456
perf_user_22286,perf123456
perf_user_22287,perf123456
perf_user_22288,perf123456
perf_user_22289,perf123456
perf_user_22290,perf123456
perf_user_22291,perf123456
perf_user_22292,perf123456
perf_user_22293,perf123456
perf_user_22294,perf123456
perf_user_22295,perf123456
perf_user_22296,perf123456
perf_user_22297,perf123456
perf_user_22298,perf123456
perf_user_22299,perf123456
perf_user_22300,perf123456
perf_user_22301,perf123456
perf_user_22302,perf123456
perf_user_22303,perf123456
perf_user_22304,perf123456
perf_user_22305,perf123456
perf_user_22306,perf123456
perf_user_22307,perf123456
perf_user_22308,perf123456
perf_user_22309,perf123456
perf_user_22310,perf123456
perf_user_22311,perf123456
perf_user_22312,perf123456
perf_user_22313,perf123456
perf_user_22314,perf123456
perf_user_22315,perf123456
perf_user_22316,perf123456
perf_user_22317,perf123456
perf_user_22318,perf123456
perf_user_22319,perf123456
perf_user_22320,perf123456
perf_user_22321,perf123456
perf_user_22322,perf123456
perf_user_22323,perf123456
perf_user_22324,perf123456
perf_user_22325,perf123456
perf_user_22326,perf123456
perf_user_22327,perf123456
perf_user_22328,perf123456
perf_user_22329,perf123456
perf_user_22330,perf123456
perf_user_22331,perf123456
perf_user_22332,perf123456
perf_user_22333,perf123456
perf_user_22334,perf123456
perf_user_22335,perf123456
perf_user_22336,perf123456
perf_user_22337,perf123456
perf_user_22338,perf123456
perf_user_22339,perf123456
perf_user_22340,perf123456
perf_user_22341,perf123456
perf_user_22342,perf123456
perf_user_22343,perf123456
perf_user_22344,perf123456
perf_user_22345,perf123456
perf_user_22346,perf123456
perf_user_22347,perf123456
perf_user_22348,perf123456
perf_user_22349,perf123456
perf_user_22350,perf123456
perf_user_22351,perf123456
perf_user_22352,perf123456
perf_user_22353,perf123456
perf_user_22354,perf123456
perf_user_22355,perf123456
perf_user_22356,perf123456
perf_user_22357,perf123456
perf_user_22358,perf123456
perf_user_22359,perf123456
perf_user_22360,perf123456
perf_user_22361,perf123456
perf_user_22362,perf123456
perf_user_22363,perf123456
perf_user_22364,perf123456
perf_user_22365,perf123456
perf_user_22366,perf123456
perf_user_22367,perf123456
perf_user_22368,perf123456
perf_user_22369,perf123456
perf_user_22370,perf123456
perf_user_22371,perf123456
perf_user_22372,perf123456
perf_user_22373,perf123456
perf_user_22374,perf123456
perf_user_22375,perf123456
perf_user_22376,perf123456
perf_user_22377,perf123456
perf_user_22378,perf123456
perf_user_22379,perf123456
perf_user_22380,perf123456
perf_user_22381,perf123456
perf_user_22382,perf123456
perf_user_22383,perf123456
perf_user_22384,perf123456
perf_user_22385,perf123456
perf_user_22386,perf123456
perf_user_22387,perf123456
perf_user_22388,perf123456
perf_user_22389,perf123456
perf_user_22390,perf123456
perf_user_22391,perf123456
perf_user_22392,perf123456
perf_user_22393,perf123456
perf_user_22394,perf123456
perf_user_22395,perf123456
perf_user_22396,perf123456
perf_user_22397,perf123456
perf_user_22398,perf123456
perf_user_22399,perf123456
perf_user_22400,perf123456
perf_user_22401,perf123456
perf_user_22402,perf123456
perf_user_22403,perf123456
perf_user_22404,perf123456
perf_user_22405,perf123456
perf_user_22406,perf123456
perf_user_22407,perf123456
perf_user_22408,perf123456
perf_user_22409,perf123456
perf_user_22410,perf123456
perf_user_22411,perf123456
perf_user_22412,perf123456
perf_user_22413,perf123456
perf_user_22414,perf123456
perf_user_22415,perf123456
perf_user_22416,perf123456
perf_user_22417,perf123456
perf_user_22418,perf123456
perf_user_22419,perf123456
perf_user_22420,perf123456
perf_user_22421,perf123456
perf_user_22422,perf123456
perf_user_22423,perf123456
perf_user_22424,perf123456
perf_user_22425,perf123456
perf_user_22426,perf123456
perf_user_22427,perf123456
perf_user_22428,perf123456
perf_user_22429,perf123456
perf_user_22430,perf123456
perf_user_22431,perf123456
perf_user_22432,perf123456
perf_user_22433,perf123456
perf_user_22434,perf123456
perf_user_22435,perf123456
perf_user_22436,perf123456
perf_user_22437,perf123456
perf_user_22438,perf123456
perf_user_22439,perf123456
perf_user_22440,perf123456
perf_user_22441,perf123456
perf_user_22442,perf123456
perf_user_22443,perf123456
perf_user_22444,perf123456
perf_user_22445,perf123456
perf_user_22446,perf123456
perf_user_22447,perf123456
perf_user_22448,perf123456
perf_user_22449,perf123456
perf_user_22450,perf123456
perf_user_22451,perf123456
perf_user_22452,perf123456
perf_user_22453,perf123456
perf_user_22454,perf123456
perf_user_22455,perf123456
perf_user_22456,perf123456
perf_user_22457,perf123456
perf_user_22458,perf123456
perf_user_22459,perf123456
perf_user_22460,perf123456
perf_user_22461,perf123456
perf_user_22462,perf123456
perf_user_22463,perf123456
perf_user_22464,perf123456
perf_user_22465,perf123456
perf_user_22466,perf123456
perf_user_22467,perf123456
perf_user_22468,perf123456
perf_user_22469,perf123456
perf_user_22470,perf123456
perf_user_22471,perf123456
perf_user_22472,perf123456
perf_user_22473,perf123456
perf_user_22474,perf123456
perf_user_22475,perf123456
perf_user_22476,perf123456
perf_user_22477,perf123456
perf_user_22478,perf123456
perf_user_22479,perf123456
perf_user_22480,perf123456
perf_user_22481,perf123456
perf_user_22482,perf123456
perf_user_22483,perf123456
perf_user_22484,perf123456
perf_user_22485,perf123456
perf_user_22486,perf123456
perf_user_22487,perf123456
perf_user_22488,perf123456
perf_user_22489,perf123456
perf_user_22490,perf123456
perf_user_22491,perf123456
perf_user_22492,perf123456
perf_user_22493,perf123456
perf_user_22494,perf123456
perf_user_22495,perf123456
perf_user_22496,perf123456
perf_user_22497,perf123456
perf_user_22498,perf123456
perf_user_22499,perf123456
perf_user_22500,perf123456
perf_user_22501,perf123456
perf_user_22502,perf123456
perf_user_22503,perf123456
perf_user_22504,perf123456
perf_user_22505,perf123456
perf_user_22506,perf123456
perf_user_22507,perf123456
perf_user_22508,perf123456
perf_user_22509,perf123456
perf_user_22510,perf123456
perf_user_22511,perf123456
perf_user_22512,perf123456
perf_user_22513,perf123456
perf_user_22514,perf123456
perf_user_22515,perf123456
perf_user_22516,perf123456
perf_user_22517,perf123456
perf_user_22518,perf123456
perf_user_22519,perf123456
perf_user_22520,perf123456
perf_user_22521,perf123456
perf_user_22522,perf123456
perf_user_22523,perf123456
perf_user_22524,perf123456
perf_user_22525,perf123456
perf_user_22526,perf123456
perf_user_22527,perf123456
perf_user_22528,perf123456
perf_user_22529,perf123456
perf_user_22530,perf123456
perf_user_22531,perf123456
perf_user_22532,perf123456
perf_user_22533,perf123456
perf_user_22534,perf123456
perf_user_22535,perf123456
perf_user_22536,perf123456
perf_user_22537,perf123456
perf_user_22538,perf123456
perf_user_22539,perf123456
perf_user_22540,perf123456
perf_user_22541,perf123456
perf_user_22542,perf123456
perf_user_22543,perf123456
perf_user_22544,perf123456
perf_user_22545,perf123456
perf_user_22546,perf123456
perf_user_22547,perf123456
perf_user_22548,perf123456
perf_user_22549,perf123456
perf_user_22550,perf123456
perf_user_22551,perf123456
perf_user_22552,perf123456
perf_user_22553,perf123456
perf_user_22554,perf123456
perf_user_22555,perf123456
perf_user_22556,perf123456
perf_user_22557,perf123456
perf_user_22558,perf123456
perf_user_22559,perf123456
perf_user_22560,perf123456
perf_user_22561,perf123456
perf_user_22562,perf123456
perf_user_22563,perf123456
perf_user_22564,perf123456
perf_user_22565,perf123456
perf_user_22566,perf123456
perf_user_22567,perf123456
perf_user_22568,perf123456
perf_user_22569,perf123456
perf_user_22570,perf123456
perf_user_22571,perf123456
perf_user_22572,perf123456
perf_user_22573,perf123456
perf_user_22574,perf123456
perf_user_22575,perf123456
perf_user_22576,perf123456
perf_user_22577,perf123456
perf_user_22578,perf123456
perf_user_22579,perf123456
perf_user_22580,perf123456
perf_user_22581,perf123456
perf_user_22582,perf123456
perf_user_22583,perf123456
perf_user_22584,perf123456
perf_user_22585,perf123456
perf_user_22586,perf123456
perf_user_22587,perf123456
perf_user_22588,perf123456
perf_user_22589,perf123456
perf_user_22590,perf123456
perf_user_22591,perf123456
perf_user_22592,perf123456
perf_user_22593,perf123456
perf_user_22594,perf123456
perf_user_22595,perf123456
perf_user_22596,perf123456
perf_user_22597,perf123456
perf_user_22598,perf123456
perf_user_22599,perf123456
perf_user_22600,perf123456
perf_user_22601,perf123456
perf_user_22602,perf123456
perf_user_22603,perf123456
perf_user_22604,perf123456
perf_user_22605,perf123456
perf_user_22606,perf123456
perf_user_22607,perf123456
perf_user_22608,perf123456
perf_user_22609,perf123456
perf_user_22610,perf123456
perf_user_22611,perf123456
perf_user_22612,perf123456
perf_user_22613,perf123456
perf_user_22614,perf123456
perf_user_22615,perf123456
perf_user_22616,perf123456
perf_user_22617,perf123456
perf_user_22618,perf123456
perf_user_22619,perf123456
perf_user_22620,perf123456
perf_user_22621,perf123456
perf_user_22622,perf123456
perf_user_22623,perf123456
perf_user_22624,perf123456
perf_user_22625,perf123456
perf_user_22626,perf123456
perf_user_22627,perf123456
perf_user_22628,perf123456
perf_user_22629,perf123456
perf_user_22630,perf123456
perf_user_22631,perf123456
perf_user_22632,perf123456
perf_user_22633,perf123456
perf_user_22634,perf123456
perf_user_22635,perf123456
perf_user_22636,perf123456
perf_user_22637,perf123456
perf_user_22638,perf123456
perf_user_22639,perf123456
perf_user_22640,perf123456
perf_user_22641,perf123456
perf_user_22642,perf123456
perf_user_22643,perf123456
perf_user_22644,perf123456
perf_user_22645,perf123456
perf_user_22646,perf123456
perf_user_22647,perf123456
perf_user_22648,perf123456
perf_user_22649,perf123456
perf_user_22650,perf123456
perf_user_22651,perf123456
perf_user_22652,perf123456
perf_user_22653,perf123456
perf_user_22654,perf123456
perf_user_22655,perf123456
perf_user_22656,perf123456
perf_user_22657,perf123456
perf_user_22658,perf123456
perf_user_22659,perf123456
perf_user_22660,perf123456
perf_user_22661,perf123456
perf_user_22662,perf123456
perf_user_22663,perf123456
perf_user_22664,perf123456
perf_user_22665,perf123456
perf_user_22666,perf123456
perf_user_22667,perf123456
perf_user_22668,perf123456
perf_user_22669,perf123456
perf_user_22670,perf123456
perf_user_22671,perf123456
perf_user_22672,perf123456
perf_user_22673,perf123456
perf_user_22674,perf123456
perf_user_22675,perf123456
perf_user_22676,perf123456
perf_user_22677,perf123456
perf_user_22678,perf123456
perf_user_22679,perf123456
perf_user_22680,perf123456
perf_user_22681,perf123456
perf_user_22682,perf123456
perf_user_22683,perf123456
perf_user_22684,perf123456
perf_user_22685,perf123456
perf_user_22686,perf123456
perf_user_22687,perf123456
perf_user_22688,perf123456
perf_user_22689,perf123456
perf_user_22690,perf123456
perf_user_22691,perf123456
perf_user_22692,perf123456
perf_user_22693,perf123456
perf_user_22694,perf123456
perf_user_22695,perf123456
perf_user_22696,perf123456
perf_user_22697,perf123456
perf_user_22698,perf123456
perf_user_22699,perf123456
perf_user_22700,perf123456
perf_user_22701,perf123456
perf_user_22702,perf123456
perf_user_22703,perf123456
perf_user_22704,perf123456
perf_user_22705,perf123456
perf_user_22706,perf123456
perf_user_22707,perf123456
perf_user_22708,perf123456
perf_user_22709,perf123456
perf_user_22710,perf123456
perf_user_22711,perf123456
perf_user_22712,perf123456
perf_user_22713,perf123456
perf_user_22714,perf123456
perf_user_22715,perf123456
perf_user_22716,perf123456
perf_user_22717,perf123456
perf_user_22718,perf123456
perf_user_22719,perf123456
perf_user_22720,perf123456
perf_user_22721,perf123456
perf_user_22722,perf123456
perf_user_22723,perf123456
perf_user_22724,perf123456
perf_user_22725,perf123456
perf_user_22726,perf123456
perf_user_22727,perf123456
perf_user_22728,perf123456
perf_user_22729,perf123456
perf_user_22730,perf123456
perf_user_22731,perf123456
perf_user_22732,perf123456
perf_user_22733,perf123456
perf_user_22734,perf123456
perf_user_22735,perf123456
perf_user_22736,perf123456
perf_user_22737,perf123456
perf_user_22738,perf123456
perf_user_22739,perf123456
perf_user_22740,perf123456
perf_user_22741,perf123456
perf_user_22742,perf123456
perf_user_22743,perf123456
perf_user_22744,perf123456
perf_user_22745,perf123456
perf_user_22746,perf123456
perf_user_22747,perf123456
perf_user_22748,perf123456
perf_user_22749,perf123456
perf_user_22750,perf123456
perf_user_22751,perf123456
perf_user_22752,perf123456
perf_user_22753,perf123456
perf_user_22754,perf123456
perf_user_22755,perf123456
perf_user_22756,perf123456
perf_user_22757,perf123456
perf_user_22758,perf123456
perf_user_22759,perf123456
perf_user_22760,perf123456
perf_user_22761,perf123456
perf_user_22762,perf123456
perf_user_22763,perf123456
perf_user_22764,perf123456
perf_user_22765,perf123456
perf_user_22766,perf123456
perf_user_22767,perf123456
perf_user_22768,perf123456
perf_user_22769,perf123456
perf_user_22770,perf123456
perf_user_22771,perf123456
perf_user_22772,perf123456
perf_user_22773,perf123456
perf_user_22774,perf123456
perf_user_22775,perf123456
perf_user_22776,perf123456
perf_user_22777,perf123456
perf_user_22778,perf123456
perf_user_22779,perf123456
perf_user_22780,perf123456
perf_user_22781,perf123456
perf_user_22782,perf123456
perf_user_22783,perf123456
perf_user_22784,perf123456
perf_user_22785,perf123456
perf_user_22786,perf123456
perf_user_22787,perf123456
perf_user_22788,perf123456
perf_user_22789,perf123456
perf_user_22790,perf123456
perf_user_22791,perf123456
perf_user_22792,perf123456
perf_user_22793,perf123456
perf_user_22794,perf123456
perf_user_22795,perf123456
perf_user_22796,perf123456
perf_user_22797,perf123456
perf_user_22798,perf123456
perf_user_22799,perf123456
perf_user_22800,perf123456
perf_user_22801,perf123456
perf_user_22802,perf123456
perf_user_22803,perf123456
perf_user_22804,perf123456
perf_user_22805,perf123456
perf_user_22806,perf123456
perf_user_22807,perf123456
perf_user_22808,perf123456
perf_user_22809,perf123456
perf_user_22810,perf123456
perf_user_22811,perf123456
perf_user_22812,perf123456
perf_user_22813,perf123456
perf_user_22814,perf123456
perf_user_22815,perf123456
perf_user_22816,perf123456
perf_user_22817,perf123456
perf_user_22818,perf123456
perf_user_22819,perf123456
perf_user_22820,perf123456
perf_user_22821,perf123456
perf_user_22822,perf123456
perf_user_22823,perf123456
perf_user_22824,perf123456
perf_user_22825,perf123456
perf_user_22826,perf123456
perf_user_22827,perf123456
perf_user_22828,perf123456
perf_user_22829,perf123456
perf_user_22830,perf123456
perf_user_22831,perf123456
perf_user_22832,perf123456
perf_user_22833,perf123456
perf_user_22834,perf123456
perf_user_22835,perf123456
perf_user_22836,perf123456
perf_user_22837,perf123456
perf_user_22838,perf123456
perf_user_22839,perf123456
perf_user_22840,perf123456
perf_user_22841,perf123456
perf_user_22842,perf123456
perf_user_22843,perf123456
perf_user_22844,perf123456
perf_user_22845,perf123456
perf_user_22846,perf123456
perf_user_22847,perf123456
perf_user_22848,perf123456
perf_user_22849,perf123456
perf_user_22850,perf123456
perf_user_22851,perf123456
perf_user_22852,perf123456
perf_user_22853,perf123456
perf_user_22854,perf123456
perf_user_22855,perf123456
perf_user_22856,perf123456
perf_user_22857,perf123456
perf_user_22858,perf123456
perf_user_22859,perf123456
perf_user_22860,perf123456
perf_user_22861,perf123456
perf_user_22862,perf123456
perf_user_22863,perf123456
perf_user_22864,perf123456
perf_user_22865,perf123456
perf_user_22866,perf123456
perf_user_22867,perf123456
perf_user_22868,perf123456
perf_user_22869,perf123456
perf_user_22870,perf123456
perf_user_22871,perf123456
perf_user_22872,perf123456
perf_user_22873,perf123456
perf_user_22874,perf123456
perf_user_22875,perf123456
perf_user_22876,perf123456
perf_user_22877,perf123456
perf_user_22878,perf123456
perf_user_22879,perf123456
perf_user_22880,perf123456
perf_user_22881,perf123456
perf_user_22882,perf123456
perf_user_22883,perf123456
perf_user_22884,perf123456
perf_user_22885,perf123456
perf_user_22886,perf123456
perf_user_22887,perf123456
perf_user_22888,perf123456
perf_user_22889,perf123456
perf_user_22890,perf123456
perf_user_22891,perf123456
perf_user_22892,perf123456
perf_user_22893,perf123456
perf_user_22894,perf123456
perf_user_22895,perf123456
perf_user_22896,perf123456
perf_user_22897,perf123456
perf_user_22898,perf123456
perf_user_22899,perf123456
perf_user_22900,perf123456
perf_user_22901,perf123456
perf_user_22902,perf123456
perf_user_22903,perf123456
perf_user_22904,perf123456
perf_user_22905,perf123456
perf_user_22906,perf123456
perf_user_22907,perf123456
perf_user_22908,perf123456
perf_user_22909,perf123456
perf_user_22910,perf123456
perf_user_22911,perf123456
perf_user_22912,perf123456
perf_user_22913,perf123456
perf_user_22914,perf123456
perf_user_22915,perf123456
perf_user_22916,perf123456
perf_user_22917,perf123456
perf_user_22918,perf123456
perf_user_22919,perf123456
perf_user_22920,perf123456
perf_user_22921,perf123456
perf_user_22922,perf123456
perf_user_22923,perf123456
perf_user_22924,perf123456
perf_user_22925,perf123456
perf_user_22926,perf123456
perf_user_22927,perf123456
perf_user_22928,perf123456
perf_user_22929,perf123456
perf_user_22930,perf123456
perf_user_22931,perf123456
perf_user_22932,perf123456
perf_user_22933,perf123456
perf_user_22934,perf123456
perf_user_22935,perf123456
perf_user_22936,perf123456
perf_user_22937,perf123456
perf_user_22938,perf123456
perf_user_22939,perf123456
perf_user_22940,perf123456
perf_user_22941,perf123456
perf_user_22942,perf123456
perf_user_22943,perf123456
perf_user_22944,perf123456
perf_user_22945,perf123456
perf_user_22946,perf123456
perf_user_22947,perf123456
perf_user_22948,perf123456
perf_user_22949,perf123456
perf_user_22950,perf123456
perf_user_22951,perf123456
perf_user_22952,perf123456
perf_user_22953,perf123456
perf_user_22954,perf123456
perf_user_22955,perf123456
perf_user_22956,perf123456
perf_user_22957,perf123456
perf_user_22958,perf123456
perf_user_22959,perf123456
perf_user_22960,perf123456
perf_user_22961,perf123456
perf_user_22962,perf123456
perf_user_22963,perf123456
perf_user_22964,perf123456
perf_user_22965,perf123456
perf_user_22966,perf123456
perf_user_22967,perf123456
perf_user_22968,perf123456
perf_user_22969,perf123456
perf_user_22970,perf123456
perf_user_22971,perf123456
perf_user_22972,perf123456
perf_user_22973,perf123456
perf_user_22974,perf123456
perf_user_22975,perf123456
perf_user_22976,perf123456
perf_user_22977,perf123456
perf_user_22978,perf123456
perf_user_22979,perf123456
perf_user_22980,perf123456
perf_user_22981,perf123456
perf_user_22982,perf123456
perf_user_22983,perf123456
perf_user_22984,perf123456
perf_user_22985,perf123456
perf_user_22986,perf123456
perf_user_22987,perf123456
perf_user_22988,perf123456
perf_user_22989,perf123456
perf_user_22990,perf123456
perf_user_22991,perf123456
perf_user_22992,perf123456
perf_user_22993,perf123456
perf_user_22994,perf123456
perf_user_22995,perf123456
perf_user_22996,perf123456
perf_user_22997,perf123456
perf_user_22998,perf123456
perf_user_22999,perf123456
perf_user_23000,perf123456
perf_user_23001,perf123456
perf_user_23002,perf123456
perf_user_23003,perf123456
perf_user_23004,perf123456
perf_user_23005,perf123456
perf_user_23006,perf123456
perf_user_23007,perf123456
perf_user_23008,perf123456
perf_user_23009,perf123456
perf_user_23010,perf123456
perf_user_23011,perf123456
perf_user_23012,perf123456
perf_user_23013,perf123456
perf_user_23014,perf123456
perf_user_23015,perf123456
perf_user_23016,perf123456
perf_user_23017,perf123456
perf_user_23018,perf123456
perf_user_23019,perf123456
perf_user_23020,perf123456
perf_user_23021,perf123456
perf_user_23022,perf123456
perf_user_23023,perf123456
perf_user_23024,perf123456
perf_user_23025,perf123456
perf_user_23026,perf123456
perf_user_23027,perf123456
perf_user_23028,perf123456
perf_user_23029,perf123456
perf_user_23030,perf123456
perf_user_23031,perf123456
perf_user_23032,perf123456
perf_user_23033,perf123456
perf_user_23034,perf123456
perf_user_23035,perf123456
perf_user_23036,perf123456
perf_user_23037,perf123456
perf_user_23038,perf123456
perf_user_23039,perf123456
perf_user_23040,perf123456
perf_user_23041,perf123456
perf_user_23042,perf123456
perf_user_23043,perf123456
perf_user_23044,perf123456
perf_user_23045,perf123456
perf_user_23046,perf123456
perf_user_23047,perf123456
perf_user_23048,perf123456
perf_user_23049,perf123456
perf_user_23050,perf123456
perf_user_23051,perf123456
perf_user_23052,perf123456
perf_user_23053,perf123456
perf_user_23054,perf123456
perf_user_23055,perf123456
perf_user_23056,perf123456
perf_user_23057,perf123456
perf_user_23058,perf123456
perf_user_23059,perf123456
perf_user_23060,perf123456
perf_user_23061,perf123456
perf_user_23062,perf123456
perf_user_23063,perf123456
perf_user_23064,perf123456
perf_user_23065,perf123456
perf_user_23066,perf123456
perf_user_23067,perf123456
perf_user_23068,perf123456
perf_user_23069,perf123456
perf_user_23070,perf123456
perf_user_23071,perf123456
perf_user_23072,perf123456
perf_user_23073,perf123456
perf_user_23074,perf123456
perf_user_23075,perf123456
perf_user_23076,perf123456
perf_user_23077,perf123456
perf_user_23078,perf123456
perf_user_23079,perf123456
perf_user_23080,perf123456
perf_user_23081,perf123456
perf_user_23082,perf123456
perf_user_23083,perf123456
perf_user_23084,perf123456
perf_user_23085,perf123456
perf_user_23086,perf123456
perf_user_23087,perf123456
perf_user_23088,perf123456
perf_user_23089,perf123456
perf_user_23090,perf123456
perf_user_23091,perf123456
perf_user_23092,perf123456
perf_user_23093,perf123456
perf_user_23094,perf123456
perf_user_23095,perf123456
perf_user_23096,perf123456
perf_user_23097,perf123456
perf_user_23098,perf123456
perf_user_23099,perf123456
perf_user_23100,perf123456
perf_user_23101,perf123456
perf_user_23102,perf123456
perf_user_23103,perf123456
perf_user_23104,perf123456
perf_user_23105,perf123456
perf_user_23106,perf123456
perf_user_23107,perf123456
perf_user_23108,perf123456
perf_user_23109,perf123456
perf_user_23110,perf123456
perf_user_23111,perf123456
perf_user_23112,perf123456
perf_user_23113,perf123456
perf_user_23114,perf123456
perf_user_23115,perf123456
perf_user_23116,perf123456
perf_user_23117,perf123456
perf_user_23118,perf123456
perf_user_23119,perf123456
perf_user_23120,perf123456
perf_user_23121,perf123456
perf_user_23122,perf123456
perf_user_23123,perf123456
perf_user_23124,perf123456
perf_user_23125,perf123456
perf_user_23126,perf123456
perf_user_23127,perf123456
perf_user_23128,perf123456
perf_user_23129,perf123456
perf_user_23130,perf123456
perf_user_23131,perf123456
perf_user_23132,perf123456
perf_user_23133,perf123456
perf_user_23134,perf123456
perf_user_23135,perf123456
perf_user_23136,perf123456
perf_user_23137,perf123456
perf_user_23138,perf123456
perf_user_23139,perf123456
perf_user_23140,perf123456
perf_user_23141,perf123456
perf_user_23142,perf123456
perf_user_23143,perf123456
perf_user_23144,perf123456
perf_user_23145,perf123456
perf_user_23146,perf123456
perf_user_23147,perf123456
perf_user_23148,perf123456
perf_user_23149,perf123456
perf_user_23150,perf123456
perf_user_23151,perf123456
perf_user_23152,perf123456
perf_user_23153,perf123456
perf_user_23154,perf123456
perf_user_23155,perf123456
perf_user_23156,perf123456
perf_user_23157,perf123456
perf_user_23158,perf123456
perf_user_23159,perf123456
perf_user_23160,perf123456
perf_user_23161,perf123456
perf_user_23162,perf123456
perf_user_23163,perf123456
perf_user_23164,perf123456
perf_user_23165,perf123456
perf_user_23166,perf123456
perf_user_23167,perf123456
perf_user_23168,perf123456
perf_user_23169,perf123456
perf_user_23170,perf123456
perf_user_23171,perf123456
perf_user_23172,perf123456
perf_user_23173,perf123456
perf_user_23174,perf123456
perf_user_23175,perf123456
perf_user_23176,perf123456
perf_user_23177,perf123456
perf_user_23178,perf123456
perf_user_23179,perf123456
perf_user_23180,perf123456
perf_user_23181,perf123456
perf_user_23182,perf123456
perf_user_23183,perf123456
perf_user_23184,perf123456
perf_user_23185,perf123456
perf_user_23186,perf123456
perf_user_23187,perf123456
perf_user_23188,perf123456
perf_user_23189,perf123456
perf_user_23190,perf123456
perf_user_23191,perf123456
perf_user_23192,perf123456
perf_user_23193,perf123456
perf_user_23194,perf123456
perf_user_23195,perf123456
perf_user_23196,perf123456
perf_user_23197,perf123456
perf_user_23198,perf123456
perf_user_23199,perf123456
perf_user_23200,perf123456
perf_user_23201,perf123456
perf_user_23202,perf123456
perf_user_23203,perf123456
perf_user_23204,perf123456
perf_user_23205,perf123456
perf_user_23206,perf123456
perf_user_23207,perf123456
perf_user_23208,perf123456
perf_user_23209,perf123456
perf_user_23210,perf123456
perf_user_23211,perf123456
perf_user_23212,perf123456
perf_user_23213,perf123456
perf_user_23214,perf123456
perf_user_23215,perf123456
perf_user_23216,perf123456
perf_user_23217,perf123456
perf_user_23218,perf123456
perf_user_23219,perf123456
perf_user_23220,perf123456
perf_user_23221,perf123456
perf_user_23222,perf123456
perf_user_23223,perf123456
perf_user_23224,perf123456
perf_user_23225,perf123456
perf_user_23226,perf123456
perf_user_23227,perf123456
perf_user_23228,perf123456
perf_user_23229,perf123456
perf_user_23230,perf123456
perf_user_23231,perf123456
perf_user_23232,perf123456
perf_user_23233,perf123456
perf_user_23234,perf123456
perf_user_23235,perf123456
perf_user_23236,perf123456
perf_user_23237,perf123456
perf_user_23238,perf123456
perf_user_23239,perf123456
perf_user_23240,perf123456
perf_user_23241,perf123456
perf_user_23242,perf123456
perf_user_23243,perf123456
perf_user_23244,perf123456
perf_user_23245,perf123456
perf_user_23246,perf123456
perf_user_23247,perf123456
perf_user_23248,perf123456
perf_user_23249,perf123456
perf_user_23250,perf123456
perf_user_23251,perf123456
perf_user_23252,perf123456
perf_user_23253,perf123456
perf_user_23254,perf123456
perf_user_23255,perf123456
perf_user_23256,perf123456
perf_user_23257,perf123456
perf_user_23258,perf123456
perf_user_23259,perf123456
perf_user_23260,perf123456
perf_user_23261,perf123456
perf_user_23262,perf123456
perf_user_23263,perf123456
perf_user_23264,perf123456
perf_user_23265,perf123456
perf_user_23266,perf123456
perf_user_23267,perf123456
perf_user_23268,perf123456
perf_user_23269,perf123456
perf_user_23270,perf123456
perf_user_23271,perf123456
perf_user_23272,perf123456
perf_user_23273,perf123456
perf_user_23274,perf123456
perf_user_23275,perf123456
perf_user_23276,perf123456
perf_user_23277,perf123456
perf_user_23278,perf123456
perf_user_23279,perf123456
perf_user_23280,perf123456
perf_user_23281,perf123456
perf_user_23282,perf123456
perf_user_23283,perf123456
perf_user_23284,perf123456
perf_user_23285,perf123456
perf_user_23286,perf123456
perf_user_23287,perf123456
perf_user_23288,perf123456
perf_user_23289,perf123456
perf_user_23290,perf123456
perf_user_23291,perf123456
perf_user_23292,perf123456
perf_user_23293,perf123456
perf_user_23294,perf123456
perf_user_23295,perf123456
perf_user_23296,perf123456
perf_user_23297,perf123456
perf_user_23298,perf123456
perf_user_23299,perf123456
perf_user_23300,perf123456
perf_user_23301,perf123456
perf_user_23302,perf123456
perf_user_23303,perf123456
perf_user_23304,perf123456
perf_user_23305,perf123456
perf_user_23306,perf123456
perf_user_23307,perf123456
perf_user_23308,perf123456
perf_user_23309,perf123456
perf_user_23310,perf123456
perf_user_23311,perf123456
perf_user_23312,perf123456
perf_user_23313,perf123456
perf_user_23314,perf123456
perf_user_23315,perf123456
perf_user_23316,perf123456
perf_user_23317,perf123456
perf_user_23318,perf123456
perf_user_23319,perf123456
perf_user_23320,perf123456
perf_user_23321,perf123456
perf_user_23322,perf123456
perf_user_23323,perf123456
perf_user_23324,perf123456
perf_user_23325,perf123456
perf_user_23326,perf123456
perf_user_23327,perf123456
perf_user_23328,perf123456
perf_user_23329,perf123456
perf_user_23330,perf123456
perf_user_23331,perf123456
perf_user_23332,perf123456
perf_user_23333,perf123456
perf_user_23334,perf123456
perf_user_23335,perf123456
perf_user_23336,perf123456
perf_user_23337,perf123456
perf_user_23338,perf123456
perf_user_23339,perf123456
perf_user_23340,perf123456
perf_user_23341,perf123456
perf_user_23342,perf123456
perf_user_23343,perf123456
perf_user_23344,perf123456
perf_user_23345,perf123456
perf_user_23346,perf123456
perf_user_23347,perf123456
perf_user_23348,perf123456
perf_user_23349,perf123456
perf_user_23350,perf123456
perf_user_23351,perf123456
perf_user_23352,perf123456
perf_user_23353,perf123456
perf_user_23354,perf123456
perf_user_23355,perf123456
perf_user_23356,perf123456
perf_user_23357,perf123456
perf_user_23358,perf123456
perf_user_23359,perf123456
perf_user_23360,perf123456
perf_user_23361,perf123456
perf_user_23362,perf123456
perf_user_23363,perf123456
perf_user_23364,perf123456
perf_user_23365,perf123456
perf_user_23366,perf123456
perf_user_23367,perf123456
perf_user_23368,perf123456
perf_user_23369,perf123456
perf_user_23370,perf123456
perf_user_23371,perf123456
perf_user_23372,perf123456
perf_user_23373,perf123456
perf_user_23374,perf123456
perf_user_23375,perf123456
perf_user_23376,perf123456
perf_user_23377,perf123456
perf_user_23378,perf123456
perf_user_23379,perf123456
perf_user_23380,perf123456
perf_user_23381,perf123456
perf_user_23382,perf123456
perf_user_23383,perf123456
perf_user_23384,perf123456
perf_user_23385,perf123456
perf_user_23386,perf123456
perf_user_23387,perf123456
perf_user_23388,perf123456
perf_user_23389,perf123456
perf_user_23390,perf123456
perf_user_23391,perf123456
perf_user_23392,perf123456
perf_user_23393,perf123456
perf_user_23394,perf123456
perf_user_23395,perf123456
perf_user_23396,perf123456
perf_user_23397,perf123456
perf_user_23398,perf123456
perf_user_23399,perf123456
perf_user_23400,perf123456
perf_user_23401,perf123456
perf_user_23402,perf123456
perf_user_23403,perf123456
perf_user_23404,perf123456
perf_user_23405,perf123456
perf_user_23406,perf123456
perf_user_23407,perf123456
perf_user_23408,perf123456
perf_user_23409,perf123456
perf_user_23410,perf123456
perf_user_23411,perf123456
perf_user_23412,perf123456
perf_user_23413,perf123456
perf_user_23414,perf123456
perf_user_23415,perf123456
perf_user_23416,perf123456
perf_user_23417,perf123456
perf_user_23418,perf123456
perf_user_23419,perf123456
perf_user_23420,perf123456
perf_user_23421,perf123456
perf_user_23422,perf123456
perf_user_23423,perf123456
perf_user_23424,perf123456
perf_user_23425,perf123456
perf_user_23426,perf123456
perf_user_23427,perf123456
perf_user_23428,perf123456
perf_user_23429,perf123456
perf_user_23430,perf123456
perf_user_23431,perf123456
perf_user_23432,perf123456
perf_user_23433,perf123456
perf_user_23434,perf123456
perf_user_23435,perf123456
perf_user_23436,perf123456
perf_user_23437,perf123456
perf_user_23438,perf123456
perf_user_23439,perf123456
perf_user_23440,perf123456
perf_user_23441,perf123456
perf_user_23442,perf123456
perf_user_23443,perf123456
perf_user_23444,perf123456
perf_user_23445,perf123456
perf_user_23446,perf123456
perf_user_23447,perf123456
perf_user_23448,perf123456
perf_user_23449,perf123456
perf_user_23450,perf123456
perf_user_23451,perf123456
perf_user_23452,perf123456
perf_user_23453,perf123456
perf_user_23454,perf123456
perf_user_23455,perf123456
perf_user_23456,perf123456
perf_user_23457,perf123456
perf_user_23458,perf123456
perf_user_23459,perf123456
perf_user_23460,perf123456
perf_user_23461,perf123456
perf_user_23462,perf123456
perf_user_23463,perf123456
perf_user_23464,perf123456
perf_user_23465,perf123456
perf_user_23466,perf123456
perf_user_23467,perf123456
perf_user_23468,perf123456
perf_user_23469,perf123456
perf_user_23470,perf123456
perf_user_23471,perf123456
perf_user_23472,perf123456
perf_user_23473,perf123456
perf_user_23474,perf123456
perf_user_23475,perf123456
perf_user_23476,perf123456
perf_user_23477,perf123456
perf_user_23478,perf123456
perf_user_23479,perf123456
perf_user_23480,perf123456
perf_user_23481,perf123456
perf_user_23482,perf123456
perf_user_23483,perf123456
perf_user_23484,perf123456
perf_user_23485,perf123456
perf_user_23486,perf123456
perf_user_23487,perf123456
perf_user_23488,perf123456
perf_user_23489,perf123456
perf_user_23490,perf123456
perf_user_23491,perf123456
perf_user_23492,perf123456
perf_user_23493,perf123456
perf_user_23494,perf123456
perf_user_23495,perf123456
perf_user_23496,perf123456
perf_user_23497,perf123456
perf_user_23498,perf123456
perf_user_23499,perf123456
perf_user_23500,perf123456
perf_user_23501,perf123456
perf_user_23502,perf123456
perf_user_23503,perf123456
perf_user_23504,perf123456
perf_user_23505,perf123456
perf_user_23506,perf123456
perf_user_23507,perf123456
perf_user_23508,perf123456
perf_user_23509,perf123456
perf_user_23510,perf123456
perf_user_23511,perf123456
perf_user_23512,perf123456
perf_user_23513,perf123456
perf_user_23514,perf123456
perf_user_23515,perf123456
perf_user_23516,perf123456
perf_user_23517,perf123456
perf_user_23518,perf123456
perf_user_23519,perf123456
perf_user_23520,perf123456
perf_user_23521,perf123456
perf_user_23522,perf123456
perf_user_23523,perf123456
perf_user_23524,perf123456
perf_user_23525,perf123456
perf_user_23526,perf123456
perf_user_23527,perf123456
perf_user_23528,perf123456
perf_user_23529,perf123456
perf_user_23530,perf123456
perf_user_23531,perf123456
perf_user_23532,perf123456
perf_user_23533,perf123456
perf_user_23534,perf123456
perf_user_23535,perf123456
perf_user_23536,perf123456
perf_user_23537,perf123456
perf_user_23538,perf123456
perf_user_23539,perf123456
perf_user_23540,perf123456
perf_user_23541,perf123456
perf_user_23542,perf123456
perf_user_23543,perf123456
perf_user_23544,perf123456
perf_user_23545,perf123456
perf_user_23546,perf123456
perf_user_23547,perf123456
perf_user_23548,perf123456
perf_user_23549,perf123456
perf_user_23550,perf123456
perf_user_23551,perf123456
perf_user_23552,perf123456
perf_user_23553,perf123456
perf_user_23554,perf123456
perf_user_23555,perf123456
perf_user_23556,perf123456
perf_user_23557,perf123456
perf_user_23558,perf123456
perf_user_23559,perf123456
perf_user_23560,perf123456
perf_user_23561,perf123456
perf_user_23562,perf123456
perf_user_23563,perf123456
perf_user_23564,perf123456
perf_user_23565,perf123456
perf_user_23566,perf123456
perf_user_23567,perf123456
perf_user_23568,perf123456
perf_user_23569,perf123456
perf_user_23570,perf123456
perf_user_23571,perf123456
perf_user_23572,perf123456
perf_user_23573,perf123456
perf_user_23574,perf123456
perf_user_23575,perf123456
perf_user_23576,perf123456
perf_user_23577,perf123456
perf_user_23578,perf123456
perf_user_23579,perf123456
perf_user_23580,perf123456
perf_user_23581,perf123456
perf_user_23582,perf123456
perf_user_23583,perf123456
perf_user_23584,perf123456
perf_user_23585,perf123456
perf_user_23586,perf123456
perf_user_23587,perf123456
perf_user_23588,perf123456
perf_user_23589,perf123456
perf_user_23590,perf123456
perf_user_23591,perf123456
perf_user_23592,perf123456
perf_user_23593,perf123456
perf_user_23594,perf123456
perf_user_23595,perf123456
perf_user_23596,perf123456
perf_user_23597,perf123456
perf_user_23598,perf123456
perf_user_23599,perf123456
perf_user_23600,perf123456
perf_user_23601,perf123456
perf_user_23602,perf123456
perf_user_23603,perf123456
perf_user_23604,perf123456
perf_user_23605,perf123456
perf_user_23606,perf123456
perf_user_23607,perf123456
perf_user_23608,perf123456
perf_user_23609,perf123456
perf_user_23610,perf123456
perf_user_23611,perf123456
perf_user_23612,perf123456
perf_user_23613,perf123456
perf_user_23614,perf123456
perf_user_23615,perf123456
perf_user_23616,perf123456
perf_user_23617,perf123456
perf_user_23618,perf123456
perf_user_23619,perf123456
perf_user_23620,perf123456
perf_user_23621,perf123456
perf_user_23622,perf123456
perf_user_23623,perf123456
perf_user_23624,perf123456
perf_user_23625,perf123456
perf_user_23626,perf123456
perf_user_23627,perf123456
perf_user_23628,perf123456
perf_user_23629,perf123456
perf_user_23630,perf123456
perf_user_23631,perf123456
perf_user_23632,perf123456
perf_user_23633,perf123456
perf_user_23634,perf123456
perf_user_23635,perf123456
perf_user_23636,perf123456
perf_user_23637,perf123456
perf_user_23638,perf123456
perf_user_23639,perf123456
perf_user_23640,perf123456
perf_user_23641,perf123456
perf_user_23642,perf123456
perf_user_23643,perf123456
perf_user_23644,perf123456
perf_user_23645,perf123456
perf_user_23646,perf123456
perf_user_23647,perf123456
perf_user_23648,perf123456
perf_user_23649,perf123456
perf_user_23650,perf123456
perf_user_23651,perf123456
perf_user_23652,perf123456
perf_user_23653,perf123456
perf_user_23654,perf123456
perf_user_23655,perf123456
perf_user_23656,perf123456
perf_user_23657,perf123456
perf_user_23658,perf123456
perf_user_23659,perf123456
perf_user_23660,perf123456
perf_user_23661,perf123456
perf_user_23662,perf123456
perf_user_23663,perf123456
perf_user_23664,perf123456
perf_user_23665,perf123456
perf_user_23666,perf123456
perf_user_23667,perf123456
perf_user_23668,perf123456
perf_user_23669,perf123456
perf_user_23670,perf123456
perf_user_23671,perf123456
perf_user_23672,perf123456
perf_user_23673,perf123456
perf_user_23674,perf123456
perf_user_23675,perf123456
perf_user_23676,perf123456
perf_user_23677,perf123456
perf_user_23678,perf123456
perf_user_23679,perf123456
perf_user_23680,perf123456
perf_user_23681,perf123456
perf_user_23682,perf123456
perf_user_23683,perf123456
perf_user_23684,perf123456
perf_user_23685,perf123456
perf_user_23686,perf123456
perf_user_23687,perf123456
perf_user_23688,perf123456
perf_user_23689,perf123456
perf_user_23690,perf123456
perf_user_23691,perf123456
perf_user_23692,perf123456
perf_user_23693,perf123456
perf_user_23694,perf123456
perf_user_23695,perf123456
perf_user_23696,perf123456
perf_user_23697,perf123456
perf_user_23698,perf123456
perf_user_23699,perf123456
perf_user_23700,perf123456
perf_user_23701,perf123456
perf_user_23702,perf123456
perf_user_23703,perf123456
perf_user_23704,perf123456
perf_user_23705,perf123456
perf_user_23706,perf123456
perf_user_23707,perf123456
perf_user_23708,perf123456
perf_user_23709,perf123456
perf_user_23710,perf123456
perf_user_23711,perf123456
perf_user_23712,perf123456
perf_user_23713,perf123456
perf_user_23714,perf123456
perf_user_23715,perf123456
perf_user_23716,perf123456
perf_user_23717,perf123456
perf_user_23718,perf123456
perf_user_23719,perf123456
perf_user_23720,perf123456
perf_user_23721,perf123456
perf_user_23722,perf123456
perf_user_23723,perf123456
perf_user_23724,perf123456
perf_user_23725,perf123456
perf_user_23726,perf123456
perf_user_23727,perf123456
perf_user_23728,perf123456
perf_user_23729,perf123456
perf_user_23730,perf123456
perf_user_23731,perf123456
perf_user_23732,perf123456
perf_user_23733,perf123456
perf_user_23734,perf123456
perf_user_23735,perf123456
perf_user_23736,perf123456
perf_user_23737,perf123456
perf_user_23738,perf123456
perf_user_23739,perf123456
perf_user_23740,perf123456
perf_user_23741,perf123456
perf_user_23742,perf123456
perf_user_23743,perf123456
perf_user_23744,perf123456
perf_user_23745,perf123456
perf_user_23746,perf123456
perf_user_23747,perf123456
perf_user_23748,perf123456
perf_user_23749,perf123456
perf_user_23750,perf123456
perf_user_23751,perf123456
perf_user_23752,perf123456
perf_user_23753,perf123456
perf_user_23754,perf123456
perf_user_23755,perf123456
perf_user_23756,perf123456
perf_user_23757,perf123456
perf_user_23758,perf123456
perf_user_23759,perf123456
perf_user_23760,perf123456
perf_user_23761,perf123456
perf_user_23762,perf123456
perf_user_23763,perf123456
perf_user_23764,perf123456
perf_user_23765,perf123456
perf_user_23766,perf123456
perf_user_23767,perf123456
perf_user_23768,perf123456
perf_user_23769,perf123456
perf_user_23770,perf123456
perf_user_23771,perf123456
perf_user_23772,perf123456
perf_user_23773,perf123456
perf_user_23774,perf123456
perf_user_23775,perf123456
perf_user_23776,perf123456
perf_user_23777,perf123456
perf_user_23778,perf123456
perf_user_23779,perf123456
perf_user_23780,perf123456
perf_user_23781,perf123456
perf_user_23782,perf123456
perf_user_23783,perf123456
perf_user_23784,perf123456
perf_user_23785,perf123456
perf_user_23786,perf123456
perf_user_23787,perf123456
perf_user_23788,perf123456
perf_user_23789,perf123456
perf_user_23790,perf123456
perf_user_23791,perf123456
perf_user_23792,perf123456
perf_user_23793,perf123456
perf_user_23794,perf123456
perf_user_23795,perf123456
perf_user_23796,perf123456
perf_user_23797,perf123456
perf_user_23798,perf123456
perf_user_23799,perf123456
perf_user_23800,perf123456
perf_user_23801,perf123456
perf_user_23802,perf123456
perf_user_23803,perf123456
perf_user_23804,perf123456
perf_user_23805,perf123456
perf_user_23806,perf123456
perf_user_23807,perf123456
perf_user_23808,perf123456
perf_user_23809,perf123456
perf_user_23810,perf123456
perf_user_23811,perf123456
perf_user_23812,perf123456
perf_user_23813,perf123456
perf_user_23814,perf123456
perf_user_23815,perf123456
perf_user_23816,perf123456
perf_user_23817,perf123456
perf_user_23818,perf123456
perf_user_23819,perf123456
perf_user_23820,perf123456
perf_user_23821,perf123456
perf_user_23822,perf123456
perf_user_23823,perf123456
perf_user_23824,perf123456
perf_user_23825,perf123456
perf_user_23826,perf123456
perf_user_23827,perf123456
perf_user_23828,perf123456
perf_user_23829,perf123456
perf_user_23830,perf123456
perf_user_23831,perf123456
perf_user_23832,perf123456
perf_user_23833,perf123456
perf_user_23834,perf123456
perf_user_23835,perf123456
perf_user_23836,perf123456
perf_user_23837,perf123456
perf_user_23838,perf123456
perf_user_23839,perf123456
perf_user_23840,perf123456
perf_user_23841,perf123456
perf_user_23842,perf123456
perf_user_23843,perf123456
perf_user_23844,perf123456
perf_user_23845,perf123456
perf_user_23846,perf123456
perf_user_23847,perf123456
perf_user_23848,perf123456
perf_user_23849,perf123456
perf_user_23850,perf123456
perf_user_23851,perf123456
perf_user_23852,perf123456
perf_user_23853,perf123456
perf_user_23854,perf123456
perf_user_23855,perf123456
perf_user_23856,perf123456
perf_user_23857,perf123456
perf_user_23858,perf123456
perf_user_23859,perf123456
perf_user_23860,perf123456
perf_user_23861,perf123456
perf_user_23862,perf123456
perf_user_23863,perf123456
perf_user_23864,perf123456
perf_user_23865,perf123456
perf_user_23866,perf123456
perf_user_23867,perf123456
perf_user_23868,perf123456
perf_user_23869,perf123456
perf_user_23870,perf123456
perf_user_23871,perf123456
perf_user_23872,perf123456
perf_user_23873,perf123456
perf_user_23874,perf123456
perf_user_23875,perf123456
perf_user_23876,perf123456
perf_user_23877,perf123456
perf_user_23878,perf123456
perf_user_23879,perf123456
perf_user_23880,perf123456
perf_user_23881,perf123456
perf_user_23882,perf123456
perf_user_23883,perf123456
perf_user_23884,perf123456
perf_user_23885,perf123456
perf_user_23886,perf123456
perf_user_23887,perf123456
perf_user_23888,perf123456
perf_user_23889,perf123456
perf_user_23890,perf123456
perf_user_23891,perf123456
perf_user_23892,perf123456
perf_user_23893,perf123456
perf_user_23894,perf123456
perf_user_23895,perf123456
perf_user_23896,perf123456
perf_user_23897,perf123456
perf_user_23898,perf123456
perf_user_23899,perf123456
perf_user_23900,perf123456
perf_user_23901,perf123456
perf_user_23902,perf123456
perf_user_23903,perf123456
perf_user_23904,perf123456
perf_user_23905,perf123456
perf_user_23906,perf123456
perf_user_23907,perf123456
perf_user_23908,perf123456
perf_user_23909,perf123456
perf_user_23910,perf123456
perf_user_23911,perf123456
perf_user_23912,perf123456
perf_user_23913,perf123456
perf_user_23914,perf123456
perf_user_23915,perf123456
perf_user_23916,perf123456
perf_user_23917,perf123456
perf_user_23918,perf123456
perf_user_23919,perf123456
perf_user_23920,perf123456
perf_user_23921,perf123456
perf_user_23922,perf123456
perf_user_23923,perf123456
perf_user_23924,perf123456
perf_user_23925,perf123456
perf_user_23926,perf123456
perf_user_23927,perf123456
perf_user_23928,perf123456
perf_user_23929,perf123456
perf_user_23930,perf123456
perf_user_23931,perf123456
perf_user_23932,perf123456
perf_user_23933,perf123456
perf_user_23934,perf123456
perf_user_23935,perf123456
perf_user_23936,perf123456
perf_user_23937,perf123456
perf_user_23938,perf123456
perf_user_23939,perf123456
perf_user_23940,perf123456
perf_user_23941,perf123456
perf_user_23942,perf123456
perf_user_23943,perf123456
perf_user_23944,perf123456
perf_user_23945,perf123456
perf_user_23946,perf123456
perf_user_23947,perf123456
perf_user_23948,perf123456
perf_user_23949,perf123456
perf_user_23950,perf123456
perf_user_23951,perf123456
perf_user_23952,perf123456
perf_user_23953,perf123456
perf_user_23954,perf123456
perf_user_23955,perf123456
perf_user_23956,perf123456
perf_user_23957,perf123456
perf_user_23958,perf123456
perf_user_23959,perf123456
perf_user_23960,perf123456
perf_user_23961,perf123456
perf_user_23962,perf123456
perf_user_23963,perf123456
perf_user_23964,perf123456
perf_user_23965,perf123456
perf_user_23966,perf123456
perf_user_23967,perf123456
perf_user_23968,perf123456
perf_user_23969,perf123456
perf_user_23970,perf123456
perf_user_23971,perf123456
perf_user_23972,perf123456
perf_user_23973,perf123456
perf_user_23974,perf123456
perf_user_23975,perf123456
perf_user_23976,perf123456
perf_user_23977,perf123456
perf_user_23978,perf123456
perf_user_23979,perf123456
perf_user_23980,perf123456
perf_user_23981,perf123456
perf_user_23982,perf123456
perf_user_23983,perf123456
perf_user_23984,perf123456
perf_user_23985,perf123456
perf_user_23986,perf123456
perf_user_23987,perf123456
perf_user_23988,perf123456
perf_user_23989,perf123456
perf_user_23990,perf123456
perf_user_23991,perf123456
perf_user_23992,perf123456
perf_user_23993,perf123456
perf_user_23994,perf123456
perf_user_23995,perf123456
perf_user_23996,perf123456
perf_user_23997,perf123456
perf_user_23998,perf123456
perf_user_23999,perf123456
perf_user_24000,perf123456
perf_user_24001,perf123456
perf_user_24002,perf123456
perf_user_24003,perf123456
perf_user_24004,perf123456
perf_user_24005,perf123456
perf_user_24006,perf123456
perf_user_24007,perf123456
perf_user_24008,perf123456
perf_user_24009,perf123456
perf_user_24010,perf123456
perf_user_24011,perf123456
perf_user_24012,perf123456
perf_user_24013,perf123456
perf_user_24014,perf123456
perf_user_24015,perf123456
perf_user_24016,perf123456
perf_user_24017,perf123456
perf_user_24018,perf123456
perf_user_24019,perf123456
perf_user_24020,perf123456
perf_user_24021,perf123456
perf_user_24022,perf123456
perf_user_24023,perf123456
perf_user_24024,perf123456
perf_user_24025,perf123456
perf_user_24026,perf123456
perf_user_24027,perf123456
perf_user_24028,perf123456
perf_user_24029,perf123456
perf_user_24030,perf123456
perf_user_24031,perf123456
perf_user_24032,perf123456
perf_user_24033,perf123456
perf_user_24034,perf123456
perf_user_24035,perf123456
perf_user_24036,perf123456
perf_user_24037,perf123456
perf_user_24038,perf123456
perf_user_24039,perf123456
perf_user_24040,perf123456
perf_user_24041,perf123456
perf_user_24042,perf123456
perf_user_24043,perf123456
perf_user_24044,perf123456
perf_user_24045,perf123456
perf_user_24046,perf123456
perf_user_24047,perf123456
perf_user_24048,perf123456
perf_user_24049,perf123456
perf_user_24050,perf123456
perf_user_24051,perf123456
perf_user_24052,perf123456
perf_user_24053,perf123456
perf_user_24054,perf123456
perf_user_24055,perf123456
perf_user_24056,perf123456
perf_user_24057,perf123456
perf_user_24058,perf123456
perf_user_24059,perf123456
perf_user_24060,perf123456
perf_user_24061,perf123456
perf_user_24062,perf123456
perf_user_24063,perf123456
perf_user_24064,perf123456
perf_user_24065,perf123456
perf_user_24066,perf123456
perf_user_24067,perf123456
perf_user_24068,perf123456
perf_user_24069,perf123456
perf_user_24070,perf123456
perf_user_24071,perf123456
perf_user_24072,perf123456
perf_user_24073,perf123456
perf_user_24074,perf123456
perf_user_24075,perf123456
perf_user_24076,perf123456
perf_user_24077,perf123456
perf_user_24078,perf123456
perf_user_24079,perf123456
perf_user_24080,perf123456
perf_user_24081,perf123456
perf_user_24082,perf123456
perf_user_24083,perf123456
perf_user_24084,perf123456
perf_user_24085,perf123456
perf_user_24086,perf123456
perf_user_24087,perf123456
perf_user_24088,perf123456
perf_user_24089,perf123456
perf_user_24090,perf123456
perf_user_24091,perf123456
perf_user_24092,perf123456
perf_user_24093,perf123456
perf_user_24094,perf123456
perf_user_24095,perf123456
perf_user_24096,perf123456
perf_user_24097,perf123456
perf_user_24098,perf123456
perf_user_24099,perf123456
perf_user_24100,perf123456
perf_user_24101,perf123456
perf_user_24102,perf123456
perf_user_24103,perf123456
perf_user_24104,perf123456
perf_user_24105,perf123456
perf_user_24106,perf123456
perf_user_24107,perf123456
perf_user_24108,perf123456
perf_user_24109,perf123456
perf_user_24110,perf123456
perf_user_24111,perf123456
perf_user_24112,perf123456
perf_user_24113,perf123456
perf_user_24114,perf123456
perf_user_24115,perf123456
perf_user_24116,perf123456
perf_user_24117,perf123456
perf_user_24118,perf123456
perf_user_24119,perf123456
perf_user_24120,perf123456
perf_user_24121,perf123456
perf_user_24122,perf123456
perf_user_24123,perf123456
perf_user_24124,perf123456
perf_user_24125,perf123456
perf_user_24126,perf123456
perf_user_24127,perf123456
perf_user_24128,perf123456
perf_user_24129,perf123456
perf_user_24130,perf123456
perf_user_24131,perf123456
perf_user_24132,perf123456
perf_user_24133,perf123456
perf_user_24134,perf123456
perf_user_24135,perf123456
perf_user_24136,perf123456
perf_user_24137,perf123456
perf_user_24138,perf123456
perf_user_24139,perf123456
perf_user_24140,perf123456
perf_user_24141,perf123456
perf_user_24142,perf123456
perf_user_24143,perf123456
perf_user_24144,perf123456
perf_user_24145,perf123456
perf_user_24146,perf123456
perf_user_24147,perf123456
perf_user_24148,perf123456
perf_user_24149,perf123456
perf_user_24150,perf123456
perf_user_24151,perf123456
perf_user_24152,perf123456
perf_user_24153,perf123456
perf_user_24154,perf123456
perf_user_24155,perf123456
perf_user_24156,perf123456
perf_user_24157,perf123456
perf_user_24158,perf123456
perf_user_24159,perf123456
perf_user_24160,perf123456
perf_user_24161,perf123456
perf_user_24162,perf123456
perf_user_24163,perf123456
perf_user_24164,perf123456
perf_user_24165,perf123456
perf_user_24166,perf123456
perf_user_24167,perf123456
perf_user_24168,perf123456
perf_user_24169,perf123456
perf_user_24170,perf123456
perf_user_24171,perf123456
perf_user_24172,perf123456
perf_user_24173,perf123456
perf_user_24174,perf123456
perf_user_24175,perf123456
perf_user_24176,perf123456
perf_user_24177,perf123456
perf_user_24178,perf123456
perf_user_24179,perf123456
perf_user_24180,perf123456
perf_user_24181,perf123456
perf_user_24182,perf123456
perf_user_24183,perf123456
perf_user_24184,perf123456
perf_user_24185,perf123456
perf_user_24186,perf123456
perf_user_24187,perf123456
perf_user_24188,perf123456
perf_user_24189,perf123456
perf_user_24190,perf123456
perf_user_24191,perf123456
perf_user_24192,perf123456
perf_user_24193,perf123456
perf_user_24194,perf123456
perf_user_24195,perf123456
perf_user_24196,perf123456
perf_user_24197,perf123456
perf_user_24198,perf123456
perf_user_24199,perf123456
perf_user_24200,perf123456
perf_user_24201,perf123456
perf_user_24202,perf123456
perf_user_24203,perf123456
perf_user_24204,perf123456
perf_user_24205,perf123456
perf_user_24206,perf123456
perf_user_24207,perf123456
perf_user_24208,perf123456
perf_user_24209,perf123456
perf_user_24210,perf123456
perf_user_24211,perf123456
perf_user_24212,perf123456
perf_user_24213,perf123456
perf_user_24214,perf123456
perf_user_24215,perf123456
perf_user_24216,perf123456
perf_user_24217,perf123456
perf_user_24218,perf123456
perf_user_24219,perf123456
perf_user_24220,perf123456
perf_user_24221,perf123456
perf_user_24222,perf123456
perf_user_24223,perf123456
perf_user_24224,perf123456
perf_user_24225,perf123456
perf_user_24226,perf123456
perf_user_24227,perf123456
perf_user_24228,perf123456
perf_user_24229,perf123456
perf_user_24230,perf123456
perf_user_24231,perf123456
perf_user_24232,perf123456
perf_user_24233,perf123456
perf_user_24234,perf123456
perf_user_24235,perf123456
perf_user_24236,perf123456
perf_user_24237,perf123456
perf_user_24238,perf123456
perf_user_24239,perf123456
perf_user_24240,perf123456
perf_user_24241,perf123456
perf_user_24242,perf123456
perf_user_24243,perf123456
perf_user_24244,perf123456
perf_user_24245,perf123456
perf_user_24246,perf123456
perf_user_24247,perf123456
perf_user_24248,perf123456
perf_user_24249,perf123456
perf_user_24250,perf123456
perf_user_24251,perf123456
perf_user_24252,perf123456
perf_user_24253,perf123456
perf_user_24254,perf123456
perf_user_24255,perf123456
perf_user_24256,perf123456
perf_user_24257,perf123456
perf_user_24258,perf123456
perf_user_24259,perf123456
perf_user_24260,perf123456
perf_user_24261,perf123456
perf_user_24262,perf123456
perf_user_24263,perf123456
perf_user_24264,perf123456
perf_user_24265,perf123456
perf_user_24266,perf123456
perf_user_24267,perf123456
perf_user_24268,perf123456
perf_user_24269,perf123456
perf_user_24270,perf123456
perf_user_24271,perf123456
perf_user_24272,perf123456
perf_user_24273,perf123456
perf_user_24274,perf123456
perf_user_24275,perf123456
perf_user_24276,perf123456
perf_user_24277,perf123456
perf_user_24278,perf123456
perf_user_24279,perf123456
perf_user_24280,perf123456
perf_user_24281,perf123456
perf_user_24282,perf123456
perf_user_24283,perf123456
perf_user_24284,perf123456
perf_user_24285,perf123456
perf_user_24286,perf123456
perf_user_24287,perf123456
perf_user_24288,perf123456
perf_user_24289,perf123456
perf_user_24290,perf123456
perf_user_24291,perf123456
perf_user_24292,perf123456
perf_user_24293,perf123456
perf_user_24294,perf123456
perf_user_24295,perf123456
perf_user_24296,perf123456
perf_user_24297,perf123456
perf_user_24298,perf123456
perf_user_24299,perf123456
perf_user_24300,perf123456
perf_user_24301,perf123456
perf_user_24302,perf123456
perf_user_24303,perf123456
perf_user_24304,perf123456
perf_user_24305,perf123456
perf_user_24306,perf123456
perf_user_24307,perf123456
perf_user_24308,perf123456
perf_user_24309,perf123456
perf_user_24310,perf123456
perf_user_24311,perf123456
perf_user_24312,perf123456
perf_user_24313,perf123456
perf_user_24314,perf123456
perf_user_24315,perf123456
perf_user_24316,perf123456
perf_user_24317,perf123456
perf_user_24318,perf123456
perf_user_24319,perf123456
perf_user_24320,perf123456
perf_user_24321,perf123456
perf_user_24322,perf123456
perf_user_24323,perf123456
perf_user_24324,perf123456
perf_user_24325,perf123456
perf_user_24326,perf123456
perf_user_24327,perf123456
perf_user_24328,perf123456
perf_user_24329,perf123456
perf_user_24330,perf123456
perf_user_24331,perf123456
perf_user_24332,perf123456
perf_user_24333,perf123456
perf_user_24334,perf123456
perf_user_24335,perf123456
perf_user_24336,perf123456
perf_user_24337,perf123456
perf_user_24338,perf123456
perf_user_24339,perf123456
perf_user_24340,perf123456
perf_user_24341,perf123456
perf_user_24342,perf123456
perf_user_24343,perf123456
perf_user_24344,perf123456
perf_user_24345,perf123456
perf_user_24346,perf123456
perf_user_24347,perf123456
perf_user_24348,perf123456
perf_user_24349,perf123456
perf_user_24350,perf123456
perf_user_24351,perf123456
perf_user_24352,perf123456
perf_user_24353,perf123456
perf_user_24354,perf123456
perf_user_24355,perf123456
perf_user_24356,perf123456
perf_user_24357,perf123456
perf_user_24358,perf123456
perf_user_24359,perf123456
perf_user_24360,perf123456
perf_user_24361,perf123456
perf_user_24362,perf123456
perf_user_24363,perf123456
perf_user_24364,perf123456
perf_user_24365,perf123456
perf_user_24366,perf123456
perf_user_24367,perf123456
perf_user_24368,perf123456
perf_user_24369,perf123456
perf_user_24370,perf123456
perf_user_24371,perf123456
perf_user_24372,perf123456
perf_user_24373,perf123456
perf_user_24374,perf123456
perf_user_24375,perf123456
perf_user_24376,perf123456
perf_user_24377,perf123456
perf_user_24378,perf123456
perf_user_24379,perf123456
perf_user_24380,perf123456
perf_user_24381,perf123456
perf_user_24382,perf123456
perf_user_24383,perf123456
perf_user_24384,perf123456
perf_user_24385,perf123456
perf_user_24386,perf123456
perf_user_24387,perf123456
perf_user_24388,perf123456
perf_user_24389,perf123456
perf_user_24390,perf123456
perf_user_24391,perf123456
perf_user_24392,perf123456
perf_user_24393,perf123456
perf_user_24394,perf123456
perf_user_24395,perf123456
perf_user_24396,perf123456
perf_user_24397,perf123456
perf_user_24398,perf123456
perf_user_24399,perf123456
perf_user_24400,perf123456
perf_user_24401,perf123456
perf_user_24402,perf123456
perf_user_24403,perf123456
perf_user_24404,perf123456
perf_user_24405,perf123456
perf_user_24406,perf123456
perf_user_24407,perf123456
perf_user_24408,perf123456
perf_user_24409,perf123456
perf_user_24410,perf123456
perf_user_24411,perf123456
perf_user_24412,perf123456
perf_user_24413,perf123456
perf_user_24414,perf123456
perf_user_24415,perf123456
perf_user_24416,perf123456
perf_user_24417,perf123456
perf_user_24418,perf123456
perf_user_24419,perf123456
perf_user_24420,perf123456
perf_user_24421,perf123456
perf_user_24422,perf123456
perf_user_24423,perf123456
perf_user_24424,perf123456
perf_user_24425,perf123456
perf_user_24426,perf123456
perf_user_24427,perf123456
perf_user_24428,perf123456
perf_user_24429,perf123456
perf_user_24430,perf123456
perf_user_24431,perf123456
perf_user_24432,perf123456
perf_user_24433,perf123456
perf_user_24434,perf123456
perf_user_24435,perf123456
perf_user_24436,perf123456
perf_user_24437,perf123456
perf_user_24438,perf123456
perf_user_24439,perf123456
perf_user_24440,perf123456
perf_user_24441,perf123456
perf_user_24442,perf123456
perf_user_24443,perf123456
perf_user_24444,perf123456
perf_user_24445,perf123456
perf_user_24446,perf123456
perf_user_24447,perf123456
perf_user_24448,perf123456
perf_user_24449,perf123456
perf_user_24450,perf123456
perf_user_24451,perf123456
perf_user_24452,perf123456
perf_user_24453,perf123456
perf_user_24454,perf123456
perf_user_24455,perf123456
perf_user_24456,perf123456
perf_user_24457,perf123456
perf_user_24458,perf123456
perf_user_24459,perf123456
perf_user_24460,perf123456
perf_user_24461,perf123456
perf_user_24462,perf123456
perf_user_24463,perf123456
perf_user_24464,perf123456
perf_user_24465,perf123456
perf_user_24466,perf123456
perf_user_24467,perf123456
perf_user_24468,perf123456
perf_user_24469,perf123456
perf_user_24470,perf123456
perf_user_24471,perf123456
perf_user_24472,perf123456
perf_user_24473,perf123456
perf_user_24474,perf123456
perf_user_24475,perf123456
perf_user_24476,perf123456
perf_user_24477,perf123456
perf_user_24478,perf123456
perf_user_24479,perf123456
perf_user_24480,perf123456
perf_user_24481,perf123456
perf_user_24482,perf123456
perf_user_24483,perf123456
perf_user_24484,perf123456
perf_user_24485,perf123456
perf_user_24486,perf123456
perf_user_24487,perf123456
perf_user_24488,perf123456
perf_user_24489,perf123456
perf_user_24490,perf123456
perf_user_24491,perf123456
perf_user_24492,perf123456
perf_user_24493,perf123456
perf_user_24494,perf123456
perf_user_24495,perf123456
perf_user_24496,perf123456
perf_user_24497,perf123456
perf_user_24498,perf123456
perf_user_24499,perf123456
perf_user_24500,perf123456
perf_user_24501,perf123456
perf_user_24502,perf123456
perf_user_24503,perf123456
perf_user_24504,perf123456
perf_user_24505,perf123456
perf_user_24506,perf123456
perf_user_24507,perf123456
perf_user_24508,perf123456
perf_user_24509,perf123456
perf_user_24510,perf123456
perf_user_24511,perf123456
perf_user_24512,perf123456
perf_user_24513,perf123456
perf_user_24514,perf123456
perf_user_24515,perf123456
perf_user_24516,perf123456
perf_user_24517,perf123456
perf_user_24518,perf123456
perf_user_24519,perf123456
perf_user_24520,perf123456
perf_user_24521,perf123456
perf_user_24522,perf123456
perf_user_24523,perf123456
perf_user_24524,perf123456
perf_user_24525,perf123456
perf_user_24526,perf123456
perf_user_24527,perf123456
perf_user_24528,perf123456
perf_user_24529,perf123456
perf_user_24530,perf123456
perf_user_24531,perf123456
perf_user_24532,perf123456
perf_user_24533,perf123456
perf_user_24534,perf123456
perf_user_24535,perf123456
perf_user_24536,perf123456
perf_user_24537,perf123456
perf_user_24538,perf123456
perf_user_24539,perf123456
perf_user_24540,perf123456
perf_user_24541,perf123456
perf_user_24542,perf123456
perf_user_24543,perf123456
perf_user_24544,perf123456
perf_user_24545,perf123456
perf_user_24546,perf123456
perf_user_24547,perf123456
perf_user_24548,perf123456
perf_user_24549,perf123456
perf_user_24550,perf123456
perf_user_24551,perf123456
perf_user_24552,perf123456
perf_user_24553,perf123456
perf_user_24554,perf123456
perf_user_24555,perf123456
perf_user_24556,perf123456
perf_user_24557,perf123456
perf_user_24558,perf123456
perf_user_24559,perf123456
perf_user_24560,perf123456
perf_user_24561,perf123456
perf_user_24562,perf123456
perf_user_24563,perf123456
perf_user_24564,perf123456
perf_user_24565,perf123456
perf_user_24566,perf123456
perf_user_24567,perf123456
perf_user_24568,perf123456
perf_user_24569,perf123456
perf_user_24570,perf123456
perf_user_24571,perf123456
perf_user_24572,perf123456
perf_user_24573,perf123456
perf_user_24574,perf123456
perf_user_24575,perf123456
perf_user_24576,perf123456
perf_user_24577,perf123456
perf_user_24578,perf123456
perf_user_24579,perf123456
perf_user_24580,perf123456
perf_user_24581,perf123456
perf_user_24582,perf123456
perf_user_24583,perf123456
perf_user_24584,perf123456
perf_user_24585,perf123456
perf_user_24586,perf123456
perf_user_24587,perf123456
perf_user_24588,perf123456
perf_user_24589,perf123456
perf_user_24590,perf123456
perf_user_24591,perf123456
perf_user_24592,perf123456
perf_user_24593,perf123456
perf_user_24594,perf123456
perf_user_24595,perf123456
perf_user_24596,perf123456
perf_user_24597,perf123456
perf_user_24598,perf123456
perf_user_24599,perf123456
perf_user_24600,perf123456
perf_user_24601,perf123456
perf_user_24602,perf123456
perf_user_24603,perf123456
perf_user_24604,perf123456
perf_user_24605,perf123456
perf_user_24606,perf123456
perf_user_24607,perf123456
perf_user_24608,perf123456
perf_user_24609,perf123456
perf_user_24610,perf123456
perf_user_24611,perf123456
perf_user_24612,perf123456
perf_user_24613,perf123456
perf_user_24614,perf123456
perf_user_24615,perf123456
perf_user_24616,perf123456
perf_user_24617,perf123456
perf_user_24618,perf123456
perf_user_24619,perf123456
perf_user_24620,perf123456
perf_user_24621,perf123456
perf_user_24622,perf123456
perf_user_24623,perf123456
perf_user_24624,perf123456
perf_user_24625,perf123456
perf_user_24626,perf123456
perf_user_24627,perf123456
perf_user_24628,perf123456
perf_user_24629,perf123456
perf_user_24630,perf123456
perf_user_24631,perf123456
perf_user_24632,perf123456
perf_user_24633,perf123456
perf_user_24634,perf123456
perf_user_24635,perf123456
perf_user_24636,perf123456
perf_user_24637,perf123456
perf_user_24638,perf123456
perf_user_24639,perf123456
perf_user_24640,perf123456
perf_user_24641,perf123456
perf_user_24642,perf123456
perf_user_24643,perf123456
perf_user_24644,perf123456
perf_user_24645,perf123456
perf_user_24646,perf123456
perf_user_24647,perf123456
perf_user_24648,perf123456
perf_user_24649,perf123456
perf_user_24650,perf123456
perf_user_24651,perf123456
perf_user_24652,perf123456
perf_user_24653,perf123456
perf_user_24654,perf123456
perf_user_24655,perf123456
perf_user_24656,perf123456
perf_user_24657,perf123456
perf_user_24658,perf123456
perf_user_24659,perf123456
perf_user_24660,perf123456
perf_user_24661,perf123456
perf_user_24662,perf123456
perf_user_24663,perf123456
perf_user_24664,perf123456
perf_user_24665,perf123456
perf_user_24666,perf123456
perf_user_24667,perf123456
perf_user_24668,perf123456
perf_user_24669,perf123456
perf_user_24670,perf123456
perf_user_24671,perf123456
perf_user_24672,perf123456
perf_user_24673,perf123456
perf_user_24674,perf123456
perf_user_24675,perf123456
perf_user_24676,perf123456
perf_user_24677,perf123456
perf_user_24678,perf123456
perf_user_24679,perf123456
perf_user_24680,perf123456
perf_user_24681,perf123456
perf_user_24682,perf123456
perf_user_24683,perf123456
perf_user_24684,perf123456
perf_user_24685,perf123456
perf_user_24686,perf123456
perf_user_24687,perf123456
perf_user_24688,perf123456
perf_user_24689,perf123456
perf_user_24690,perf123456
perf_user_24691,perf123456
perf_user_24692,perf123456
perf_user_24693,perf123456
perf_user_24694,perf123456
perf_user_24695,perf123456
perf_user_24696,perf123456
perf_user_24697,perf123456
perf_user_24698,perf123456
perf_user_24699,perf123456
perf_user_24700,perf123456
perf_user_24701,perf123456
perf_user_24702,perf123456
perf_user_24703,perf123456
perf_user_24704,perf123456
perf_user_24705,perf123456
perf_user_24706,perf123456
perf_user_24707,perf123456
perf_user_24708,perf123456
perf_user_24709,perf123456
perf_user_24710,perf123456
perf_user_24711,perf123456
perf_user_24712,perf123456
perf_user_24713,perf123456
perf_user_24714,perf123456
perf_user_24715,perf123456
perf_user_24716,perf123456
perf_user_24717,perf123456
perf_user_24718,perf123456
perf_user_24719,perf123456
perf_user_24720,perf123456
perf_user_24721,perf123456
perf_user_24722,perf123456
perf_user_24723,perf123456
perf_user_24724,perf123456
perf_user_24725,perf123456
perf_user_24726,perf123456
perf_user_24727,perf123456
perf_user_24728,perf123456
perf_user_24729,perf123456
perf_user_24730,perf123456
perf_user_24731,perf123456
perf_user_24732,perf123456
perf_user_24733,perf123456
perf_user_24734,perf123456
perf_user_24735,perf123456
perf_user_24736,perf123456
perf_user_24737,perf123456
perf_user_24738,perf123456
perf_user_24739,perf123456
perf_user_24740,perf123456
perf_user_24741,perf123456
perf_user_24742,perf123456
perf_user_24743,perf123456
perf_user_24744,perf123456
perf_user_24745,perf123456
perf_user_24746,perf123456
perf_user_24747,perf123456
perf_user_24748,perf123456
perf_user_24749,perf123456
perf_user_24750,perf123456
perf_user_24751,perf123456
perf_user_24752,perf123456
perf_user_24753,perf123456
perf_user_24754,perf123456
perf_user_24755,perf123456
perf_user_24756,perf123456
perf_user_24757,perf123456
perf_user_24758,perf123456
perf_user_24759,perf123456
perf_user_24760,perf123456
perf_user_24761,perf123456
perf_user_24762,perf123456
perf_user_24763,perf123456
perf_user_24764,perf123456
perf_user_24765,perf123456
perf_user_24766,perf123456
perf_user_24767,perf123456
perf_user_24768,perf123456
perf_user_24769,perf123456
perf_user_24770,perf123456
perf_user_24771,perf123456
perf_user_24772,perf123456
perf_user_24773,perf123456
perf_user_24774,perf123456
perf_user_24775,perf123456
perf_user_24776,perf123456
perf_user_24777,perf123456
perf_user_24778,perf123456
perf_user_24779,perf123456
perf_user_24780,perf123456
perf_user_24781,perf123456
perf_user_24782,perf123456
perf_user_24783,perf123456
perf_user_24784,perf123456
perf_user_24785,perf123456
perf_user_24786,perf123456
perf_user_24787,perf123456
perf_user_24788,perf123456
perf_user_24789,perf123456
perf_user_24790,perf123456
perf_user_24791,perf123456
perf_user_24792,perf123456
perf_user_24793,perf123456
perf_user_24794,perf123456
perf_user_24795,perf123456
perf_user_24796,perf123456
perf_user_24797,perf123456
perf_user_24798,perf123456
perf_user_24799,perf123456
perf_user_24800,perf123456
perf_user_24801,perf123456
perf_user_24802,perf123456
perf_user_24803,perf123456
perf_user_24804,perf123456
perf_user_24805,perf123456
perf_user_24806,perf123456
perf_user_24807,perf123456
perf_user_24808,perf123456
perf_user_24809,perf123456
perf_user_24810,perf123456
perf_user_24811,perf123456
perf_user_24812,perf123456
perf_user_24813,perf123456
perf_user_24814,perf123456
perf_user_24815,perf123456
perf_user_24816,perf123456
perf_user_24817,perf123456
perf_user_24818,perf123456
perf_user_24819,perf123456
perf_user_24820,perf123456
perf_user_24821,perf123456
perf_user_24822,perf123456
perf_user_24823,perf123456
perf_user_24824,perf123456
perf_user_24825,perf123456
perf_user_24826,perf123456
perf_user_24827,perf123456
perf_user_24828,perf123456
perf_user_24829,perf123456
perf_user_24830,perf123456
perf_user_24831,perf123456
perf_user_24832,perf123456
perf_user_24833,perf123456
perf_user_24834,perf123456
perf_user_24835,perf123456
perf_user_24836,perf123456
perf_user_24837,perf123456
perf_user_24838,perf123456
perf_user_24839,perf123456
perf_user_24840,perf123456
perf_user_24841,perf123456
perf_user_24842,perf123456
perf_user_24843,perf123456
perf_user_24844,perf123456
perf_user_24845,perf123456
perf_user_24846,perf123456
perf_user_24847,perf123456
perf_user_24848,perf123456
perf_user_24849,perf123456
perf_user_24850,perf123456
perf_user_24851,perf123456
perf_user_24852,perf123456
perf_user_24853,perf123456
perf_user_24854,perf123456
perf_user_24855,perf123456
perf_user_24856,perf123456
perf_user_24857,perf123456
perf_user_24858,perf123456
perf_user_24859,perf123456
perf_user_24860,perf123456
perf_user_24861,perf123456
perf_user_24862,perf123456
perf_user_24863,perf123456
perf_user_24864,perf123456
perf_user_24865,perf123456
perf_user_24866,perf123456
perf_user_24867,perf123456
perf_user_24868,perf123456
perf_user_24869,perf123456
perf_user_24870,perf123456
perf_user_24871,perf123456
perf_user_24872,perf123456
perf_user_24873,perf123456
perf_user_24874,perf123456
perf_user_24875,perf123456
perf_user_24876,perf123456
perf_user_24877,perf123456
perf_user_24878,perf123456
perf_user_24879,perf123456
perf_user_24880,perf123456
perf_user_24881,perf123456
perf_user_24882,perf123456
perf_user_24883,perf123456
perf_user_24884,perf123456
perf_user_24885,perf123456
perf_user_24886,perf123456
perf_user_24887,perf123456
perf_user_24888,perf123456
perf_user_24889,perf123456
perf_user_24890,perf123456
perf_user_24891,perf123456
perf_user_24892,perf123456
perf_user_24893,perf123456
perf_user_24894,perf123456
perf_user_24895,perf123456
perf_user_24896,perf123456
perf_user_24897,perf123456
perf_user_24898,perf123456
perf_user_24899,perf123456
perf_user_24900,perf123456
perf_user_24901,perf123456
perf_user_24902,perf123456
perf_user_24903,perf123456
perf_user_24904,perf123456
perf_user_24905,perf123456
perf_user_24906,perf123456
perf_user_24907,perf123456
perf_user_24908,perf123456
perf_user_24909,perf123456
perf_user_24910,perf123456
perf_user_24911,perf123456
perf_user_24912,perf123456
perf_user_24913,perf123456
perf_user_24914,perf123456
perf_user_24915,perf123456
perf_user_24916,perf123456
perf_user_24917,perf123456
perf_user_24918,perf123456
perf_user_24919,perf123456
perf_user_24920,perf123456
perf_user_24921,perf123456
perf_user_24922,perf123456
perf_user_24923,perf123456
perf_user_24924,perf123456
perf_user_24925,perf123456
perf_user_24926,perf123456
perf_user_24927,perf123456
perf_user_24928,perf123456
perf_user_24929,perf123456
perf_user_24930,perf123456
perf_user_24931,perf123456
perf_user_24932,perf123456
perf_user_24933,perf123456
perf_user_24934,perf123456
perf_user_24935,perf123456
perf_user_24936,perf123456
perf_user_24937,perf123456
perf_user_24938,perf123456
perf_user_24939,perf123456
perf_user_24940,perf123456
perf_user_24941,perf123456
perf_user_24942,perf123456
perf_user_24943,perf123456
perf_user_24944,perf123456
perf_user_24945,perf123456
perf_user_24946,perf123456
perf_user_24947,perf123456
perf_user_24948,perf123456
perf_user_24949,perf123456
perf_user_24950,perf123456
perf_user_24951,perf123456
perf_user_24952,perf123456
perf_user_24953,perf123456
perf_user_24954,perf123456
perf_user_24955,perf123456
perf_user_24956,perf123456
perf_user_24957,perf123456
perf_user_24958,perf123456
perf_user_24959,perf123456
perf_user_24960,perf123456
perf_user_24961,perf123456
perf_user_24962,perf123456
perf_user_24963,perf123456
perf_user_24964,perf123456
perf_user_24965,perf123456
perf_user_24966,perf123456
perf_user_24967,perf123456
perf_user_24968,perf123456
perf_user_24969,perf123456
perf_user_24970,perf123456
perf_user_24971,perf123456
perf_user_24972,perf123456
perf_user_24973,perf123456
perf_user_24974,perf123456
perf_user_24975,perf123456
perf_user_24976,perf123456
perf_user_24977,perf123456
perf_user_24978,perf123456
perf_user_24979,perf123456
perf_user_24980,perf123456
perf_user_24981,perf123456
perf_user_24982,perf123456
perf_user_24983,perf123456
perf_user_24984,perf123456
perf_user_24985,perf123456
perf_user_24986,perf123456
perf_user_24987,perf123456
perf_user_24988,perf123456
perf_user_24989,perf123456
perf_user_24990,perf123456
perf_user_24991,perf123456
perf_user_24992,perf123456
perf_user_24993,perf123456
perf_user_24994,perf123456
perf_user_24995,perf123456
perf_user_24996,perf123456
perf_user_24997,perf123456
perf_user_24998,perf123456
perf_user_24999,perf123456
